selection_method,all_sku_count,valid_positive_sku_count,under_50_skus,under_70_skus,under_100_skus,under_50_share,under_70_share,median_sku_block_wmape,p75_sku_block_wmape,median_sku_block_mase,portfolio_block_wmape,actual_total,forecast_total,bias_pct,decision
12 development-trained router,650,602,60,168,326,0.09966777408637874,0.27906976744186046,93.2176031849601,103.03203966199666,0.3648277521133423,87.28565543648162,8336.0,5710.805369698091,-31.492258041049766,rejected_challenger
11 per-SKU development average,650,602,61,178,354,0.10132890365448505,0.2956810631229236,85.05420735667622,117.5214927829802,0.3922357034276832,97.91266500312798,8336.0,6847.909590889429,-17.85137247013641,retained_champion
