policy,required,horizon_months,gap_months,holdout_fold_id,all_sku_count,valid_positive_sku_count,under_50_skus,under_70_skus,under_100_skus,under_50_share,under_70_share,median_sku_block_wmape,p75_sku_block_wmape,median_sku_block_mase,portfolio_block_wmape,actual_total,forecast_total,bias_pct,monthly_rolling_valid_skus,monthly_rolling_under_50_skus,monthly_rolling_under_70_skus,monthly_rolling_under_100_skus,monthly_rolling_median_wmape,zero_audit_under_50_skus,zero_audit_under_70_skus,zero_audit_portfolio_wmape
diagnostic_9m_gap3,False,9,3,1,672,541,95,200,308,0.1756007393715342,0.36968576709796674,86.39139235019684,138.8247013092041,0.4316503152702794,84.75606200530015,4520.0,4219.188631943103,-6.655118762320725,541,6,27,144,109.76446370283763,0,0,100.0
diagnostic_9m_gap1,False,9,1,1,684,553,93,199,320,0.16817359855334538,0.35985533453887886,86.5638187953404,126.0125732421875,0.4268112218602985,82.02675600417794,4707.0,4168.863532030484,-11.432684681740305,553,5,31,146,108.67098803000174,0,0,100.0
diagnostic_9m_gap6,False,9,6,1,667,536,84,190,335,0.15671641791044777,0.35447761194029853,81.9829601262297,133.57328523281603,0.36820562653133226,82.04583695594751,4409.0,3360.2986263328257,-23.785470031008714,536,4,18,145,107.91420685522485,0,0,100.0
diagnostic_18m_gap6,False,18,6,1,641,593,66,180,345,0.11129848229342328,0.30354131534569984,89.52108383178711,121.38018131256104,0.3490590376513345,79.74221500854023,8135.0,5828.166246101651,-28.356899248904103,593,0,4,128,108.38074505329132,0,0,100.0
diagnostic_18m_gap1,False,18,1,1,658,610,61,183,337,0.1,0.3,91.1268259097084,110.51742860840427,0.378113329410553,82.41129671463558,8509.0,5532.471238503835,-34.980946779835065,610,0,6,125,106.3888667659326,0,0,100.0
required_18m_gap3,True,18,3,1,650,602,61,178,354,0.10132890365448505,0.2956810631229236,85.05420735667622,117.5214927829802,0.3922357034276832,97.91266500312798,8336.0,6847.909590889429,-17.85137247013641,602,0,6,126,108.23646501407154,0,0,100.0
