model,demand_type,eval_month,sku_id,actual_demand,forecast_demand,absolute_error
chronos_2_erratic_features_plus_external,erratic,2024-10-01,0911912012000,31.0,35.384891510009766,4.384891510009766
chronos_2_erratic_features_plus_external,erratic,2024-10-01,09140M12040000,1.0,21.642383575439453,20.642383575439453
chronos_2_erratic_features_plus_external,erratic,2024-10-01,0915912057000,10.0,2.1745426654815674,7.825457334518433
chronos_2_erratic_features_plus_external,erratic,2024-10-01,09209M09L02000,6.0,10.662365913391113,4.662365913391113
chronos_2_erratic_features_plus_external,erratic,2024-10-01,0924616021000,11.0,1.5689349174499512,9.431065082550049
chronos_2_erratic_features_plus_external,erratic,2024-10-01,0928335052000,1.0,4.6458611488342285,3.6458611488342285
chronos_2_erratic_features_plus_external,erratic,2024-10-01,0928348007000,4.0,12.361823081970215,8.361823081970215
chronos_2_erratic_features_plus_external,erratic,2024-10-01,0940907340000,45.0,55.37995910644531,10.379959106445312
chronos_2_erratic_features_plus_external,erratic,2024-10-01,09409M07355000,36.0,7.081110000610352,28.91888999938965
chronos_2_erratic_features_plus_external,erratic,2024-10-01,09409M08006000,0.0,114.2872543334961,114.2872543334961
chronos_2_erratic_features_plus_external,erratic,2024-10-01,09409M10L04000,0.0,44.13364791870117,44.13364791870117
chronos_2_erratic_features_plus_external,erratic,2024-10-01,11610M53M00000,6.0,4.083996295928955,1.916003704071045
chronos_2_erratic_features_plus_external,erratic,2024-10-01,11610M68K03000,4.0,1.1164352893829346,2.8835647106170654
chronos_2_erratic_features_plus_external,erratic,2024-10-01,11620M53M00000,4.0,3.155012369155884,0.8449876308441162
chronos_2_erratic_features_plus_external,erratic,2024-10-01,11710M53M00000,7.0,4.361482620239258,2.638517379760742
chronos_2_erratic_features_plus_external,erratic,2024-10-01,17100M62S00000,3.0,2.0158326625823975,0.9841673374176025
chronos_2_erratic_features_plus_external,erratic,2024-10-01,17213M76M00000,3.0,3.016813039779663,0.016813039779663086
chronos_2_erratic_features_plus_external,erratic,2024-10-01,17214M76M10000,1.0,1.0457252264022827,0.045725226402282715
chronos_2_erratic_features_plus_external,erratic,2024-10-01,17700M53M20000,4.0,2.6887645721435547,1.3112354278564453
chronos_2_erratic_features_plus_external,erratic,2024-10-01,17700M76M10000,4.0,2.4812369346618652,1.5187630653381348
chronos_2_erratic_features_plus_external,erratic,2024-10-01,17700M83P00000,1.0,1.6839981079101562,0.6839981079101562
chronos_2_erratic_features_plus_external,erratic,2024-10-01,3512065J32000,1.0,3.9475197792053223,2.9475197792053223
chronos_2_erratic_features_plus_external,erratic,2024-10-01,3512071L20000,1.0,2.7215797901153564,1.7215797901153564
chronos_2_erratic_features_plus_external,erratic,2024-10-01,35120M68K20000,0.0,1.3213274478912354,1.3213274478912354
chronos_2_erratic_features_plus_external,erratic,2024-10-01,35121M53MB0000,4.0,1.4836249351501465,2.5163750648498535
chronos_2_erratic_features_plus_external,erratic,2024-10-01,35121M60M10000,2.0,1.0250422954559326,0.9749577045440674
chronos_2_erratic_features_plus_external,erratic,2024-10-01,35121M62S30000,5.0,8.482336044311523,3.4823360443115234
chronos_2_erratic_features_plus_external,erratic,2024-10-01,35121M67P10000,1.0,1.9168610572814941,0.9168610572814941
chronos_2_erratic_features_plus_external,erratic,2024-10-01,35121M74L01000,14.0,8.057555198669434,5.942444801330566
chronos_2_erratic_features_plus_external,erratic,2024-10-01,35121M76M50000,3.0,4.877452373504639,1.8774523735046387
chronos_2_erratic_features_plus_external,erratic,2024-10-01,35153M59K10000,0.0,1.6335301399230957,1.6335301399230957
chronos_2_erratic_features_plus_external,erratic,2024-10-01,35300M74TB1000,4.0,0.7460599541664124,3.2539400458335876
chronos_2_erratic_features_plus_external,erratic,2024-10-01,3532064J31000,4.0,1.2661412954330444,2.7338587045669556
chronos_2_erratic_features_plus_external,erratic,2024-10-01,3532065J32000,0.0,5.3168253898620605,5.3168253898620605
chronos_2_erratic_features_plus_external,erratic,2024-10-01,3532071L20000,0.0,0.9017620086669922,0.9017620086669922
chronos_2_erratic_features_plus_external,erratic,2024-10-01,3532079P30000,5.0,1.842946171760559,3.157053828239441
chronos_2_erratic_features_plus_external,erratic,2024-10-01,35321M53MB0000,7.0,5.129483699798584,1.870516300201416
chronos_2_erratic_features_plus_external,erratic,2024-10-01,35321M55T53000,2.0,3.7156198024749756,1.7156198024749756
chronos_2_erratic_features_plus_external,erratic,2024-10-01,35321M67P10000,2.0,1.5961034297943115,0.4038965702056885
chronos_2_erratic_features_plus_external,erratic,2024-10-01,35321M68K21000,3.0,0.2576786279678345,2.7423213720321655
chronos_2_erratic_features_plus_external,erratic,2024-10-01,35321M74L01000,7.0,2.0613341331481934,4.938665866851807
chronos_2_erratic_features_plus_external,erratic,2024-10-01,35321M76M50000,5.0,5.540017127990723,0.5400171279907227
chronos_2_erratic_features_plus_external,erratic,2024-10-01,3550054P01000,1.0,1.408689022064209,0.408689022064209
chronos_2_erratic_features_plus_external,erratic,2024-10-01,35501M67P00000,3.0,1.2478468418121338,1.7521531581878662
chronos_2_erratic_features_plus_external,erratic,2024-10-01,3565064J21000,1.0,1.7931667566299438,0.7931667566299438
chronos_2_erratic_features_plus_external,erratic,2024-10-01,3565065J21000,12.0,3.2005603313446045,8.799439668655396
chronos_2_erratic_features_plus_external,erratic,2024-10-01,3565077R00000,3.0,3.44800066947937,0.4480006694793701
chronos_2_erratic_features_plus_external,erratic,2024-10-01,3565079P00000,1.0,1.922368049621582,0.922368049621582
chronos_2_erratic_features_plus_external,erratic,2024-10-01,35650M53M00000,1.0,5.024747848510742,4.024747848510742
chronos_2_erratic_features_plus_external,erratic,2024-10-01,35650M66L00000,5.0,1.3249289989471436,3.6750710010528564
chronos_2_erratic_features_plus_external,erratic,2024-10-01,35650M67P00000,0.0,2.74922776222229,2.74922776222229
chronos_2_erratic_features_plus_external,erratic,2024-10-01,35650M74L00000,4.0,6.391539573669434,2.3915395736694336
chronos_2_erratic_features_plus_external,erratic,2024-10-01,35651M68K00000,1.0,0.34848999977111816,0.6515100002288818
chronos_2_erratic_features_plus_external,erratic,2024-10-01,35651M75L00000,1.0,2.668621301651001,1.668621301651001
chronos_2_erratic_features_plus_external,erratic,2024-10-01,35651M76M00000,3.0,0.0,3.0
chronos_2_erratic_features_plus_external,erratic,2024-10-01,3567060K00000,1.0,0.2276906967163086,0.7723093032836914
chronos_2_erratic_features_plus_external,erratic,2024-10-01,3567061M10000,4.0,1.990900993347168,2.009099006652832
chronos_2_erratic_features_plus_external,erratic,2024-10-01,3567064J20000,2.0,4.368135452270508,2.368135452270508
chronos_2_erratic_features_plus_external,erratic,2024-10-01,3567071L00000,2.0,0.8992040157318115,1.1007959842681885
chronos_2_erratic_features_plus_external,erratic,2024-10-01,3567079P00000,1.0,1.970872402191162,0.9708724021911621
chronos_2_erratic_features_plus_external,erratic,2024-10-01,35670M74L00000,9.0,7.5053486824035645,1.4946513175964355
chronos_2_erratic_features_plus_external,erratic,2024-10-01,35671M68K00000,1.0,1.060278296470642,0.06027829647064209
chronos_2_erratic_features_plus_external,erratic,2024-10-01,35671M75L00000,5.0,3.032925605773926,1.9670743942260742
chronos_2_erratic_features_plus_external,erratic,2024-10-01,35750M53M00000,5.0,5.684207916259766,0.6842079162597656
chronos_2_erratic_features_plus_external,erratic,2024-10-01,35750M66L00000,2.0,0.2569267749786377,1.7430732250213623
chronos_2_erratic_features_plus_external,erratic,2024-10-01,35750M67P00000,0.0,3.6513051986694336,3.6513051986694336
chronos_2_erratic_features_plus_external,erratic,2024-10-01,3591075F12000,2.0,0.3654780387878418,1.6345219612121582
chronos_2_erratic_features_plus_external,erratic,2024-10-01,36250M74T15000,3.0,0.6147465705871582,2.385253429412842
chronos_2_erratic_features_plus_external,erratic,2024-10-01,3625479P01000,4.0,0.9117327928543091,3.088267207145691
chronos_2_erratic_features_plus_external,erratic,2024-10-01,3625486R20000,1.0,0.9745082855224609,0.025491714477539062
chronos_2_erratic_features_plus_external,erratic,2024-10-01,36410M67K00000,10.0,3.8914828300476074,6.108517169952393
chronos_2_erratic_features_plus_external,erratic,2024-10-01,38450M68K00000,1.0,0.02271437644958496,0.977285623550415
chronos_2_erratic_features_plus_external,erratic,2024-10-01,38450M74L10000,3.0,5.963780879974365,2.9637808799743652
chronos_2_erratic_features_plus_external,erratic,2024-10-01,38450M76M00000,2.0,3.273977279663086,1.273977279663086
chronos_2_erratic_features_plus_external,erratic,2024-10-01,38453M75000000,1.0,1.9275949001312256,0.9275949001312256
chronos_2_erratic_features_plus_external,erratic,2024-10-01,3925164J00000,11.0,1.461014747619629,9.538985252380371
chronos_2_erratic_features_plus_external,erratic,2024-10-01,3932152R00000,2.0,1.1074419021606445,0.8925580978393555
chronos_2_erratic_features_plus_external,erratic,2024-10-01,39321M62S10000,6.0,2.8998396396636963,3.1001603603363037
chronos_2_erratic_features_plus_external,erratic,2024-10-01,3932252R00000,2.0,1.1074419021606445,0.8925580978393555
chronos_2_erratic_features_plus_external,erratic,2024-10-01,41710M74L00000,3.0,2.749288558959961,0.25071144104003906
chronos_2_erratic_features_plus_external,erratic,2024-10-01,4243163J10000,35.0,9.132244110107422,25.867755889892578
chronos_2_erratic_features_plus_external,erratic,2024-10-01,4321078R010BK,1.0,2.184234142303467,1.1842341423034668
chronos_2_erratic_features_plus_external,erratic,2024-10-01,43210M55T5027N,3.0,1.285567283630371,1.714432716369629
chronos_2_erratic_features_plus_external,erratic,2024-10-01,43210M55T60QC8,7.0,5.099691867828369,1.9003081321716309
chronos_2_erratic_features_plus_external,erratic,2024-10-01,43210M68P1009L,0.0,1.7015573978424072,1.7015573978424072
chronos_2_erratic_features_plus_external,erratic,2024-10-01,43210M68P60ZMQ,10.0,6.593894958496094,3.4061050415039062
chronos_2_erratic_features_plus_external,erratic,2024-10-01,43210M79G5309L,7.0,3.0045909881591797,3.9954090118408203
chronos_2_erratic_features_plus_external,erratic,2024-10-01,43250M62S0027N,17.0,10.120126724243164,6.879873275756836
chronos_2_erratic_features_plus_external,erratic,2024-10-01,43250M67K0027N,12.0,12.013164520263672,0.013164520263671875
chronos_2_erratic_features_plus_external,erratic,2024-10-01,43250M81R1027N,0.0,4.97471809387207,4.97471809387207
chronos_2_erratic_features_plus_external,erratic,2024-10-01,43250M83P0027N,11.0,6.525543689727783,4.474456310272217
chronos_2_erratic_features_plus_external,erratic,2024-10-01,4325283S000PG,1.0,3.455845832824707,2.455845832824707
chronos_2_erratic_features_plus_external,erratic,2024-10-01,43252M67L00AQY,6.0,5.848243236541748,0.15175676345825195
chronos_2_erratic_features_plus_external,erratic,2024-10-01,48150M68P10C48,0.0,2.265312433242798,2.265312433242798
chronos_2_erratic_features_plus_external,erratic,2024-10-01,5730065811000,2.0,0.8046191930770874,1.1953808069229126
chronos_2_erratic_features_plus_external,erratic,2024-10-01,57300M53M00000,0.0,2.3792221546173096,2.3792221546173096
chronos_2_erratic_features_plus_external,erratic,2024-10-01,57300M67P00000,0.0,2.0420103073120117,2.0420103073120117
chronos_2_erratic_features_plus_external,erratic,2024-10-01,57300M74L00000,3.0,4.959745407104492,1.9597454071044922
chronos_2_erratic_features_plus_external,erratic,2024-10-01,57300M76M00000,7.0,2.8397512435913086,4.160248756408691
chronos_2_erratic_features_plus_external,erratic,2024-10-01,57410M62S00000,3.0,1.1434762477874756,1.8565237522125244
chronos_2_erratic_features_plus_external,erratic,2024-10-01,57410M74L00000,1.0,2.80892014503479,1.80892014503479
chronos_2_erratic_features_plus_external,erratic,2024-10-01,57410M76M00000,2.0,1.6147679090499878,0.3852320909500122
chronos_2_erratic_features_plus_external,erratic,2024-10-01,57410M79G00000,2.0,0.28899407386779785,1.7110059261322021
chronos_2_erratic_features_plus_external,erratic,2024-10-01,5742054P00000,2.0,1.0153295993804932,0.9846704006195068
chronos_2_erratic_features_plus_external,erratic,2024-10-01,57420M62S00000,3.0,2.40522837638855,0.5947716236114502
chronos_2_erratic_features_plus_external,erratic,2024-10-01,57420M67P00000,1.0,1.496284008026123,0.49628400802612305
chronos_2_erratic_features_plus_external,erratic,2024-10-01,57420M74L00000,1.0,3.4148108959198,2.4148108959198
chronos_2_erratic_features_plus_external,erratic,2024-10-01,57420M76M00000,2.0,1.7791376113891602,0.22086238861083984
chronos_2_erratic_features_plus_external,erratic,2024-10-01,57420M79G00000,0.0,1.9399415254592896,1.9399415254592896
chronos_2_erratic_features_plus_external,erratic,2024-10-01,5761065J10000,4.0,4.419856548309326,0.41985654830932617
chronos_2_erratic_features_plus_external,erratic,2024-10-01,5761154P00000,0.0,3.420226573944092,3.420226573944092
chronos_2_erratic_features_plus_external,erratic,2024-10-01,57611M53M00000,0.0,1.6272286176681519,1.6272286176681519
chronos_2_erratic_features_plus_external,erratic,2024-10-01,57611M55T00000,11.0,2.5935440063476562,8.406455993652344
chronos_2_erratic_features_plus_external,erratic,2024-10-01,57611M67P01000,1.0,2.2907862663269043,1.2907862663269043
chronos_2_erratic_features_plus_external,erratic,2024-10-01,5771065J10000,0.0,1.20857834815979,1.20857834815979
chronos_2_erratic_features_plus_external,erratic,2024-10-01,57711M53M00000,1.0,0.7701297998428345,0.22987020015716553
chronos_2_erratic_features_plus_external,erratic,2024-10-01,57711M67P01000,3.0,2.2941770553588867,0.7058229446411133
chronos_2_erratic_features_plus_external,erratic,2024-10-01,57711M68K10000,3.0,2.0929102897644043,0.9070897102355957
chronos_2_erratic_features_plus_external,erratic,2024-10-01,57711M71P00000,4.0,4.036118507385254,0.036118507385253906
chronos_2_erratic_features_plus_external,erratic,2024-10-01,57711M76M00000,6.0,4.424706935882568,1.5752930641174316
chronos_2_erratic_features_plus_external,erratic,2024-10-01,58121M53M00000,4.0,1.928248405456543,2.071751594543457
chronos_2_erratic_features_plus_external,erratic,2024-10-01,58200M80T00000,1.0,0.0,1.0
chronos_2_erratic_features_plus_external,erratic,2024-10-01,5823052R00000,0.0,1.5202133655548096,1.5202133655548096
chronos_2_erratic_features_plus_external,erratic,2024-10-01,58230M53M00000,1.0,0.7244347333908081,0.2755652666091919
chronos_2_erratic_features_plus_external,erratic,2024-10-01,58230M62S00000,2.0,3.8671624660491943,1.8671624660491943
chronos_2_erratic_features_plus_external,erratic,2024-10-01,58230M68K01000,0.0,0.9873906373977661,0.9873906373977661
chronos_2_erratic_features_plus_external,erratic,2024-10-01,5826077K00000,4.0,1.5451806783676147,2.4548193216323853
chronos_2_erratic_features_plus_external,erratic,2024-10-01,58270M68K00000,3.0,1.597509503364563,1.402490496635437
chronos_2_erratic_features_plus_external,erratic,2024-10-01,58270M76M01000,1.0,3.9559779167175293,2.9559779167175293
chronos_2_erratic_features_plus_external,erratic,2024-10-01,58280M68K00000,0.0,1.6378237009048462,1.6378237009048462
chronos_2_erratic_features_plus_external,erratic,2024-10-01,58811M78R00000,1.0,0.0,1.0
chronos_2_erratic_features_plus_external,erratic,2024-10-01,65500M55T10000,0.0,3.9585154056549072,3.9585154056549072
chronos_2_erratic_features_plus_external,erratic,2024-10-01,65561M74L00000,2.0,3.3117125034332275,1.3117125034332275
chronos_2_erratic_features_plus_external,erratic,2024-10-01,68001M55T20000,1.0,1.403393268585205,0.4033932685852051
chronos_2_erratic_features_plus_external,erratic,2024-10-01,68001M62S12000,1.0,1.0656042098999023,0.06560420989990234
chronos_2_erratic_features_plus_external,erratic,2024-10-01,68002M55T20000,2.0,1.8508410453796387,0.14915895462036133
chronos_2_erratic_features_plus_external,erratic,2024-10-01,69100M53M00000,3.0,2.739396810531616,0.2606031894683838
chronos_2_erratic_features_plus_external,erratic,2024-10-01,69100M67P10000,0.0,0.21858161687850952,0.21858161687850952
chronos_2_erratic_features_plus_external,erratic,2024-10-01,7171064R00ZQ4,3.0,4.437082767486572,1.4370827674865723
chronos_2_erratic_features_plus_external,erratic,2024-10-01,7171154L10799,1.0,0.8472530841827393,0.15274691581726074
chronos_2_erratic_features_plus_external,erratic,2024-10-01,7171161P00799,3.0,5.666754722595215,2.666754722595215
chronos_2_erratic_features_plus_external,erratic,2024-10-01,7171178R015PK,1.0,3.5326132774353027,2.5326132774353027
chronos_2_erratic_features_plus_external,erratic,2024-10-01,7171179P00799,2.0,2.515639305114746,0.5156393051147461
chronos_2_erratic_features_plus_external,erratic,2024-10-01,71711M53MA05PK,3.0,0.31341618299484253,2.6865838170051575
chronos_2_erratic_features_plus_external,erratic,2024-10-01,71711M53MA0799,1.0,1.7847213745117188,0.7847213745117188
chronos_2_erratic_features_plus_external,erratic,2024-10-01,71711M53MB05PK,1.0,1.17451810836792,0.17451810836791992
chronos_2_erratic_features_plus_external,erratic,2024-10-01,71711M56R00799,6.0,6.23776388168335,0.2377638816833496
chronos_2_erratic_features_plus_external,erratic,2024-10-01,71711M62S005PK,11.0,12.583632469177246,1.583632469177246
chronos_2_erratic_features_plus_external,erratic,2024-10-01,71711M66L005PK,0.0,1.818173885345459,1.818173885345459
chronos_2_erratic_features_plus_external,erratic,2024-10-01,71711M67P00799,2.0,4.192309856414795,2.192309856414795
chronos_2_erratic_features_plus_external,erratic,2024-10-01,71711M68K00799,4.0,1.5560753345489502,2.44392466545105
chronos_2_erratic_features_plus_external,erratic,2024-10-01,71711M73T115PK,0.0,0.5,0.5
chronos_2_erratic_features_plus_external,erratic,2024-10-01,71711M74L00799,3.0,7.761281967163086,4.761281967163086
chronos_2_erratic_features_plus_external,erratic,2024-10-01,71711M75L00799,1.0,1.4839740991592407,0.4839740991592407
chronos_2_erratic_features_plus_external,erratic,2024-10-01,71711M76M10799,4.0,2.8013901710510254,1.1986098289489746
chronos_2_erratic_features_plus_external,erratic,2024-10-01,71711M76T00N49,3.0,1.5459027290344238,1.4540972709655762
chronos_2_erratic_features_plus_external,erratic,2024-10-01,71711M79M00799,2.0,1.6978882551193237,0.30211174488067627
chronos_2_erratic_features_plus_external,erratic,2024-10-01,71712M54T00000,11.0,5.2268266677856445,5.7731733322143555
chronos_2_erratic_features_plus_external,erratic,2024-10-01,71712M55T00000,3.0,6.31853723526001,3.3185372352600098
chronos_2_erratic_features_plus_external,erratic,2024-10-01,71712M56R00000,0.0,2.1025550365448,2.1025550365448
chronos_2_erratic_features_plus_external,erratic,2024-10-01,71712M79M00000,1.0,3.091379165649414,2.091379165649414
chronos_2_erratic_features_plus_external,erratic,2024-10-01,71720M76M005PK,3.0,2.4392402172088623,0.5607597827911377
chronos_2_erratic_features_plus_external,erratic,2024-10-01,7172160K005PK,5.0,2.1257660388946533,2.8742339611053467
chronos_2_erratic_features_plus_external,erratic,2024-10-01,7172161P005PK,7.0,5.095003604888916,1.904996395111084
chronos_2_erratic_features_plus_external,erratic,2024-10-01,7172177MJ05PK,3.0,1.1626029014587402,1.8373970985412598
chronos_2_erratic_features_plus_external,erratic,2024-10-01,7172179P005PK,2.0,2.3236544132232666,0.3236544132232666
chronos_2_erratic_features_plus_external,erratic,2024-10-01,7172186R105PK,1.0,3.5455336570739746,2.5455336570739746
chronos_2_erratic_features_plus_external,erratic,2024-10-01,71721M56R005PK,4.0,5.134659767150879,1.134659767150879
chronos_2_erratic_features_plus_external,erratic,2024-10-01,71721M60MA05PK,6.0,2.8006603717803955,3.1993396282196045
chronos_2_erratic_features_plus_external,erratic,2024-10-01,71721M74T005PK,5.0,1.4443871974945068,3.555612802505493
chronos_2_erratic_features_plus_external,erratic,2024-10-01,71721M75L005PK,2.0,3.7367706298828125,1.7367706298828125
chronos_2_erratic_features_plus_external,erratic,2024-10-01,71721M78R005PK,2.0,0.5,1.5
chronos_2_erratic_features_plus_external,erratic,2024-10-01,71721M84P005PK,1.0,0.927459716796875,0.072540283203125
chronos_2_erratic_features_plus_external,erratic,2024-10-01,7173154GA0000,4.0,1.6795341968536377,2.3204658031463623
chronos_2_erratic_features_plus_external,erratic,2024-10-01,7173163J20000,2.0,1.4592859745025635,0.5407140254974365
chronos_2_erratic_features_plus_external,erratic,2024-10-01,7173171L00000,5.0,4.441026210784912,0.5589737892150879
chronos_2_erratic_features_plus_external,erratic,2024-10-01,71731M53M00000,1.0,3.2179243564605713,2.2179243564605713
chronos_2_erratic_features_plus_external,erratic,2024-10-01,71731M53MB0000,3.0,3.173041582107544,0.17304158210754395
chronos_2_erratic_features_plus_external,erratic,2024-10-01,71731M66L005PK,2.0,1.4014345407485962,0.5985654592514038
chronos_2_erratic_features_plus_external,erratic,2024-10-01,71731M67P00000,2.0,1.736128330230713,0.2638716697692871
chronos_2_erratic_features_plus_external,erratic,2024-10-01,71731M68K00000,2.0,6.37201452255249,4.37201452255249
chronos_2_erratic_features_plus_external,erratic,2024-10-01,7173262R00000,1.0,1.355385661125183,0.3553856611251831
chronos_2_erratic_features_plus_external,erratic,2024-10-01,7173263J20000,2.0,2.54380464553833,0.5438046455383301
chronos_2_erratic_features_plus_external,erratic,2024-10-01,7173271L00000,3.0,4.65725564956665,1.6572556495666504
chronos_2_erratic_features_plus_external,erratic,2024-10-01,71732M53M00000,9.0,4.088090896606445,4.911909103393555
chronos_2_erratic_features_plus_external,erratic,2024-10-01,71732M66L005PK,1.0,0.6781436204910278,0.32185637950897217
chronos_2_erratic_features_plus_external,erratic,2024-10-01,71732M67P00000,3.0,3.352476119995117,0.3524761199951172
chronos_2_erratic_features_plus_external,erratic,2024-10-01,71732M68K00000,5.0,5.909152984619141,0.9091529846191406
chronos_2_erratic_features_plus_external,erratic,2024-10-01,71732M74T00000,3.0,1.0294318199157715,1.9705681800842285
chronos_2_erratic_features_plus_external,erratic,2024-10-01,71733M55T00000,3.0,3.741941213607788,0.7419412136077881
chronos_2_erratic_features_plus_external,erratic,2024-10-01,71733M74L00000,0.0,0.6766625642776489,0.6766625642776489
chronos_2_erratic_features_plus_external,erratic,2024-10-01,71734M55T00000,4.0,4.2698140144348145,0.26981401443481445
chronos_2_erratic_features_plus_external,erratic,2024-10-01,71734M68L00000,1.0,0.7283223271369934,0.2716776728630066
chronos_2_erratic_features_plus_external,erratic,2024-10-01,71734M74T00000,3.0,0.0,3.0
chronos_2_erratic_features_plus_external,erratic,2024-10-01,7174054L10D2W,0.0,0.6142223477363586,0.6142223477363586
chronos_2_erratic_features_plus_external,erratic,2024-10-01,7174073R10CUG,1.0,1.3601486682891846,0.36014866828918457
chronos_2_erratic_features_plus_external,erratic,2024-10-01,7174079P00C48,2.0,2.1072957515716553,0.10729575157165527
chronos_2_erratic_features_plus_external,erratic,2024-10-01,7174079S00C48,5.0,4.074611663818359,0.9253883361816406
chronos_2_erratic_features_plus_external,erratic,2024-10-01,71740M55T10C48,3.0,12.301380157470703,9.301380157470703
chronos_2_erratic_features_plus_external,erratic,2024-10-01,71740M56R00C48,8.0,6.134215354919434,1.8657846450805664
chronos_2_erratic_features_plus_external,erratic,2024-10-01,71740M68T00C48,50.0,29.180742263793945,20.819257736206055
chronos_2_erratic_features_plus_external,erratic,2024-10-01,71740M76MA0C48,11.0,13.11932373046875,2.11932373046875
chronos_2_erratic_features_plus_external,erratic,2024-10-01,71740M76T10KDJ,0.0,0.9825499057769775,0.9825499057769775
chronos_2_erratic_features_plus_external,erratic,2024-10-01,71740M81R00C48,5.0,1.372631311416626,3.627368688583374
chronos_2_erratic_features_plus_external,erratic,2024-10-01,7174160P005PK,2.0,3.6143484115600586,1.6143484115600586
chronos_2_erratic_features_plus_external,erratic,2024-10-01,71741M53M005PK,4.0,3.2010254859924316,0.7989745140075684
chronos_2_erratic_features_plus_external,erratic,2024-10-01,71741M53MA05PK,4.0,2.5578675270080566,1.4421324729919434
chronos_2_erratic_features_plus_external,erratic,2024-10-01,71741M74L005PK,4.0,1.557105541229248,2.442894458770752
chronos_2_erratic_features_plus_external,erratic,2024-10-01,71741M75L005PK,1.0,0.7724161148071289,0.2275838851928711
chronos_2_erratic_features_plus_external,erratic,2024-10-01,71741M76M105PK,4.0,1.2332241535186768,2.7667758464813232
chronos_2_erratic_features_plus_external,erratic,2024-10-01,71741M83P005PK,18.0,11.80192756652832,6.19807243347168
chronos_2_erratic_features_plus_external,erratic,2024-10-01,71743M76M100PG,1.0,1.661766767501831,0.661766767501831
chronos_2_erratic_features_plus_external,erratic,2024-10-01,71744M76M100PG,0.0,1.7882978916168213,1.7882978916168213
chronos_2_erratic_features_plus_external,erratic,2024-10-01,7175172S205PK,6.0,1.7508231401443481,4.249176859855652
chronos_2_erratic_features_plus_external,erratic,2024-10-01,7175186R000PG,3.0,6.377145290374756,3.377145290374756
chronos_2_erratic_features_plus_external,erratic,2024-10-01,71751M67P105PK,1.0,2.5112335681915283,1.5112335681915283
chronos_2_erratic_features_plus_external,erratic,2024-10-01,71751M83P105PK,4.0,5.678892135620117,1.6788921356201172
chronos_2_erratic_features_plus_external,erratic,2024-10-01,71752M54T100PG,7.0,6.071929454803467,0.9280705451965332
chronos_2_erratic_features_plus_external,erratic,2024-10-01,71752M83P00PWJ,4.0,4.460121154785156,0.46012115478515625
chronos_2_erratic_features_plus_external,erratic,2024-10-01,7176179P105PK,3.0,0.39527952671051025,2.6047204732894897
chronos_2_erratic_features_plus_external,erratic,2024-10-01,71761M52R105PK,3.0,7.151086807250977,4.151086807250977
chronos_2_erratic_features_plus_external,erratic,2024-10-01,71761M67P105PK,3.0,2.28389310836792,0.7161068916320801
chronos_2_erratic_features_plus_external,erratic,2024-10-01,71761M68K105PK,4.0,1.0496011972427368,2.950398802757263
chronos_2_erratic_features_plus_external,erratic,2024-10-01,71761M74T20ZAM,1.0,1.4519383907318115,0.4519383907318115
chronos_2_erratic_features_plus_external,erratic,2024-10-01,71761M76MB0Z2S,1.0,2.240128517150879,1.240128517150879
chronos_2_erratic_features_plus_external,erratic,2024-10-01,71761M76MB0ZHJ,0.0,1.1209684610366821,1.1209684610366821
chronos_2_erratic_features_plus_external,erratic,2024-10-01,71762M54T100PG,8.0,6.126668930053711,1.873331069946289
chronos_2_erratic_features_plus_external,erratic,2024-10-01,7177164R005PK,1.0,0.07135629653930664,0.9286437034606934
chronos_2_erratic_features_plus_external,erratic,2024-10-01,7177171L00000,2.0,1.6890655755996704,0.3109344244003296
chronos_2_erratic_features_plus_external,erratic,2024-10-01,7177186R000PG,2.0,1.9103443622589111,0.08965563774108887
chronos_2_erratic_features_plus_external,erratic,2024-10-01,71771M55T00000,12.0,5.714526176452637,6.285473823547363
chronos_2_erratic_features_plus_external,erratic,2024-10-01,71771M56R100PG,10.0,2.730034351348877,7.269965648651123
chronos_2_erratic_features_plus_external,erratic,2024-10-01,71771M76T00PER,1.0,1.9022951126098633,0.9022951126098633
chronos_2_erratic_features_plus_external,erratic,2024-10-01,71772M55T00000,3.0,2.890504837036133,0.10949516296386719
chronos_2_erratic_features_plus_external,erratic,2024-10-01,71782M56R100PG,2.0,2.093595266342163,0.09359526634216309
chronos_2_erratic_features_plus_external,erratic,2024-10-01,71782M66L00000,4.0,2.1455764770507812,1.8544235229492188
chronos_2_erratic_features_plus_external,erratic,2024-10-01,7181179P00799,2.0,4.215005397796631,2.215005397796631
chronos_2_erratic_features_plus_external,erratic,2024-10-01,71811M53M00799,3.0,2.861907482147217,0.1380925178527832
chronos_2_erratic_features_plus_external,erratic,2024-10-01,71811M56R00799,5.0,2.913975954055786,2.086024045944214
chronos_2_erratic_features_plus_external,erratic,2024-10-01,71811M56R10799,2.0,2.7552225589752197,0.7552225589752197
chronos_2_erratic_features_plus_external,erratic,2024-10-01,71811M66L005PK,3.0,1.1027355194091797,1.8972644805908203
chronos_2_erratic_features_plus_external,erratic,2024-10-01,71811M67P01799,3.0,2.7434024810791016,0.25659751892089844
chronos_2_erratic_features_plus_external,erratic,2024-10-01,71811M68K00799,1.0,1.266420602798462,0.2664206027984619
chronos_2_erratic_features_plus_external,erratic,2024-10-01,71811M68P00799,1.0,4.37300968170166,3.37300968170166
chronos_2_erratic_features_plus_external,erratic,2024-10-01,71811M74T00799,1.0,0.7167227268218994,0.2832772731781006
chronos_2_erratic_features_plus_external,erratic,2024-10-01,71811M75L00799,4.0,2.148428201675415,1.851571798324585
chronos_2_erratic_features_plus_external,erratic,2024-10-01,71811M76M00799,1.0,3.137583017349243,2.137583017349243
chronos_2_erratic_features_plus_external,erratic,2024-10-01,71811M80T105PK,3.0,0.0,3.0
chronos_2_erratic_features_plus_external,erratic,2024-10-01,7181365L00000,0.0,1.593806505203247,1.593806505203247
chronos_2_erratic_features_plus_external,erratic,2024-10-01,7182173K10000,5.0,4.565155982971191,0.4348440170288086
chronos_2_erratic_features_plus_external,erratic,2024-10-01,7182179P00000,2.0,2.6257567405700684,0.6257567405700684
chronos_2_erratic_features_plus_external,erratic,2024-10-01,71821M68K00000,4.0,0.30957555770874023,3.6904244422912598
chronos_2_erratic_features_plus_external,erratic,2024-10-01,71821M79M00000,0.0,2.7676632404327393,2.7676632404327393
chronos_2_erratic_features_plus_external,erratic,2024-10-01,7182273K10000,7.0,3.038512945175171,3.961487054824829
chronos_2_erratic_features_plus_external,erratic,2024-10-01,7182279P00000,0.0,1.8878121376037598,1.8878121376037598
chronos_2_erratic_features_plus_external,erratic,2024-10-01,7182280J00000,4.0,1.0798571109771729,2.920142889022827
chronos_2_erratic_features_plus_external,erratic,2024-10-01,71822M55T00000,6.0,4.7344465255737305,1.2655534744262695
chronos_2_erratic_features_plus_external,erratic,2024-10-01,71822M68K00000,6.0,1.985750675201416,4.014249324798584
chronos_2_erratic_features_plus_external,erratic,2024-10-01,71822M79M00000,1.0,2.0052268505096436,1.0052268505096436
chronos_2_erratic_features_plus_external,erratic,2024-10-01,71823M68L00000,3.0,5.014124393463135,2.0141243934631348
chronos_2_erratic_features_plus_external,erratic,2024-10-01,7187186R000BK,5.0,2.5411617755889893,2.4588382244110107
chronos_2_erratic_features_plus_external,erratic,2024-10-01,72310M68K00000,0.0,3.8437018394470215,3.8437018394470215
chronos_2_erratic_features_plus_external,erratic,2024-10-01,72312M55R00000,3.0,9.003077507019043,6.003077507019043
chronos_2_erratic_features_plus_external,erratic,2024-10-01,72312M68K00000,6.0,7.186476707458496,1.186476707458496
chronos_2_erratic_features_plus_external,erratic,2024-10-01,7232154P00000,2.0,1.9710333347320557,0.028966665267944336
chronos_2_erratic_features_plus_external,erratic,2024-10-01,7232171L00000,4.0,2.0966861248016357,1.9033138751983643
chronos_2_erratic_features_plus_external,erratic,2024-10-01,72321M53M00000,3.0,3.8257741928100586,0.8257741928100586
chronos_2_erratic_features_plus_external,erratic,2024-10-01,72321M68K00000,8.0,1.7001891136169434,6.299810886383057
chronos_2_erratic_features_plus_external,erratic,2024-10-01,72321M74L00000,8.0,8.558372497558594,0.5583724975585938
chronos_2_erratic_features_plus_external,erratic,2024-10-01,72321M76M01000,3.0,2.071969509124756,0.9280304908752441
chronos_2_erratic_features_plus_external,erratic,2024-10-01,7232271L00000,2.0,1.6508069038391113,0.34919309616088867
chronos_2_erratic_features_plus_external,erratic,2024-10-01,72322M53M00000,8.0,4.275163650512695,3.7248363494873047
chronos_2_erratic_features_plus_external,erratic,2024-10-01,72322M68K00000,7.0,0.85556960105896,6.14443039894104
chronos_2_erratic_features_plus_external,erratic,2024-10-01,72322M74L00000,9.0,11.574889183044434,2.5748891830444336
chronos_2_erratic_features_plus_external,erratic,2024-10-01,72322M76M01000,5.0,4.636775493621826,0.36322450637817383
chronos_2_erratic_features_plus_external,erratic,2024-10-01,72371M74L105PK,3.0,2.1849417686462402,0.8150582313537598
chronos_2_erratic_features_plus_external,erratic,2024-10-01,72380M62S01000,2.0,3.9864940643310547,1.9864940643310547
chronos_2_erratic_features_plus_external,erratic,2024-10-01,72398M68K00000,2.0,1.7030160427093506,0.2969839572906494
chronos_2_erratic_features_plus_external,erratic,2024-10-01,72411M74L10000,2.0,1.9538536071777344,0.046146392822265625
chronos_2_erratic_features_plus_external,erratic,2024-10-01,72420M80T00000,1.0,1.0,0.0
chronos_2_erratic_features_plus_external,erratic,2024-10-01,7242252R00000,2.0,0.8840798139572144,1.1159201860427856
chronos_2_erratic_features_plus_external,erratic,2024-10-01,72431M68L00000,1.0,2.4561851024627686,1.4561851024627686
chronos_2_erratic_features_plus_external,erratic,2024-10-01,72433M56R00000,3.0,2.991156578063965,0.008843421936035156
chronos_2_erratic_features_plus_external,erratic,2024-10-01,72437M68L00000,1.0,1.1691579818725586,0.1691579818725586
chronos_2_erratic_features_plus_external,erratic,2024-10-01,7248265J00000,2.0,3.017996311187744,1.0179963111877441
chronos_2_erratic_features_plus_external,erratic,2024-10-01,7282165J00Z2S,6.0,5.853229999542236,0.14677000045776367
chronos_2_erratic_features_plus_external,erratic,2024-10-01,73110M68P50ZCA,0.0,1.6150834560394287,1.6150834560394287
chronos_2_erratic_features_plus_external,erratic,2024-10-01,7343061J00P4Z,8.0,5.55426025390625,2.44573974609375
chronos_2_erratic_features_plus_external,erratic,2024-10-01,73430M75J00P4Z,1.0,1.4952993392944336,0.4952993392944336
chronos_2_erratic_features_plus_external,erratic,2024-10-01,73821M62S205PK,4.0,3.429187297821045,0.5708127021789551
chronos_2_erratic_features_plus_external,erratic,2024-10-01,73821M67P305PK,0.0,0.9407709240913391,0.9407709240913391
chronos_2_erratic_features_plus_external,erratic,2024-10-01,73831M68P005PK,0.0,3.994776725769043,3.994776725769043
chronos_2_erratic_features_plus_external,erratic,2024-10-01,74120M66L10000,1.0,1.609116554260254,0.6091165542602539
chronos_2_erratic_features_plus_external,erratic,2024-10-01,74461M79M005PK,2.0,3.0309853553771973,1.0309853553771973
chronos_2_erratic_features_plus_external,erratic,2024-10-01,7619171L005PK,4.0,1.6165813207626343,2.3834186792373657
chronos_2_erratic_features_plus_external,erratic,2024-10-01,7619254P005PK,3.0,4.471434593200684,1.4714345932006836
chronos_2_erratic_features_plus_external,erratic,2024-10-01,76520M68P10000,2.0,1.636843204498291,0.363156795501709
chronos_2_erratic_features_plus_external,erratic,2024-10-01,76520M74K01000,2.0,1.928154706954956,0.07184529304504395
chronos_2_erratic_features_plus_external,erratic,2024-10-01,77161M68P00000,0.0,1.8859837055206299,1.8859837055206299
chronos_2_erratic_features_plus_external,erratic,2024-10-01,77210M74T005PK,2.0,1.9615477323532104,0.03845226764678955
chronos_2_erratic_features_plus_external,erratic,2024-10-01,7726054P005PK,4.0,3.8072197437286377,0.1927802562713623
chronos_2_erratic_features_plus_external,erratic,2024-10-01,7733061M01000,11.0,3.164401054382324,7.835598945617676
chronos_2_erratic_features_plus_external,erratic,2024-10-01,77330M81R00000,4.0,3.2994399070739746,0.7005600929260254
chronos_2_erratic_features_plus_external,erratic,2024-10-01,7781158J000PG,3.0,2.9364969730377197,0.06350302696228027
chronos_2_erratic_features_plus_external,erratic,2024-10-01,77811M58J000PG,6.0,3.8725504875183105,2.1274495124816895
chronos_2_erratic_features_plus_external,erratic,2024-10-01,77811M63T000PG,1.0,0.8854038715362549,0.11459612846374512
chronos_2_erratic_features_plus_external,erratic,2024-10-01,7783154GB00PG,4.0,2.4225692749023438,1.5774307250976562
chronos_2_erratic_features_plus_external,erratic,2024-10-01,77831M68L000PG,2.0,3.1014504432678223,1.1014504432678223
chronos_2_erratic_features_plus_external,erratic,2024-10-01,77851M54G000PG,0.0,0.9607002139091492,0.9607002139091492
chronos_2_erratic_features_plus_external,erratic,2024-10-01,8185061J01000,0.0,2.1990814208984375,2.1990814208984375
chronos_2_erratic_features_plus_external,erratic,2024-10-01,81850M68K00000,5.0,7.706107139587402,2.7061071395874023
chronos_2_erratic_features_plus_external,erratic,2024-10-01,81850M68P10000,4.0,1.1939935684204102,2.80600643157959
chronos_2_erratic_features_plus_external,erratic,2024-10-01,8186061J01000,0.0,2.2970941066741943,2.2970941066741943
chronos_2_erratic_features_plus_external,erratic,2024-10-01,81860M68K00000,5.0,7.38790225982666,2.38790225982666
chronos_2_erratic_features_plus_external,erratic,2024-10-01,81860M79G20000,3.0,0.4477282166481018,2.552271783351898
chronos_2_erratic_features_plus_external,erratic,2024-10-01,8212177K00000,1.0,1.8306844234466553,0.8306844234466553
chronos_2_erratic_features_plus_external,erratic,2024-10-01,82801M66L015PK,0.0,3.1054773330688477,3.1054773330688477
chronos_2_erratic_features_plus_external,erratic,2024-10-01,82801M68K005PK,2.0,1.078021764755249,0.921978235244751
chronos_2_erratic_features_plus_external,erratic,2024-10-01,82802M66L015PK,6.0,10.161473274230957,4.161473274230957
chronos_2_erratic_features_plus_external,erratic,2024-10-01,82802M68K5026U,14.0,15.885013580322266,1.8850135803222656
chronos_2_erratic_features_plus_external,erratic,2024-10-01,82802M81A605PK,0.0,0.9753701686859131,0.9753701686859131
chronos_2_erratic_features_plus_external,erratic,2024-10-01,82850M76M005PK,1.0,5.094799041748047,4.094799041748047
chronos_2_erratic_features_plus_external,erratic,2024-10-01,8392152R010CE,1.0,1.211157202720642,0.2111572027206421
chronos_2_erratic_features_plus_external,erratic,2024-10-01,83921M68P000CB,8.0,2.6679372787475586,5.332062721252441
chronos_2_erratic_features_plus_external,erratic,2024-10-01,83922M55T000CB,0.0,0.9834100604057312,0.9834100604057312
chronos_2_erratic_features_plus_external,erratic,2024-10-01,8392352R020CE,0.0,1.3993756771087646,1.3993756771087646
chronos_2_erratic_features_plus_external,erratic,2024-10-01,83923M68P000CB,6.0,2.7629339694976807,3.2370660305023193
chronos_2_erratic_features_plus_external,erratic,2024-10-01,83924M55T000CB,3.0,2.5506086349487305,0.44939136505126953
chronos_2_erratic_features_plus_external,erratic,2024-10-01,83924M62S000CB,3.0,1.5553114414215088,1.4446885585784912
chronos_2_erratic_features_plus_external,erratic,2024-10-01,83924M68P100CB,4.0,2.165510654449463,1.834489345550537
chronos_2_erratic_features_plus_external,erratic,2024-10-01,83926M68P000CB,6.0,0.45607614517211914,5.543923854827881
chronos_2_erratic_features_plus_external,erratic,2024-10-01,8393061J005PK,0.0,5.411528587341309,5.411528587341309
chronos_2_erratic_features_plus_external,erratic,2024-10-01,83932M68P000CB,5.0,0.43697798252105713,4.563022017478943
chronos_2_erratic_features_plus_external,erratic,2024-10-01,83940M68P100PG,3.0,2.3186960220336914,0.6813039779663086
chronos_2_erratic_features_plus_external,erratic,2024-10-01,83940M74L10000,3.0,1.3931288719177246,1.6068711280822754
chronos_2_erratic_features_plus_external,erratic,2024-10-01,83970M68P00000,2.0,0.6385157704353333,1.3614842295646667
chronos_2_erratic_features_plus_external,erratic,2024-10-01,84051M55T01000,2.0,1.8897305727005005,0.11026942729949951
chronos_2_erratic_features_plus_external,erratic,2024-10-01,84051M55T11000,5.0,1.1194558143615723,3.8805441856384277
chronos_2_erratic_features_plus_external,erratic,2024-10-01,8450152R02000,1.0,2.1603615283966064,1.1603615283966064
chronos_2_erratic_features_plus_external,erratic,2024-10-01,84501M55T00000,0.0,1.5402330160140991,1.5402330160140991
chronos_2_erratic_features_plus_external,erratic,2024-10-01,84501M68P00000,2.0,1.5900377035140991,0.4099622964859009
chronos_2_erratic_features_plus_external,erratic,2024-10-01,84502M68P00000,3.0,3.2552945613861084,0.2552945613861084
chronos_2_erratic_features_plus_external,erratic,2024-10-01,84510M74L01000,0.0,0.0,0.0
chronos_2_erratic_features_plus_external,erratic,2024-10-01,84511M76M10000,0.0,1.8348793983459473,1.8348793983459473
chronos_2_erratic_features_plus_external,erratic,2024-10-01,8470171LVAZMT,1.0,2.4615612030029297,1.4615612030029297
chronos_2_erratic_features_plus_external,erratic,2024-10-01,84701M53M205PK,1.0,3.4478507041931152,2.4478507041931152
chronos_2_erratic_features_plus_external,erratic,2024-10-01,84701M55TB0ZHJ,2.0,3.3503832817077637,1.3503832817077637
chronos_2_erratic_features_plus_external,erratic,2024-10-01,84701M68P31ZHJ,2.0,2.821707010269165,0.821707010269165
chronos_2_erratic_features_plus_external,erratic,2024-10-01,84701M68P515PK,2.0,2.2143161296844482,0.21431612968444824
chronos_2_erratic_features_plus_external,erratic,2024-10-01,84701M74LC15PK,2.0,1.0263416767120361,0.9736583232879639
chronos_2_erratic_features_plus_external,erratic,2024-10-01,8470261J025PK,2.0,2.8542425632476807,0.8542425632476807
chronos_2_erratic_features_plus_external,erratic,2024-10-01,84702M53M205PK,1.0,2.7088260650634766,1.7088260650634766
chronos_2_erratic_features_plus_external,erratic,2024-10-01,84702M55TB0ZHJ,1.0,0.04775196313858032,0.9522480368614197
chronos_2_erratic_features_plus_external,erratic,2024-10-01,84702M56R92ZHJ,2.0,1.8554911613464355,0.14450883865356445
chronos_2_erratic_features_plus_external,erratic,2024-10-01,84702M62S20Z4Q,6.0,5.036877155303955,0.9631228446960449
chronos_2_erratic_features_plus_external,erratic,2024-10-01,84702M68P31ZHJ,4.0,3.0270256996154785,0.9729743003845215
chronos_2_erratic_features_plus_external,erratic,2024-10-01,84702M68P515PK,5.0,2.8669819831848145,2.1330180168151855
chronos_2_erratic_features_plus_external,erratic,2024-10-01,84702M74LC15PK,1.0,2.829620838165283,1.8296208381652832
chronos_2_erratic_features_plus_external,erratic,2024-10-01,84702M79G30000,1.0,0.9923433661460876,0.0076566338539123535
chronos_2_erratic_features_plus_external,erratic,2024-10-01,84703M79M02000,4.0,3.5419082641601562,0.45809173583984375
chronos_2_erratic_features_plus_external,erratic,2024-10-01,8471852R20ZVR,3.0,1.7159243822097778,1.2840756177902222
chronos_2_erratic_features_plus_external,erratic,2024-10-01,8472852R20ZVR,1.0,1.7650642395019531,0.7650642395019531
chronos_2_erratic_features_plus_external,erratic,2024-10-01,8472865J00Z2S,2.0,1.7063015699386597,0.29369843006134033
chronos_2_erratic_features_plus_external,erratic,2024-10-01,8472880J00Z2S,2.0,1.3451707363128662,0.6548292636871338
chronos_2_erratic_features_plus_external,erratic,2024-10-01,84730M67P10000,11.0,4.41724157333374,6.58275842666626
chronos_2_erratic_features_plus_external,erratic,2024-10-01,84730M74LC0000,12.0,6.655194282531738,5.344805717468262
chronos_2_erratic_features_plus_external,erratic,2024-10-01,84730M79M00000,11.0,16.162057876586914,5.162057876586914
chronos_2_erratic_features_plus_external,erratic,2024-10-01,8474061M00000,2.0,3.7441554069519043,1.7441554069519043
chronos_2_erratic_features_plus_external,erratic,2024-10-01,8474065J00000,2.0,2.934424877166748,0.934424877166748
chronos_2_erratic_features_plus_external,erratic,2024-10-01,84740M67P10000,7.0,2.7863898277282715,4.2136101722717285
chronos_2_erratic_features_plus_external,erratic,2024-10-01,84740M74LC0000,3.0,5.3624587059021,2.3624587059020996
chronos_2_erratic_features_plus_external,erratic,2024-10-01,84740M74LE0000,1.0,1.1826403141021729,0.18264031410217285
chronos_2_erratic_features_plus_external,erratic,2024-10-01,84740M76M00000,15.0,5.9775238037109375,9.022476196289062
chronos_2_erratic_features_plus_external,erratic,2024-10-01,84740M79M00000,13.0,10.001153945922852,2.9988460540771484
chronos_2_erratic_features_plus_external,erratic,2024-10-01,84920M68PB1BHE,3.0,2.822448968887329,0.1775510311126709
chronos_2_erratic_features_plus_external,erratic,2024-10-01,84940M68PC1BHE,1.0,2.458596706390381,1.4585967063903809
chronos_2_erratic_features_plus_external,erratic,2024-10-01,95130M68K00000,6.0,3.5240752696990967,2.4759247303009033
chronos_2_erratic_features_plus_external,erratic,2024-10-01,95310M53T00000,6.0,2.237576723098755,3.762423276901245
chronos_2_erratic_features_plus_external,erratic,2024-10-01,95310M55T00000,5.0,1.422914981842041,3.577085018157959
chronos_2_erratic_features_plus_external,erratic,2024-10-01,95310M76M00000,4.0,1.9467432498931885,2.0532567501068115
chronos_2_erratic_features_plus_external,erratic,2024-11-01,0911912012000,57.0,44.14048767089844,12.859512329101562
chronos_2_erratic_features_plus_external,erratic,2024-11-01,09140M12040000,17.0,12.290457725524902,4.709542274475098
chronos_2_erratic_features_plus_external,erratic,2024-11-01,0915912057000,50.0,1.1455144882202148,48.854485511779785
chronos_2_erratic_features_plus_external,erratic,2024-11-01,09209M09L02000,2.0,3.462834358215332,1.462834358215332
chronos_2_erratic_features_plus_external,erratic,2024-11-01,0924616021000,8.0,2.499579429626465,5.500420570373535
chronos_2_erratic_features_plus_external,erratic,2024-11-01,0928335052000,1.0,3.14207124710083,2.14207124710083
chronos_2_erratic_features_plus_external,erratic,2024-11-01,0928348007000,30.0,4.559480667114258,25.440519332885742
chronos_2_erratic_features_plus_external,erratic,2024-11-01,0940907340000,65.0,91.1499252319336,26.149925231933594
chronos_2_erratic_features_plus_external,erratic,2024-11-01,09409M07355000,0.0,9.4453763961792,9.4453763961792
chronos_2_erratic_features_plus_external,erratic,2024-11-01,09409M08006000,129.0,76.2576904296875,52.7423095703125
chronos_2_erratic_features_plus_external,erratic,2024-11-01,09409M10L04000,104.0,27.41538429260254,76.58461570739746
chronos_2_erratic_features_plus_external,erratic,2024-11-01,11610M53M00000,12.0,2.5925424098968506,9.40745759010315
chronos_2_erratic_features_plus_external,erratic,2024-11-01,11610M68K03000,2.0,0.5108349323272705,1.4891650676727295
chronos_2_erratic_features_plus_external,erratic,2024-11-01,11620M53M00000,2.0,2.143641948699951,0.14364194869995117
chronos_2_erratic_features_plus_external,erratic,2024-11-01,11710M53M00000,6.0,1.9108107089996338,4.089189291000366
chronos_2_erratic_features_plus_external,erratic,2024-11-01,17100M62S00000,3.0,0.0,3.0
chronos_2_erratic_features_plus_external,erratic,2024-11-01,17213M76M00000,1.0,3.4505441188812256,2.4505441188812256
chronos_2_erratic_features_plus_external,erratic,2024-11-01,17214M76M10000,1.0,1.6279343366622925,0.6279343366622925
chronos_2_erratic_features_plus_external,erratic,2024-11-01,17700M53M20000,0.0,2.227764368057251,2.227764368057251
chronos_2_erratic_features_plus_external,erratic,2024-11-01,17700M76M10000,4.0,2.59769344329834,1.4023065567016602
chronos_2_erratic_features_plus_external,erratic,2024-11-01,17700M83P00000,0.0,1.6272472143173218,1.6272472143173218
chronos_2_erratic_features_plus_external,erratic,2024-11-01,3512065J32000,9.0,5.768047332763672,3.231952667236328
chronos_2_erratic_features_plus_external,erratic,2024-11-01,3512071L20000,4.0,1.0039806365966797,2.9960193634033203
chronos_2_erratic_features_plus_external,erratic,2024-11-01,35120M68K20000,5.0,0.6949219703674316,4.305078029632568
chronos_2_erratic_features_plus_external,erratic,2024-11-01,35121M53MB0000,3.0,1.189819097518921,1.810180902481079
chronos_2_erratic_features_plus_external,erratic,2024-11-01,35121M60M10000,1.0,0.5173407793045044,0.4826592206954956
chronos_2_erratic_features_plus_external,erratic,2024-11-01,35121M62S30000,5.0,6.800062656402588,1.800062656402588
chronos_2_erratic_features_plus_external,erratic,2024-11-01,35121M67P10000,0.0,2.8197717666625977,2.8197717666625977
chronos_2_erratic_features_plus_external,erratic,2024-11-01,35121M74L01000,0.0,6.907402038574219,6.907402038574219
chronos_2_erratic_features_plus_external,erratic,2024-11-01,35121M76M50000,2.0,2.006420135498047,0.006420135498046875
chronos_2_erratic_features_plus_external,erratic,2024-11-01,35153M59K10000,4.0,0.5680837631225586,3.4319162368774414
chronos_2_erratic_features_plus_external,erratic,2024-11-01,35300M74TB1000,2.0,0.6976211071014404,1.3023788928985596
chronos_2_erratic_features_plus_external,erratic,2024-11-01,3532064J31000,3.0,2.510747194290161,0.48925280570983887
chronos_2_erratic_features_plus_external,erratic,2024-11-01,3532065J32000,5.0,5.2233805656433105,0.22338056564331055
chronos_2_erratic_features_plus_external,erratic,2024-11-01,3532071L20000,1.0,1.702780842781067,0.7027808427810669
chronos_2_erratic_features_plus_external,erratic,2024-11-01,3532079P30000,1.0,2.612015724182129,1.612015724182129
chronos_2_erratic_features_plus_external,erratic,2024-11-01,35321M53MB0000,4.0,3.4640328884124756,0.5359671115875244
chronos_2_erratic_features_plus_external,erratic,2024-11-01,35321M55T53000,6.0,5.542459964752197,0.45754003524780273
chronos_2_erratic_features_plus_external,erratic,2024-11-01,35321M67P10000,0.0,2.811680555343628,2.811680555343628
chronos_2_erratic_features_plus_external,erratic,2024-11-01,35321M68K21000,0.0,0.9173070788383484,0.9173070788383484
chronos_2_erratic_features_plus_external,erratic,2024-11-01,35321M74L01000,6.0,6.730692386627197,0.7306923866271973
chronos_2_erratic_features_plus_external,erratic,2024-11-01,35321M76M50000,5.0,2.479936122894287,2.520063877105713
chronos_2_erratic_features_plus_external,erratic,2024-11-01,3550054P01000,2.0,1.0979485511779785,0.9020514488220215
chronos_2_erratic_features_plus_external,erratic,2024-11-01,35501M67P00000,2.0,0.9790442585945129,1.020955741405487
chronos_2_erratic_features_plus_external,erratic,2024-11-01,3565064J21000,1.0,1.3573780059814453,0.3573780059814453
chronos_2_erratic_features_plus_external,erratic,2024-11-01,3565065J21000,0.0,3.134876251220703,3.134876251220703
chronos_2_erratic_features_plus_external,erratic,2024-11-01,3565077R00000,4.0,1.6719791889190674,2.3280208110809326
chronos_2_erratic_features_plus_external,erratic,2024-11-01,3565079P00000,1.0,1.1507266759872437,0.15072667598724365
chronos_2_erratic_features_plus_external,erratic,2024-11-01,35650M53M00000,2.0,3.748776912689209,1.748776912689209
chronos_2_erratic_features_plus_external,erratic,2024-11-01,35650M66L00000,0.0,0.3878867030143738,0.3878867030143738
chronos_2_erratic_features_plus_external,erratic,2024-11-01,35650M67P00000,4.0,1.429426670074463,2.570573329925537
chronos_2_erratic_features_plus_external,erratic,2024-11-01,35650M74L00000,1.0,5.076591491699219,4.076591491699219
chronos_2_erratic_features_plus_external,erratic,2024-11-01,35651M68K00000,2.0,0.8348236680030823,1.1651763319969177
chronos_2_erratic_features_plus_external,erratic,2024-11-01,35651M75L00000,1.0,2.934117555618286,1.9341175556182861
chronos_2_erratic_features_plus_external,erratic,2024-11-01,35651M76M00000,3.0,0.6356250047683716,2.3643749952316284
chronos_2_erratic_features_plus_external,erratic,2024-11-01,3567060K00000,6.0,0.2084333896636963,5.791566610336304
chronos_2_erratic_features_plus_external,erratic,2024-11-01,3567061M10000,5.0,0.7917008399963379,4.208299160003662
chronos_2_erratic_features_plus_external,erratic,2024-11-01,3567064J20000,3.0,2.2109975814819336,0.7890024185180664
chronos_2_erratic_features_plus_external,erratic,2024-11-01,3567071L00000,2.0,0.9542063474655151,1.0457936525344849
chronos_2_erratic_features_plus_external,erratic,2024-11-01,3567079P00000,1.0,1.1419321298599243,0.14193212985992432
chronos_2_erratic_features_plus_external,erratic,2024-11-01,35670M74L00000,3.0,5.496667861938477,2.4966678619384766
chronos_2_erratic_features_plus_external,erratic,2024-11-01,35671M68K00000,0.0,1.0982152223587036,1.0982152223587036
chronos_2_erratic_features_plus_external,erratic,2024-11-01,35671M75L00000,3.0,2.736643075942993,0.26335692405700684
chronos_2_erratic_features_plus_external,erratic,2024-11-01,35750M53M00000,4.0,2.5539073944091797,1.4460926055908203
chronos_2_erratic_features_plus_external,erratic,2024-11-01,35750M66L00000,1.0,0.1541731059551239,0.8458268940448761
chronos_2_erratic_features_plus_external,erratic,2024-11-01,35750M67P00000,6.0,7.711938858032227,1.7119388580322266
chronos_2_erratic_features_plus_external,erratic,2024-11-01,3591075F12000,2.0,0.9383605718612671,1.061639428138733
chronos_2_erratic_features_plus_external,erratic,2024-11-01,36250M74T15000,4.0,1.3308404684066772,2.6691595315933228
chronos_2_erratic_features_plus_external,erratic,2024-11-01,3625479P01000,1.0,1.379334568977356,0.37933456897735596
chronos_2_erratic_features_plus_external,erratic,2024-11-01,3625486R20000,0.0,0.3578164577484131,0.3578164577484131
chronos_2_erratic_features_plus_external,erratic,2024-11-01,36410M67K00000,8.0,2.783763885498047,5.216236114501953
chronos_2_erratic_features_plus_external,erratic,2024-11-01,38450M68K00000,0.0,0.0,0.0
chronos_2_erratic_features_plus_external,erratic,2024-11-01,38450M74L10000,9.0,3.5283374786376953,5.471662521362305
chronos_2_erratic_features_plus_external,erratic,2024-11-01,38450M76M00000,2.0,1.8656210899353027,0.13437891006469727
chronos_2_erratic_features_plus_external,erratic,2024-11-01,38453M75000000,0.0,0.26432085037231445,0.26432085037231445
chronos_2_erratic_features_plus_external,erratic,2024-11-01,3925164J00000,0.0,0.977104663848877,0.977104663848877
chronos_2_erratic_features_plus_external,erratic,2024-11-01,3932152R00000,3.0,1.0710002183914185,1.9289997816085815
chronos_2_erratic_features_plus_external,erratic,2024-11-01,39321M62S10000,2.0,3.088625431060791,1.088625431060791
chronos_2_erratic_features_plus_external,erratic,2024-11-01,3932252R00000,1.0,1.0710002183914185,0.07100021839141846
chronos_2_erratic_features_plus_external,erratic,2024-11-01,41710M74L00000,4.0,2.410310745239258,1.5896892547607422
chronos_2_erratic_features_plus_external,erratic,2024-11-01,4243163J10000,0.0,10.870482444763184,10.870482444763184
chronos_2_erratic_features_plus_external,erratic,2024-11-01,4321078R010BK,2.0,1.2862187623977661,0.7137812376022339
chronos_2_erratic_features_plus_external,erratic,2024-11-01,43210M55T5027N,2.0,1.077338457107544,0.922661542892456
chronos_2_erratic_features_plus_external,erratic,2024-11-01,43210M55T60QC8,14.0,2.888306140899658,11.111693859100342
chronos_2_erratic_features_plus_external,erratic,2024-11-01,43210M68P1009L,2.0,0.6631959676742554,1.3368040323257446
chronos_2_erratic_features_plus_external,erratic,2024-11-01,43210M68P60ZMQ,10.0,2.011547565460205,7.988452434539795
chronos_2_erratic_features_plus_external,erratic,2024-11-01,43210M79G5309L,1.0,0.6090071201324463,0.3909928798675537
chronos_2_erratic_features_plus_external,erratic,2024-11-01,43250M62S0027N,4.0,4.8139238357543945,0.8139238357543945
chronos_2_erratic_features_plus_external,erratic,2024-11-01,43250M67K0027N,6.0,13.298354148864746,7.298354148864746
chronos_2_erratic_features_plus_external,erratic,2024-11-01,43250M81R1027N,2.0,1.6954102516174316,0.30458974838256836
chronos_2_erratic_features_plus_external,erratic,2024-11-01,43250M83P0027N,4.0,5.385605335235596,1.3856053352355957
chronos_2_erratic_features_plus_external,erratic,2024-11-01,4325283S000PG,11.0,5.084609508514404,5.915390491485596
chronos_2_erratic_features_plus_external,erratic,2024-11-01,43252M67L00AQY,5.0,3.9315152168273926,1.0684847831726074
chronos_2_erratic_features_plus_external,erratic,2024-11-01,48150M68P10C48,0.0,1.619462251663208,1.619462251663208
chronos_2_erratic_features_plus_external,erratic,2024-11-01,5730065811000,1.0,1.6499614715576172,0.6499614715576172
chronos_2_erratic_features_plus_external,erratic,2024-11-01,57300M53M00000,1.0,1.6892426013946533,0.6892426013946533
chronos_2_erratic_features_plus_external,erratic,2024-11-01,57300M67P00000,1.0,3.100116729736328,2.100116729736328
chronos_2_erratic_features_plus_external,erratic,2024-11-01,57300M74L00000,5.0,3.5358171463012695,1.4641828536987305
chronos_2_erratic_features_plus_external,erratic,2024-11-01,57300M76M00000,6.0,1.982666015625,4.017333984375
chronos_2_erratic_features_plus_external,erratic,2024-11-01,57410M62S00000,3.0,1.7326323986053467,1.2673676013946533
chronos_2_erratic_features_plus_external,erratic,2024-11-01,57410M74L00000,4.0,2.8152718544006348,1.1847281455993652
chronos_2_erratic_features_plus_external,erratic,2024-11-01,57410M76M00000,1.0,1.1758238077163696,0.17582380771636963
chronos_2_erratic_features_plus_external,erratic,2024-11-01,57410M79G00000,1.0,0.014603495597839355,0.9853965044021606
chronos_2_erratic_features_plus_external,erratic,2024-11-01,5742054P00000,2.0,1.1616742610931396,0.8383257389068604
chronos_2_erratic_features_plus_external,erratic,2024-11-01,57420M62S00000,4.0,2.058225154876709,1.941774845123291
chronos_2_erratic_features_plus_external,erratic,2024-11-01,57420M67P00000,0.0,1.3621752262115479,1.3621752262115479
chronos_2_erratic_features_plus_external,erratic,2024-11-01,57420M74L00000,5.0,3.5386784076690674,1.4613215923309326
chronos_2_erratic_features_plus_external,erratic,2024-11-01,57420M76M00000,1.0,1.1230770349502563,0.12307703495025635
chronos_2_erratic_features_plus_external,erratic,2024-11-01,57420M79G00000,1.0,1.8430366516113281,0.8430366516113281
chronos_2_erratic_features_plus_external,erratic,2024-11-01,5761065J10000,3.0,5.890156269073486,2.8901562690734863
chronos_2_erratic_features_plus_external,erratic,2024-11-01,5761154P00000,2.0,0.054741621017456055,1.945258378982544
chronos_2_erratic_features_plus_external,erratic,2024-11-01,57611M53M00000,2.0,0.81071937084198,1.18928062915802
chronos_2_erratic_features_plus_external,erratic,2024-11-01,57611M55T00000,20.0,1.4992263317108154,18.500773668289185
chronos_2_erratic_features_plus_external,erratic,2024-11-01,57611M67P01000,1.0,1.4844615459442139,0.48446154594421387
chronos_2_erratic_features_plus_external,erratic,2024-11-01,5771065J10000,1.0,1.0746450424194336,0.0746450424194336
chronos_2_erratic_features_plus_external,erratic,2024-11-01,57711M53M00000,0.0,0.886584997177124,0.886584997177124
chronos_2_erratic_features_plus_external,erratic,2024-11-01,57711M67P01000,0.0,0.4933967590332031,0.4933967590332031
chronos_2_erratic_features_plus_external,erratic,2024-11-01,57711M68K10000,1.0,1.1570380926132202,0.15703809261322021
chronos_2_erratic_features_plus_external,erratic,2024-11-01,57711M71P00000,0.0,2.711827278137207,2.711827278137207
chronos_2_erratic_features_plus_external,erratic,2024-11-01,57711M76M00000,6.0,3.7126247882843018,2.2873752117156982
chronos_2_erratic_features_plus_external,erratic,2024-11-01,58121M53M00000,1.0,1.523267388343811,0.523267388343811
chronos_2_erratic_features_plus_external,erratic,2024-11-01,58200M80T00000,2.0,0.0,2.0
chronos_2_erratic_features_plus_external,erratic,2024-11-01,5823052R00000,2.0,1.964967131614685,0.03503286838531494
chronos_2_erratic_features_plus_external,erratic,2024-11-01,58230M53M00000,5.0,0.281169593334198,4.718830406665802
chronos_2_erratic_features_plus_external,erratic,2024-11-01,58230M62S00000,1.0,2.321315050125122,1.321315050125122
chronos_2_erratic_features_plus_external,erratic,2024-11-01,58230M68K01000,2.0,0.8807739615440369,1.1192260384559631
chronos_2_erratic_features_plus_external,erratic,2024-11-01,5826077K00000,3.0,3.1107559204101562,0.11075592041015625
chronos_2_erratic_features_plus_external,erratic,2024-11-01,58270M68K00000,3.0,1.2696514129638672,1.7303485870361328
chronos_2_erratic_features_plus_external,erratic,2024-11-01,58270M76M01000,3.0,0.9200894832611084,2.0799105167388916
chronos_2_erratic_features_plus_external,erratic,2024-11-01,58280M68K00000,4.0,1.0778158903121948,2.922184109687805
chronos_2_erratic_features_plus_external,erratic,2024-11-01,58811M78R00000,0.0,2.0,2.0
chronos_2_erratic_features_plus_external,erratic,2024-11-01,65500M55T10000,0.0,1.6776751279830933,1.6776751279830933
chronos_2_erratic_features_plus_external,erratic,2024-11-01,65561M74L00000,4.0,3.010100841522217,0.9898991584777832
chronos_2_erratic_features_plus_external,erratic,2024-11-01,68001M55T20000,0.0,1.1931915283203125,1.1931915283203125
chronos_2_erratic_features_plus_external,erratic,2024-11-01,68001M62S12000,1.0,0.4432770013809204,0.5567229986190796
chronos_2_erratic_features_plus_external,erratic,2024-11-01,68002M55T20000,5.0,2.721137285232544,2.278862714767456
chronos_2_erratic_features_plus_external,erratic,2024-11-01,69100M53M00000,1.0,1.8686439990997314,0.8686439990997314
chronos_2_erratic_features_plus_external,erratic,2024-11-01,69100M67P10000,2.0,0.7128204107284546,1.2871795892715454
chronos_2_erratic_features_plus_external,erratic,2024-11-01,71079M74T00000,3.0,0.0,3.0
chronos_2_erratic_features_plus_external,erratic,2024-11-01,7171064R00ZQ4,10.0,4.145691394805908,5.854308605194092
chronos_2_erratic_features_plus_external,erratic,2024-11-01,7171154L10799,2.0,0.069144606590271,1.930855393409729
chronos_2_erratic_features_plus_external,erratic,2024-11-01,7171161P00799,0.0,0.9807285070419312,0.9807285070419312
chronos_2_erratic_features_plus_external,erratic,2024-11-01,7171178R015PK,3.0,1.9608628749847412,1.0391371250152588
chronos_2_erratic_features_plus_external,erratic,2024-11-01,7171179P00799,2.0,2.7480664253234863,0.7480664253234863
chronos_2_erratic_features_plus_external,erratic,2024-11-01,71711M53MA05PK,1.0,0.07277315855026245,0.9272268414497375
chronos_2_erratic_features_plus_external,erratic,2024-11-01,71711M53MA0799,1.0,0.5188156366348267,0.48118436336517334
chronos_2_erratic_features_plus_external,erratic,2024-11-01,71711M53MB05PK,0.0,0.1620526909828186,0.1620526909828186
chronos_2_erratic_features_plus_external,erratic,2024-11-01,71711M56R00799,5.0,2.882693290710449,2.117306709289551
chronos_2_erratic_features_plus_external,erratic,2024-11-01,71711M62S005PK,17.0,11.060615539550781,5.939384460449219
chronos_2_erratic_features_plus_external,erratic,2024-11-01,71711M66L005PK,1.0,2.745208740234375,1.745208740234375
chronos_2_erratic_features_plus_external,erratic,2024-11-01,71711M67P00799,2.0,3.571441650390625,1.571441650390625
chronos_2_erratic_features_plus_external,erratic,2024-11-01,71711M68K00799,2.0,1.981947660446167,0.018052339553833008
chronos_2_erratic_features_plus_external,erratic,2024-11-01,71711M73T115PK,1.0,0.8313153982162476,0.16868460178375244
chronos_2_erratic_features_plus_external,erratic,2024-11-01,71711M74L00799,3.0,2.0948171615600586,0.9051828384399414
chronos_2_erratic_features_plus_external,erratic,2024-11-01,71711M75L00799,4.0,2.3288795948028564,1.6711204051971436
chronos_2_erratic_features_plus_external,erratic,2024-11-01,71711M76M10799,4.0,2.5611414909362793,1.4388585090637207
chronos_2_erratic_features_plus_external,erratic,2024-11-01,71711M76T00N49,1.0,2.2115955352783203,1.2115955352783203
chronos_2_erratic_features_plus_external,erratic,2024-11-01,71711M79M00799,2.0,1.885430097579956,0.11456990242004395
chronos_2_erratic_features_plus_external,erratic,2024-11-01,71712M54T00000,3.0,3.2711310386657715,0.2711310386657715
chronos_2_erratic_features_plus_external,erratic,2024-11-01,71712M55T00000,3.0,4.380212306976318,1.3802123069763184
chronos_2_erratic_features_plus_external,erratic,2024-11-01,71712M56R00000,2.0,0.8674631118774414,1.1325368881225586
chronos_2_erratic_features_plus_external,erratic,2024-11-01,71712M79M00000,14.0,3.3176045417785645,10.682395458221436
chronos_2_erratic_features_plus_external,erratic,2024-11-01,71720M76M005PK,2.0,3.5414655208587646,1.5414655208587646
chronos_2_erratic_features_plus_external,erratic,2024-11-01,7172160K005PK,4.0,1.1301039457321167,2.8698960542678833
chronos_2_erratic_features_plus_external,erratic,2024-11-01,7172161P005PK,4.0,4.64076566696167,0.6407656669616699
chronos_2_erratic_features_plus_external,erratic,2024-11-01,7172177MJ05PK,3.0,0.21694189310073853,2.7830581068992615
chronos_2_erratic_features_plus_external,erratic,2024-11-01,7172179P005PK,0.0,2.8122434616088867,2.8122434616088867
chronos_2_erratic_features_plus_external,erratic,2024-11-01,7172186R105PK,2.0,2.5261330604553223,0.5261330604553223
chronos_2_erratic_features_plus_external,erratic,2024-11-01,71721M56R005PK,2.0,3.0430245399475098,1.0430245399475098
chronos_2_erratic_features_plus_external,erratic,2024-11-01,71721M60MA05PK,1.0,0.9816766977310181,0.018323302268981934
chronos_2_erratic_features_plus_external,erratic,2024-11-01,71721M74T005PK,6.0,0.9760715961456299,5.02392840385437
chronos_2_erratic_features_plus_external,erratic,2024-11-01,71721M75L005PK,7.0,3.3730061054229736,3.6269938945770264
chronos_2_erratic_features_plus_external,erratic,2024-11-01,71721M78R005PK,0.0,0.8313153982162476,0.8313153982162476
chronos_2_erratic_features_plus_external,erratic,2024-11-01,71721M84P005PK,1.0,0.3847219944000244,0.6152780055999756
chronos_2_erratic_features_plus_external,erratic,2024-11-01,7173154GA0000,3.0,1.0294400453567505,1.9705599546432495
chronos_2_erratic_features_plus_external,erratic,2024-11-01,7173163J20000,3.0,3.646822452545166,0.646822452545166
chronos_2_erratic_features_plus_external,erratic,2024-11-01,7173171L00000,2.0,6.6559858322143555,4.6559858322143555
chronos_2_erratic_features_plus_external,erratic,2024-11-01,71731M53M00000,2.0,1.9591784477233887,0.04082155227661133
chronos_2_erratic_features_plus_external,erratic,2024-11-01,71731M53MB0000,1.0,2.5321388244628906,1.5321388244628906
chronos_2_erratic_features_plus_external,erratic,2024-11-01,71731M66L005PK,0.0,1.7996673583984375,1.7996673583984375
chronos_2_erratic_features_plus_external,erratic,2024-11-01,71731M67P00000,0.0,2.3150572776794434,2.3150572776794434
chronos_2_erratic_features_plus_external,erratic,2024-11-01,71731M68K00000,8.0,2.144111156463623,5.855888843536377
chronos_2_erratic_features_plus_external,erratic,2024-11-01,7173262R00000,2.0,1.1555850505828857,0.8444149494171143
chronos_2_erratic_features_plus_external,erratic,2024-11-01,7173263J20000,1.0,3.85540771484375,2.85540771484375
chronos_2_erratic_features_plus_external,erratic,2024-11-01,7173271L00000,1.0,6.697809219360352,5.697809219360352
chronos_2_erratic_features_plus_external,erratic,2024-11-01,71732M53M00000,0.0,2.1993722915649414,2.1993722915649414
chronos_2_erratic_features_plus_external,erratic,2024-11-01,71732M66L005PK,4.0,1.1358938217163086,2.8641061782836914
chronos_2_erratic_features_plus_external,erratic,2024-11-01,71732M67P00000,0.0,3.0467565059661865,3.0467565059661865
chronos_2_erratic_features_plus_external,erratic,2024-11-01,71732M68K00000,5.0,3.3502554893493652,1.6497445106506348
chronos_2_erratic_features_plus_external,erratic,2024-11-01,71732M74T00000,4.0,0.4731868505477905,3.5268131494522095
chronos_2_erratic_features_plus_external,erratic,2024-11-01,71733M55T00000,8.0,4.358121871948242,3.641878128051758
chronos_2_erratic_features_plus_external,erratic,2024-11-01,71733M74L00000,1.0,0.3223428726196289,0.6776571273803711
chronos_2_erratic_features_plus_external,erratic,2024-11-01,71734M55T00000,4.0,3.3061954975128174,0.6938045024871826
chronos_2_erratic_features_plus_external,erratic,2024-11-01,71734M68L00000,0.0,1.3062770366668701,1.3062770366668701
chronos_2_erratic_features_plus_external,erratic,2024-11-01,71734M74T00000,2.0,0.0,2.0
chronos_2_erratic_features_plus_external,erratic,2024-11-01,7174054L10D2W,3.0,1.6578645706176758,1.3421354293823242
chronos_2_erratic_features_plus_external,erratic,2024-11-01,7174073R10CUG,1.0,1.3119999170303345,0.3119999170303345
chronos_2_erratic_features_plus_external,erratic,2024-11-01,7174079P00C48,1.0,2.8344051837921143,1.8344051837921143
chronos_2_erratic_features_plus_external,erratic,2024-11-01,7174079S00C48,7.0,4.6054606437683105,2.3945393562316895
chronos_2_erratic_features_plus_external,erratic,2024-11-01,71740M55T10C48,0.0,7.8757781982421875,7.8757781982421875
chronos_2_erratic_features_plus_external,erratic,2024-11-01,71740M56R00C48,2.0,3.91438627243042,1.91438627243042
chronos_2_erratic_features_plus_external,erratic,2024-11-01,71740M68T00C48,46.0,29.995420455932617,16.004579544067383
chronos_2_erratic_features_plus_external,erratic,2024-11-01,71740M76MA0C48,10.0,12.588019371032715,2.588019371032715
chronos_2_erratic_features_plus_external,erratic,2024-11-01,71740M76T10KDJ,2.0,1.7622573375701904,0.23774266242980957
chronos_2_erratic_features_plus_external,erratic,2024-11-01,71740M81R00C48,3.0,3.275198221206665,0.27519822120666504
chronos_2_erratic_features_plus_external,erratic,2024-11-01,7174160P005PK,1.0,2.100658893585205,1.100658893585205
chronos_2_erratic_features_plus_external,erratic,2024-11-01,71741M53M005PK,4.0,3.9481749534606934,0.05182504653930664
chronos_2_erratic_features_plus_external,erratic,2024-11-01,71741M53MA05PK,6.0,1.504151701927185,4.495848298072815
chronos_2_erratic_features_plus_external,erratic,2024-11-01,71741M74L005PK,1.0,1.6801844835281372,0.6801844835281372
chronos_2_erratic_features_plus_external,erratic,2024-11-01,71741M75L005PK,3.0,0.9551893472671509,2.044810652732849
chronos_2_erratic_features_plus_external,erratic,2024-11-01,71741M76M105PK,0.0,3.516874074935913,3.516874074935913
chronos_2_erratic_features_plus_external,erratic,2024-11-01,71741M83P005PK,3.0,10.788827896118164,7.788827896118164
chronos_2_erratic_features_plus_external,erratic,2024-11-01,71743M76M100PG,0.0,1.278794527053833,1.278794527053833
chronos_2_erratic_features_plus_external,erratic,2024-11-01,71744M76M100PG,0.0,1.3298399448394775,1.3298399448394775
chronos_2_erratic_features_plus_external,erratic,2024-11-01,7175172S205PK,1.0,1.1736172437667847,0.17361724376678467
chronos_2_erratic_features_plus_external,erratic,2024-11-01,7175186R000PG,3.0,4.068699836730957,1.068699836730957
chronos_2_erratic_features_plus_external,erratic,2024-11-01,71751M67P105PK,0.0,0.7172650098800659,0.7172650098800659
chronos_2_erratic_features_plus_external,erratic,2024-11-01,71751M83P105PK,2.0,3.1531238555908203,1.1531238555908203
chronos_2_erratic_features_plus_external,erratic,2024-11-01,71752M54T100PG,0.0,5.791077613830566,5.791077613830566
chronos_2_erratic_features_plus_external,erratic,2024-11-01,71752M83P00PWJ,5.0,5.065343379974365,0.06534337997436523
chronos_2_erratic_features_plus_external,erratic,2024-11-01,7176179P105PK,1.0,0.5407142639160156,0.4592857360839844
chronos_2_erratic_features_plus_external,erratic,2024-11-01,71761M52R105PK,2.0,2.220123291015625,0.220123291015625
chronos_2_erratic_features_plus_external,erratic,2024-11-01,71761M67P105PK,0.0,1.4241620302200317,1.4241620302200317
chronos_2_erratic_features_plus_external,erratic,2024-11-01,71761M68K105PK,1.0,0.9736722707748413,0.02632772922515869
chronos_2_erratic_features_plus_external,erratic,2024-11-01,71761M74T20ZAM,0.0,0.9023250341415405,0.9023250341415405
chronos_2_erratic_features_plus_external,erratic,2024-11-01,71761M76MB0Z2S,0.0,1.348893165588379,1.348893165588379
chronos_2_erratic_features_plus_external,erratic,2024-11-01,71761M76MB0ZHJ,2.0,1.4201996326446533,0.5798003673553467
chronos_2_erratic_features_plus_external,erratic,2024-11-01,71762M54T100PG,4.0,3.854182243347168,0.14581775665283203
chronos_2_erratic_features_plus_external,erratic,2024-11-01,7177164R005PK,4.0,0.020606040954589844,3.97939395904541
chronos_2_erratic_features_plus_external,erratic,2024-11-01,7177171L00000,3.0,1.048731803894043,1.951268196105957
chronos_2_erratic_features_plus_external,erratic,2024-11-01,7177186R000PG,3.0,0.4017404317855835,2.5982595682144165
chronos_2_erratic_features_plus_external,erratic,2024-11-01,71771M55T00000,7.0,5.156928062438965,1.8430719375610352
chronos_2_erratic_features_plus_external,erratic,2024-11-01,71771M56R100PG,1.0,1.9781322479248047,0.9781322479248047
chronos_2_erratic_features_plus_external,erratic,2024-11-01,71771M76T00PER,0.0,0.9910924434661865,0.9910924434661865
chronos_2_erratic_features_plus_external,erratic,2024-11-01,71772M55T00000,14.0,1.4346108436584473,12.565389156341553
chronos_2_erratic_features_plus_external,erratic,2024-11-01,71782M56R100PG,2.0,1.0764784812927246,0.9235215187072754
chronos_2_erratic_features_plus_external,erratic,2024-11-01,71782M66L00000,0.0,1.0870475769042969,1.0870475769042969
chronos_2_erratic_features_plus_external,erratic,2024-11-01,7181179P00799,5.0,3.4640040397644043,1.5359959602355957
chronos_2_erratic_features_plus_external,erratic,2024-11-01,71811M53M00799,1.0,3.0837087631225586,2.0837087631225586
chronos_2_erratic_features_plus_external,erratic,2024-11-01,71811M56R00799,4.0,1.5299012660980225,2.4700987339019775
chronos_2_erratic_features_plus_external,erratic,2024-11-01,71811M56R10799,1.0,2.281404495239258,1.2814044952392578
chronos_2_erratic_features_plus_external,erratic,2024-11-01,71811M66L005PK,0.0,1.3694891929626465,1.3694891929626465
chronos_2_erratic_features_plus_external,erratic,2024-11-01,71811M67P01799,4.0,3.35988187789917,0.6401181221008301
chronos_2_erratic_features_plus_external,erratic,2024-11-01,71811M68K00799,2.0,1.2343902587890625,0.7656097412109375
chronos_2_erratic_features_plus_external,erratic,2024-11-01,71811M68P00799,5.0,2.6729164123535156,2.3270835876464844
chronos_2_erratic_features_plus_external,erratic,2024-11-01,71811M74T00799,0.0,1.3920905590057373,1.3920905590057373
chronos_2_erratic_features_plus_external,erratic,2024-11-01,71811M75L00799,1.0,1.9668159484863281,0.9668159484863281
chronos_2_erratic_features_plus_external,erratic,2024-11-01,71811M76M00799,7.0,1.4795737266540527,5.520426273345947
chronos_2_erratic_features_plus_external,erratic,2024-11-01,71811M80T105PK,1.0,0.005074560642242432,0.9949254393577576
chronos_2_erratic_features_plus_external,erratic,2024-11-01,7181365L00000,0.0,1.2070903778076172,1.2070903778076172
chronos_2_erratic_features_plus_external,erratic,2024-11-01,7182173K10000,0.0,2.292557716369629,2.292557716369629
chronos_2_erratic_features_plus_external,erratic,2024-11-01,7182179P00000,4.0,2.386956214904785,1.6130437850952148
chronos_2_erratic_features_plus_external,erratic,2024-11-01,71821M68K00000,4.0,2.016685962677002,1.983314037322998
chronos_2_erratic_features_plus_external,erratic,2024-11-01,71821M79M00000,0.0,5.622278213500977,5.622278213500977
chronos_2_erratic_features_plus_external,erratic,2024-11-01,7182273K10000,2.0,2.636338710784912,0.6363387107849121
chronos_2_erratic_features_plus_external,erratic,2024-11-01,7182279P00000,5.0,0.1752375364303589,4.824762463569641
chronos_2_erratic_features_plus_external,erratic,2024-11-01,7182280J00000,5.0,2.134805679321289,2.865194320678711
chronos_2_erratic_features_plus_external,erratic,2024-11-01,71822M55T00000,5.0,2.8075132369995117,2.1924867630004883
chronos_2_erratic_features_plus_external,erratic,2024-11-01,71822M68K00000,1.0,2.0711121559143066,1.0711121559143066
chronos_2_erratic_features_plus_external,erratic,2024-11-01,71822M79M00000,0.0,5.724264144897461,5.724264144897461
chronos_2_erratic_features_plus_external,erratic,2024-11-01,71823M68L00000,9.0,4.528234481811523,4.471765518188477
chronos_2_erratic_features_plus_external,erratic,2024-11-01,7187186R000BK,0.0,4.46738338470459,4.46738338470459
chronos_2_erratic_features_plus_external,erratic,2024-11-01,72310M68K00000,1.0,1.411367654800415,0.41136765480041504
chronos_2_erratic_features_plus_external,erratic,2024-11-01,72312M55R00000,4.0,7.646747589111328,3.646747589111328
chronos_2_erratic_features_plus_external,erratic,2024-11-01,72312M68K00000,15.0,1.590261459350586,13.409738540649414
chronos_2_erratic_features_plus_external,erratic,2024-11-01,7232154P00000,3.0,1.4172497987747192,1.5827502012252808
chronos_2_erratic_features_plus_external,erratic,2024-11-01,7232171L00000,1.0,1.2972066402435303,0.2972066402435303
chronos_2_erratic_features_plus_external,erratic,2024-11-01,72321M53M00000,2.0,4.380159854888916,2.380159854888916
chronos_2_erratic_features_plus_external,erratic,2024-11-01,72321M68K00000,6.0,1.6712788343429565,4.3287211656570435
chronos_2_erratic_features_plus_external,erratic,2024-11-01,72321M74L00000,10.0,8.50108528137207,1.4989147186279297
chronos_2_erratic_features_plus_external,erratic,2024-11-01,72321M76M01000,2.0,2.5722856521606445,0.5722856521606445
chronos_2_erratic_features_plus_external,erratic,2024-11-01,7232271L00000,0.0,1.8179391622543335,1.8179391622543335
chronos_2_erratic_features_plus_external,erratic,2024-11-01,72322M53M00000,3.0,4.532816410064697,1.5328164100646973
chronos_2_erratic_features_plus_external,erratic,2024-11-01,72322M68K00000,2.0,2.2794570922851562,0.27945709228515625
chronos_2_erratic_features_plus_external,erratic,2024-11-01,72322M74L00000,3.0,8.533306121826172,5.533306121826172
chronos_2_erratic_features_plus_external,erratic,2024-11-01,72322M76M01000,5.0,2.3585987091064453,2.6414012908935547
chronos_2_erratic_features_plus_external,erratic,2024-11-01,72371M74L105PK,3.0,1.5951251983642578,1.4048748016357422
chronos_2_erratic_features_plus_external,erratic,2024-11-01,72380M62S01000,1.0,2.6065616607666016,1.6065616607666016
chronos_2_erratic_features_plus_external,erratic,2024-11-01,72398M68K00000,2.0,0.2692949175834656,1.7307050824165344
chronos_2_erratic_features_plus_external,erratic,2024-11-01,72411M74L10000,2.0,1.0093461275100708,0.9906538724899292
chronos_2_erratic_features_plus_external,erratic,2024-11-01,72420M80T00000,1.0,0.5,0.5
chronos_2_erratic_features_plus_external,erratic,2024-11-01,7242252R00000,1.0,1.5330041646957397,0.5330041646957397
chronos_2_erratic_features_plus_external,erratic,2024-11-01,72431M68L00000,0.0,2.291316032409668,2.291316032409668
chronos_2_erratic_features_plus_external,erratic,2024-11-01,72433M56R00000,2.0,1.6573328971862793,0.3426671028137207
chronos_2_erratic_features_plus_external,erratic,2024-11-01,72437M68L00000,1.0,1.058340311050415,0.05834031105041504
chronos_2_erratic_features_plus_external,erratic,2024-11-01,7248265J00000,4.0,1.2313604354858398,2.76863956451416
chronos_2_erratic_features_plus_external,erratic,2024-11-01,7282165J00Z2S,9.0,3.7288851737976074,5.271114826202393
chronos_2_erratic_features_plus_external,erratic,2024-11-01,73110M68P50ZCA,0.0,1.1391152143478394,1.1391152143478394
chronos_2_erratic_features_plus_external,erratic,2024-11-01,7343061J00P4Z,0.0,0.9863712787628174,0.9863712787628174
chronos_2_erratic_features_plus_external,erratic,2024-11-01,73430M75J00P4Z,1.0,1.1119672060012817,0.11196720600128174
chronos_2_erratic_features_plus_external,erratic,2024-11-01,73821M62S205PK,1.0,1.6928918361663818,0.6928918361663818
chronos_2_erratic_features_plus_external,erratic,2024-11-01,73821M67P305PK,4.0,0.35311031341552734,3.6468896865844727
chronos_2_erratic_features_plus_external,erratic,2024-11-01,73831M68P005PK,1.0,1.5573041439056396,0.5573041439056396
chronos_2_erratic_features_plus_external,erratic,2024-11-01,74120M66L10000,1.0,1.7090320587158203,0.7090320587158203
chronos_2_erratic_features_plus_external,erratic,2024-11-01,74461M79M005PK,6.0,1.8878486156463623,4.112151384353638
chronos_2_erratic_features_plus_external,erratic,2024-11-01,7619171L005PK,1.0,1.1868253946304321,0.18682539463043213
chronos_2_erratic_features_plus_external,erratic,2024-11-01,7619254P005PK,3.0,3.2705912590026855,0.27059125900268555
chronos_2_erratic_features_plus_external,erratic,2024-11-01,76520M68P10000,2.0,1.3240498304367065,0.6759501695632935
chronos_2_erratic_features_plus_external,erratic,2024-11-01,76520M74K01000,0.0,2.370335340499878,2.370335340499878
chronos_2_erratic_features_plus_external,erratic,2024-11-01,77161M68P00000,2.0,1.3665767908096313,0.6334232091903687
chronos_2_erratic_features_plus_external,erratic,2024-11-01,77210M74T005PK,1.0,0.7836661338806152,0.21633386611938477
chronos_2_erratic_features_plus_external,erratic,2024-11-01,7726054P005PK,3.0,3.4845798015594482,0.48457980155944824
chronos_2_erratic_features_plus_external,erratic,2024-11-01,7733061M01000,1.0,1.096024990081787,0.09602499008178711
chronos_2_erratic_features_plus_external,erratic,2024-11-01,77330M81R00000,13.0,2.4402096271514893,10.55979037284851
chronos_2_erratic_features_plus_external,erratic,2024-11-01,7781158J000PG,1.0,1.3063865900039673,0.3063865900039673
chronos_2_erratic_features_plus_external,erratic,2024-11-01,77811M58J000PG,1.0,2.3736445903778076,1.3736445903778076
chronos_2_erratic_features_plus_external,erratic,2024-11-01,77811M63T000PG,1.0,0.9942887425422668,0.005711257457733154
chronos_2_erratic_features_plus_external,erratic,2024-11-01,7783154GB00PG,1.0,2.128831624984741,1.1288316249847412
chronos_2_erratic_features_plus_external,erratic,2024-11-01,77831M68L000PG,3.0,1.7632298469543457,1.2367701530456543
chronos_2_erratic_features_plus_external,erratic,2024-11-01,77851M54G000PG,1.0,1.0554158687591553,0.05541586875915527
chronos_2_erratic_features_plus_external,erratic,2024-11-01,8185061J01000,5.0,2.587066650390625,2.412933349609375
chronos_2_erratic_features_plus_external,erratic,2024-11-01,81850M68K00000,2.0,2.6252315044403076,0.6252315044403076
chronos_2_erratic_features_plus_external,erratic,2024-11-01,81850M68P10000,0.0,2.7935123443603516,2.7935123443603516
chronos_2_erratic_features_plus_external,erratic,2024-11-01,8186061J01000,2.0,3.0004169940948486,1.0004169940948486
chronos_2_erratic_features_plus_external,erratic,2024-11-01,81860M68K00000,2.0,2.8733432292938232,0.8733432292938232
chronos_2_erratic_features_plus_external,erratic,2024-11-01,81860M79G20000,0.0,0.10214173793792725,0.10214173793792725
chronos_2_erratic_features_plus_external,erratic,2024-11-01,8212177K00000,0.0,1.525357723236084,1.525357723236084
chronos_2_erratic_features_plus_external,erratic,2024-11-01,82801M66L015PK,6.0,4.993481159210205,1.006518840789795
chronos_2_erratic_features_plus_external,erratic,2024-11-01,82801M68K005PK,11.0,1.2077268362045288,9.792273163795471
chronos_2_erratic_features_plus_external,erratic,2024-11-01,82802M66L015PK,6.0,5.767331123352051,0.23266887664794922
chronos_2_erratic_features_plus_external,erratic,2024-11-01,82802M68K5026U,16.0,12.989460945129395,3.0105390548706055
chronos_2_erratic_features_plus_external,erratic,2024-11-01,82802M81A605PK,1.0,1.0071943998336792,0.007194399833679199
chronos_2_erratic_features_plus_external,erratic,2024-11-01,82850M76M005PK,1.0,6.0740861892700195,5.0740861892700195
chronos_2_erratic_features_plus_external,erratic,2024-11-01,8392152R010CE,1.0,0.4342036843299866,0.5657963156700134
chronos_2_erratic_features_plus_external,erratic,2024-11-01,83921M68P000CB,3.0,2.5825002193450928,0.4174997806549072
chronos_2_erratic_features_plus_external,erratic,2024-11-01,83922M55T000CB,3.0,0.9633771181106567,2.0366228818893433
chronos_2_erratic_features_plus_external,erratic,2024-11-01,8392352R020CE,3.0,0.7869124412536621,2.213087558746338
chronos_2_erratic_features_plus_external,erratic,2024-11-01,83923M68P000CB,3.0,3.0739948749542236,0.07399487495422363
chronos_2_erratic_features_plus_external,erratic,2024-11-01,83924M55T000CB,1.0,2.144045114517212,1.144045114517212
chronos_2_erratic_features_plus_external,erratic,2024-11-01,83924M62S000CB,1.0,0.7124909162521362,0.28750908374786377
chronos_2_erratic_features_plus_external,erratic,2024-11-01,83924M68P100CB,5.0,3.4387168884277344,1.5612831115722656
chronos_2_erratic_features_plus_external,erratic,2024-11-01,83926M68P000CB,3.0,1.6781916618347168,1.3218083381652832
chronos_2_erratic_features_plus_external,erratic,2024-11-01,8393061J005PK,0.0,4.701555252075195,4.701555252075195
chronos_2_erratic_features_plus_external,erratic,2024-11-01,83932M68P000CB,2.0,1.1766847372055054,0.8233152627944946
chronos_2_erratic_features_plus_external,erratic,2024-11-01,83940M68P100PG,0.0,1.8387924432754517,1.8387924432754517
chronos_2_erratic_features_plus_external,erratic,2024-11-01,83940M74L10000,1.0,1.9986608028411865,0.9986608028411865
chronos_2_erratic_features_plus_external,erratic,2024-11-01,83970M68P00000,1.0,1.6347200870513916,0.6347200870513916
chronos_2_erratic_features_plus_external,erratic,2024-11-01,84051M55T01000,0.0,0.3578662872314453,0.3578662872314453
chronos_2_erratic_features_plus_external,erratic,2024-11-01,84051M55T11000,2.0,0.25033557415008545,1.7496644258499146
chronos_2_erratic_features_plus_external,erratic,2024-11-01,8450152R02000,1.0,1.3759896755218506,0.3759896755218506
chronos_2_erratic_features_plus_external,erratic,2024-11-01,84501M55T00000,0.0,0.6595538854598999,0.6595538854598999
chronos_2_erratic_features_plus_external,erratic,2024-11-01,84501M68P00000,4.0,2.9556031227111816,1.0443968772888184
chronos_2_erratic_features_plus_external,erratic,2024-11-01,84502M68P00000,2.0,2.91096830368042,0.9109683036804199
chronos_2_erratic_features_plus_external,erratic,2024-11-01,84510M74L01000,0.0,0.0,0.0
chronos_2_erratic_features_plus_external,erratic,2024-11-01,84511M76M10000,1.0,1.1539256572723389,0.15392565727233887
chronos_2_erratic_features_plus_external,erratic,2024-11-01,8470171LVAZMT,1.0,1.23264479637146,0.23264479637145996
chronos_2_erratic_features_plus_external,erratic,2024-11-01,84701M53M205PK,1.0,5.725272178649902,4.725272178649902
chronos_2_erratic_features_plus_external,erratic,2024-11-01,84701M55TB0ZHJ,1.0,1.8146272897720337,0.8146272897720337
chronos_2_erratic_features_plus_external,erratic,2024-11-01,84701M68P31ZHJ,3.0,1.7508527040481567,1.2491472959518433
chronos_2_erratic_features_plus_external,erratic,2024-11-01,84701M68P515PK,4.0,0.960358202457428,3.039641797542572
chronos_2_erratic_features_plus_external,erratic,2024-11-01,84701M74LC15PK,1.0,1.675960898399353,0.675960898399353
chronos_2_erratic_features_plus_external,erratic,2024-11-01,8470261J025PK,2.0,2.2052927017211914,0.2052927017211914
chronos_2_erratic_features_plus_external,erratic,2024-11-01,84702M53M205PK,2.0,3.4925363063812256,1.4925363063812256
chronos_2_erratic_features_plus_external,erratic,2024-11-01,84702M55TB0ZHJ,2.0,0.02052241563796997,1.97947758436203
chronos_2_erratic_features_plus_external,erratic,2024-11-01,84702M56R92ZHJ,1.0,1.371934175491333,0.371934175491333
chronos_2_erratic_features_plus_external,erratic,2024-11-01,84702M62S20Z4Q,0.0,2.6774308681488037,2.6774308681488037
chronos_2_erratic_features_plus_external,erratic,2024-11-01,84702M68P31ZHJ,1.0,1.7278971672058105,0.7278971672058105
chronos_2_erratic_features_plus_external,erratic,2024-11-01,84702M68P515PK,1.0,2.325336217880249,1.325336217880249
chronos_2_erratic_features_plus_external,erratic,2024-11-01,84702M74LC15PK,2.0,3.2044646739959717,1.2044646739959717
chronos_2_erratic_features_plus_external,erratic,2024-11-01,84702M79G30000,3.0,0.2441091537475586,2.7558908462524414
chronos_2_erratic_features_plus_external,erratic,2024-11-01,84703M79M02000,7.0,2.460712432861328,4.539287567138672
chronos_2_erratic_features_plus_external,erratic,2024-11-01,8471852R20ZVR,2.0,0.5623867511749268,1.4376132488250732
chronos_2_erratic_features_plus_external,erratic,2024-11-01,8472852R20ZVR,1.0,1.1050362586975098,0.10503625869750977
chronos_2_erratic_features_plus_external,erratic,2024-11-01,8472865J00Z2S,0.0,1.744452953338623,1.744452953338623
chronos_2_erratic_features_plus_external,erratic,2024-11-01,8472880J00Z2S,0.0,1.1592804193496704,1.1592804193496704
chronos_2_erratic_features_plus_external,erratic,2024-11-01,84730M67P10000,2.0,2.871577262878418,0.871577262878418
chronos_2_erratic_features_plus_external,erratic,2024-11-01,84730M74LC0000,2.0,7.304295539855957,5.304295539855957
chronos_2_erratic_features_plus_external,erratic,2024-11-01,84730M79M00000,10.0,13.3925142288208,3.392514228820801
chronos_2_erratic_features_plus_external,erratic,2024-11-01,8474061M00000,5.0,4.845546245574951,0.15445375442504883
chronos_2_erratic_features_plus_external,erratic,2024-11-01,8474065J00000,5.0,1.4933950901031494,3.5066049098968506
chronos_2_erratic_features_plus_external,erratic,2024-11-01,84740M67P10000,3.0,3.0881080627441406,0.08810806274414062
chronos_2_erratic_features_plus_external,erratic,2024-11-01,84740M74LC0000,0.0,5.588865280151367,5.588865280151367
chronos_2_erratic_features_plus_external,erratic,2024-11-01,84740M74LE0000,3.0,0.39186954498291016,2.60813045501709
chronos_2_erratic_features_plus_external,erratic,2024-11-01,84740M76M00000,6.0,5.807785987854004,0.1922140121459961
chronos_2_erratic_features_plus_external,erratic,2024-11-01,84740M79M00000,4.0,13.136378288269043,9.136378288269043
chronos_2_erratic_features_plus_external,erratic,2024-11-01,84920M68PB1BHE,0.0,1.2533197402954102,1.2533197402954102
chronos_2_erratic_features_plus_external,erratic,2024-11-01,84940M68PC1BHE,0.0,2.2654640674591064,2.2654640674591064
chronos_2_erratic_features_plus_external,erratic,2024-11-01,95130M68K00000,0.0,2.036412239074707,2.036412239074707
chronos_2_erratic_features_plus_external,erratic,2024-11-01,95310M53T00000,8.0,1.1692396402359009,6.830760359764099
chronos_2_erratic_features_plus_external,erratic,2024-11-01,95310M55T00000,5.0,3.1542792320251465,1.8457207679748535
chronos_2_erratic_features_plus_external,erratic,2024-11-01,95310M76M00000,5.0,1.0353559255599976,3.9646440744400024
chronos_2_erratic_features_plus_external,erratic,2024-12-01,0911912012000,46.0,33.624507904052734,12.375492095947266
chronos_2_erratic_features_plus_external,erratic,2024-12-01,09140M12040000,40.0,8.360305786132812,31.639694213867188
chronos_2_erratic_features_plus_external,erratic,2024-12-01,0915912057000,62.0,6.118258953094482,55.88174104690552
chronos_2_erratic_features_plus_external,erratic,2024-12-01,09209M09L02000,10.0,4.697765827178955,5.302234172821045
chronos_2_erratic_features_plus_external,erratic,2024-12-01,0924616021000,7.0,7.408336639404297,0.4083366394042969
chronos_2_erratic_features_plus_external,erratic,2024-12-01,0928335052000,7.0,1.454761266708374,5.545238733291626
chronos_2_erratic_features_plus_external,erratic,2024-12-01,0928348007000,0.0,5.059832572937012,5.059832572937012
chronos_2_erratic_features_plus_external,erratic,2024-12-01,0940907340000,70.0,62.05936050415039,7.940639495849609
chronos_2_erratic_features_plus_external,erratic,2024-12-01,09409M07355000,70.0,16.413776397705078,53.58622360229492
chronos_2_erratic_features_plus_external,erratic,2024-12-01,09409M08006000,36.0,12.847793579101562,23.152206420898438
chronos_2_erratic_features_plus_external,erratic,2024-12-01,09409M10L04000,4.0,23.628948211669922,19.628948211669922
chronos_2_erratic_features_plus_external,erratic,2024-12-01,11610M53M00000,9.0,5.529448509216309,3.4705514907836914
chronos_2_erratic_features_plus_external,erratic,2024-12-01,11610M68K03000,1.0,2.7353103160858154,1.7353103160858154
chronos_2_erratic_features_plus_external,erratic,2024-12-01,11620M53M00000,10.0,3.0649633407592773,6.935036659240723
chronos_2_erratic_features_plus_external,erratic,2024-12-01,11710M53M00000,11.0,4.476099967956543,6.523900032043457
chronos_2_erratic_features_plus_external,erratic,2024-12-01,17100M62S00000,4.0,2.6286139488220215,1.3713860511779785
chronos_2_erratic_features_plus_external,erratic,2024-12-01,17213M76M00000,1.0,3.2231929302215576,2.2231929302215576
chronos_2_erratic_features_plus_external,erratic,2024-12-01,17214M76M10000,2.0,1.1978189945220947,0.8021810054779053
chronos_2_erratic_features_plus_external,erratic,2024-12-01,17700M53M20000,6.0,3.1938271522521973,2.8061728477478027
chronos_2_erratic_features_plus_external,erratic,2024-12-01,17700M76M10000,1.0,3.219646453857422,2.219646453857422
chronos_2_erratic_features_plus_external,erratic,2024-12-01,17700M83P00000,0.0,1.2799595594406128,1.2799595594406128
chronos_2_erratic_features_plus_external,erratic,2024-12-01,3512065J32000,1.0,3.840754508972168,2.840754508972168
chronos_2_erratic_features_plus_external,erratic,2024-12-01,3512071L20000,0.0,0.8859491348266602,0.8859491348266602
chronos_2_erratic_features_plus_external,erratic,2024-12-01,35120M68K20000,0.0,0.22903823852539062,0.22903823852539062
chronos_2_erratic_features_plus_external,erratic,2024-12-01,35121M53MB0000,6.0,3.269423484802246,2.730576515197754
chronos_2_erratic_features_plus_external,erratic,2024-12-01,35121M60M10000,0.0,1.11366868019104,1.11366868019104
chronos_2_erratic_features_plus_external,erratic,2024-12-01,35121M62S30000,8.0,5.527421474456787,2.472578525543213
chronos_2_erratic_features_plus_external,erratic,2024-12-01,35121M67P10000,15.0,2.584045648574829,12.415954351425171
chronos_2_erratic_features_plus_external,erratic,2024-12-01,35121M74L01000,0.0,11.172609329223633,11.172609329223633
chronos_2_erratic_features_plus_external,erratic,2024-12-01,35121M76M50000,7.0,2.420870780944824,4.579129219055176
chronos_2_erratic_features_plus_external,erratic,2024-12-01,35153M59K10000,0.0,0.3123970031738281,0.3123970031738281
chronos_2_erratic_features_plus_external,erratic,2024-12-01,35300M74TB1000,2.0,2.006192684173584,0.006192684173583984
chronos_2_erratic_features_plus_external,erratic,2024-12-01,3532064J31000,1.0,3.4207053184509277,2.4207053184509277
chronos_2_erratic_features_plus_external,erratic,2024-12-01,3532065J32000,3.0,1.0288333892822266,1.9711666107177734
chronos_2_erratic_features_plus_external,erratic,2024-12-01,3532071L20000,2.0,0.3628356456756592,1.6371643543243408
chronos_2_erratic_features_plus_external,erratic,2024-12-01,3532079P30000,2.0,3.7444684505462646,1.7444684505462646
chronos_2_erratic_features_plus_external,erratic,2024-12-01,35321M53MB0000,7.0,4.992030143737793,2.007969856262207
chronos_2_erratic_features_plus_external,erratic,2024-12-01,35321M55T53000,2.0,2.7968196868896484,0.7968196868896484
chronos_2_erratic_features_plus_external,erratic,2024-12-01,35321M67P10000,15.0,2.0629653930664062,12.937034606933594
chronos_2_erratic_features_plus_external,erratic,2024-12-01,35321M68K21000,1.0,2.344851493835449,1.3448514938354492
chronos_2_erratic_features_plus_external,erratic,2024-12-01,35321M74L01000,0.0,6.586879730224609,6.586879730224609
chronos_2_erratic_features_plus_external,erratic,2024-12-01,35321M76M50000,4.0,4.328805923461914,0.32880592346191406
chronos_2_erratic_features_plus_external,erratic,2024-12-01,3550054P01000,2.0,1.0743306875228882,0.9256693124771118
chronos_2_erratic_features_plus_external,erratic,2024-12-01,35501M67P00000,0.0,1.8256676197052002,1.8256676197052002
chronos_2_erratic_features_plus_external,erratic,2024-12-01,3565064J21000,0.0,1.1295037269592285,1.1295037269592285
chronos_2_erratic_features_plus_external,erratic,2024-12-01,3565065J21000,2.0,6.78795051574707,4.78795051574707
chronos_2_erratic_features_plus_external,erratic,2024-12-01,3565077R00000,4.0,2.5963351726531982,1.4036648273468018
chronos_2_erratic_features_plus_external,erratic,2024-12-01,3565079P00000,0.0,1.1105413436889648,1.1105413436889648
chronos_2_erratic_features_plus_external,erratic,2024-12-01,35650M53M00000,0.0,1.979456901550293,1.979456901550293
chronos_2_erratic_features_plus_external,erratic,2024-12-01,35650M66L00000,0.0,1.6102252006530762,1.6102252006530762
chronos_2_erratic_features_plus_external,erratic,2024-12-01,35650M67P00000,0.0,0.13288545608520508,0.13288545608520508
chronos_2_erratic_features_plus_external,erratic,2024-12-01,35650M74L00000,0.0,4.481321334838867,4.481321334838867
chronos_2_erratic_features_plus_external,erratic,2024-12-01,35651M68K00000,0.0,0.8564434051513672,0.8564434051513672
chronos_2_erratic_features_plus_external,erratic,2024-12-01,35651M75L00000,0.0,2.000117301940918,2.000117301940918
chronos_2_erratic_features_plus_external,erratic,2024-12-01,35651M76M00000,6.0,2.891969680786133,3.108030319213867
chronos_2_erratic_features_plus_external,erratic,2024-12-01,3567060K00000,5.0,0.4941902160644531,4.505809783935547
chronos_2_erratic_features_plus_external,erratic,2024-12-01,3567061M10000,0.0,2.5841898918151855,2.5841898918151855
chronos_2_erratic_features_plus_external,erratic,2024-12-01,3567064J20000,3.0,2.513676404953003,0.48632359504699707
chronos_2_erratic_features_plus_external,erratic,2024-12-01,3567071L00000,0.0,1.9640071392059326,1.9640071392059326
chronos_2_erratic_features_plus_external,erratic,2024-12-01,3567079P00000,1.0,1.0016324520111084,0.0016324520111083984
chronos_2_erratic_features_plus_external,erratic,2024-12-01,35670M74L00000,1.0,7.035452842712402,6.035452842712402
chronos_2_erratic_features_plus_external,erratic,2024-12-01,35671M68K00000,0.0,1.1565964221954346,1.1565964221954346
chronos_2_erratic_features_plus_external,erratic,2024-12-01,35671M75L00000,3.0,4.1790571212768555,1.1790571212768555
chronos_2_erratic_features_plus_external,erratic,2024-12-01,35750M53M00000,0.0,4.209863185882568,4.209863185882568
chronos_2_erratic_features_plus_external,erratic,2024-12-01,35750M66L00000,0.0,0.7997176051139832,0.7997176051139832
chronos_2_erratic_features_plus_external,erratic,2024-12-01,35750M67P00000,1.0,2.3455872535705566,1.3455872535705566
chronos_2_erratic_features_plus_external,erratic,2024-12-01,3591075F12000,1.0,1.9006068706512451,0.9006068706512451
chronos_2_erratic_features_plus_external,erratic,2024-12-01,36250M74T15000,2.0,1.7908225059509277,0.20917749404907227
chronos_2_erratic_features_plus_external,erratic,2024-12-01,3625479P01000,2.0,1.9418950080871582,0.0581049919128418
chronos_2_erratic_features_plus_external,erratic,2024-12-01,3625486R20000,3.0,0.8407207727432251,2.159279227256775
chronos_2_erratic_features_plus_external,erratic,2024-12-01,36410M67K00000,2.0,6.4981231689453125,4.4981231689453125
chronos_2_erratic_features_plus_external,erratic,2024-12-01,38450M68K00000,3.0,0.5660109519958496,2.4339890480041504
chronos_2_erratic_features_plus_external,erratic,2024-12-01,38450M74L10000,5.0,3.346149206161499,1.653850793838501
chronos_2_erratic_features_plus_external,erratic,2024-12-01,38450M76M00000,2.0,1.6437623500823975,0.35623764991760254
chronos_2_erratic_features_plus_external,erratic,2024-12-01,38453M75000000,3.0,0.6952869892120361,2.304713010787964
chronos_2_erratic_features_plus_external,erratic,2024-12-01,3925164J00000,2.0,4.849852085113525,2.8498520851135254
chronos_2_erratic_features_plus_external,erratic,2024-12-01,3932152R00000,1.0,1.4936213493347168,0.4936213493347168
chronos_2_erratic_features_plus_external,erratic,2024-12-01,39321M62S10000,2.0,4.393838405609131,2.393838405609131
chronos_2_erratic_features_plus_external,erratic,2024-12-01,3932252R00000,2.0,1.4936213493347168,0.5063786506652832
chronos_2_erratic_features_plus_external,erratic,2024-12-01,41710M74L00000,2.0,2.7939162254333496,0.7939162254333496
chronos_2_erratic_features_plus_external,erratic,2024-12-01,4243163J10000,57.0,31.350757598876953,25.649242401123047
chronos_2_erratic_features_plus_external,erratic,2024-12-01,4321078R010BK,2.0,1.601629614830017,0.3983703851699829
chronos_2_erratic_features_plus_external,erratic,2024-12-01,43210M55T5027N,0.0,1.7335232496261597,1.7335232496261597
chronos_2_erratic_features_plus_external,erratic,2024-12-01,43210M55T60QC8,15.0,5.488446235656738,9.511553764343262
chronos_2_erratic_features_plus_external,erratic,2024-12-01,43210M68P1009L,1.0,0.006974339485168457,0.9930256605148315
chronos_2_erratic_features_plus_external,erratic,2024-12-01,43210M68P60ZMQ,2.0,7.528133392333984,5.528133392333984
chronos_2_erratic_features_plus_external,erratic,2024-12-01,43210M79G5309L,5.0,2.8101861476898193,2.1898138523101807
chronos_2_erratic_features_plus_external,erratic,2024-12-01,43250M62S0027N,3.0,11.856402397155762,8.856402397155762
chronos_2_erratic_features_plus_external,erratic,2024-12-01,43250M67K0027N,5.0,11.365157127380371,6.365157127380371
chronos_2_erratic_features_plus_external,erratic,2024-12-01,43250M81R1027N,0.0,0.5201363563537598,0.5201363563537598
chronos_2_erratic_features_plus_external,erratic,2024-12-01,43250M83P0027N,2.0,9.120768547058105,7.1207685470581055
chronos_2_erratic_features_plus_external,erratic,2024-12-01,4325283S000PG,0.0,3.085813045501709,3.085813045501709
chronos_2_erratic_features_plus_external,erratic,2024-12-01,43252M67L00AQY,0.0,5.081188678741455,5.081188678741455
chronos_2_erratic_features_plus_external,erratic,2024-12-01,48150M68P10C48,0.0,0.8055306673049927,0.8055306673049927
chronos_2_erratic_features_plus_external,erratic,2024-12-01,5730065811000,1.0,1.9944727420806885,0.9944727420806885
chronos_2_erratic_features_plus_external,erratic,2024-12-01,57300M53M00000,2.0,1.2646573781967163,0.7353426218032837
chronos_2_erratic_features_plus_external,erratic,2024-12-01,57300M67P00000,2.0,1.2795205116271973,0.7204794883728027
chronos_2_erratic_features_plus_external,erratic,2024-12-01,57300M74L00000,3.0,3.15073299407959,0.15073299407958984
chronos_2_erratic_features_plus_external,erratic,2024-12-01,57300M76M00000,0.0,5.473011016845703,5.473011016845703
chronos_2_erratic_features_plus_external,erratic,2024-12-01,57410M62S00000,2.0,2.552351236343384,0.5523512363433838
chronos_2_erratic_features_plus_external,erratic,2024-12-01,57410M74L00000,0.0,1.4819988012313843,1.4819988012313843
chronos_2_erratic_features_plus_external,erratic,2024-12-01,57410M76M00000,2.0,1.8253662586212158,0.17463374137878418
chronos_2_erratic_features_plus_external,erratic,2024-12-01,57410M79G00000,1.0,1.283789038658142,0.2837890386581421
chronos_2_erratic_features_plus_external,erratic,2024-12-01,5742054P00000,0.0,1.6740171909332275,1.6740171909332275
chronos_2_erratic_features_plus_external,erratic,2024-12-01,57420M62S00000,2.0,2.56604266166687,0.5660426616668701
chronos_2_erratic_features_plus_external,erratic,2024-12-01,57420M67P00000,1.0,1.0622920989990234,0.06229209899902344
chronos_2_erratic_features_plus_external,erratic,2024-12-01,57420M74L00000,0.0,1.4332821369171143,1.4332821369171143
chronos_2_erratic_features_plus_external,erratic,2024-12-01,57420M76M00000,2.0,1.8269538879394531,0.17304611206054688
chronos_2_erratic_features_plus_external,erratic,2024-12-01,57420M79G00000,1.0,0.6330654621124268,0.36693453788757324
chronos_2_erratic_features_plus_external,erratic,2024-12-01,5761065J10000,2.0,4.223577499389648,2.2235774993896484
chronos_2_erratic_features_plus_external,erratic,2024-12-01,5761154P00000,0.0,0.32736659049987793,0.32736659049987793
chronos_2_erratic_features_plus_external,erratic,2024-12-01,57611M53M00000,1.0,0.3149757385253906,0.6850242614746094
chronos_2_erratic_features_plus_external,erratic,2024-12-01,57611M55T00000,19.0,4.4535231590271,14.5464768409729
chronos_2_erratic_features_plus_external,erratic,2024-12-01,57611M67P01000,1.0,1.210382103919983,0.2103821039199829
chronos_2_erratic_features_plus_external,erratic,2024-12-01,5771065J10000,2.0,0.24244213104248047,1.7575578689575195
chronos_2_erratic_features_plus_external,erratic,2024-12-01,57711M53M00000,0.0,0.9887086153030396,0.9887086153030396
chronos_2_erratic_features_plus_external,erratic,2024-12-01,57711M67P01000,2.0,2.2721409797668457,0.2721409797668457
chronos_2_erratic_features_plus_external,erratic,2024-12-01,57711M68K10000,2.0,2.0687057971954346,0.06870579719543457
chronos_2_erratic_features_plus_external,erratic,2024-12-01,57711M71P00000,0.0,3.0840697288513184,3.0840697288513184
chronos_2_erratic_features_plus_external,erratic,2024-12-01,57711M76M00000,2.0,5.957346439361572,3.9573464393615723
chronos_2_erratic_features_plus_external,erratic,2024-12-01,58121M53M00000,2.0,2.4204859733581543,0.4204859733581543
chronos_2_erratic_features_plus_external,erratic,2024-12-01,58200M80T00000,1.0,1.0,0.0
chronos_2_erratic_features_plus_external,erratic,2024-12-01,5823052R00000,3.0,0.9436449408531189,2.056355059146881
chronos_2_erratic_features_plus_external,erratic,2024-12-01,58230M53M00000,0.0,0.6980626583099365,0.6980626583099365
chronos_2_erratic_features_plus_external,erratic,2024-12-01,58230M62S00000,1.0,2.15626859664917,1.15626859664917
chronos_2_erratic_features_plus_external,erratic,2024-12-01,58230M68K01000,1.0,0.2627122402191162,0.7372877597808838
chronos_2_erratic_features_plus_external,erratic,2024-12-01,5826077K00000,2.0,3.8554461002349854,1.8554461002349854
chronos_2_erratic_features_plus_external,erratic,2024-12-01,58270M68K00000,3.0,2.6929917335510254,0.3070082664489746
chronos_2_erratic_features_plus_external,erratic,2024-12-01,58270M76M01000,0.0,0.4882793426513672,0.4882793426513672
chronos_2_erratic_features_plus_external,erratic,2024-12-01,58280M68K00000,0.0,0.4846149682998657,0.4846149682998657
chronos_2_erratic_features_plus_external,erratic,2024-12-01,58811M78R00000,0.0,1.5,1.5
chronos_2_erratic_features_plus_external,erratic,2024-12-01,65500M55T10000,11.0,0.32204556465148926,10.67795443534851
chronos_2_erratic_features_plus_external,erratic,2024-12-01,65561M74L00000,2.0,2.365342855453491,0.3653428554534912
chronos_2_erratic_features_plus_external,erratic,2024-12-01,68001M55T20000,8.0,1.0668022632598877,6.933197736740112
chronos_2_erratic_features_plus_external,erratic,2024-12-01,68001M62S12000,0.0,0.6083505749702454,0.6083505749702454
chronos_2_erratic_features_plus_external,erratic,2024-12-01,68002M55T20000,2.0,2.02207612991333,0.022076129913330078
chronos_2_erratic_features_plus_external,erratic,2024-12-01,69100M53M00000,2.0,2.89693021774292,0.8969302177429199
chronos_2_erratic_features_plus_external,erratic,2024-12-01,69100M67P10000,0.0,0.35588133335113525,0.35588133335113525
chronos_2_erratic_features_plus_external,erratic,2024-12-01,71079M74T00000,1.0,0.0,1.0
chronos_2_erratic_features_plus_external,erratic,2024-12-01,7171064R00ZQ4,7.0,3.7234435081481934,3.2765564918518066
chronos_2_erratic_features_plus_external,erratic,2024-12-01,7171154L10799,0.0,0.49957382678985596,0.49957382678985596
chronos_2_erratic_features_plus_external,erratic,2024-12-01,7171161P00799,3.0,2.2026255130767822,0.7973744869232178
chronos_2_erratic_features_plus_external,erratic,2024-12-01,7171178R015PK,3.0,1.6429933309555054,1.3570066690444946
chronos_2_erratic_features_plus_external,erratic,2024-12-01,7171179P00799,2.0,2.3582253456115723,0.35822534561157227
chronos_2_erratic_features_plus_external,erratic,2024-12-01,71711M53MA05PK,1.0,1.3489573001861572,0.3489573001861572
chronos_2_erratic_features_plus_external,erratic,2024-12-01,71711M53MA0799,1.0,0.7693182229995728,0.23068177700042725
chronos_2_erratic_features_plus_external,erratic,2024-12-01,71711M53MB05PK,0.0,0.966008186340332,0.966008186340332
chronos_2_erratic_features_plus_external,erratic,2024-12-01,71711M56R00799,0.0,5.338581562042236,5.338581562042236
chronos_2_erratic_features_plus_external,erratic,2024-12-01,71711M62S005PK,9.0,11.131646156311035,2.131646156311035
chronos_2_erratic_features_plus_external,erratic,2024-12-01,71711M66L005PK,0.0,1.5510506629943848,1.5510506629943848
chronos_2_erratic_features_plus_external,erratic,2024-12-01,71711M67P00799,5.0,4.27918004989624,0.7208199501037598
chronos_2_erratic_features_plus_external,erratic,2024-12-01,71711M68K00799,2.0,3.3280258178710938,1.3280258178710938
chronos_2_erratic_features_plus_external,erratic,2024-12-01,71711M73T115PK,0.0,0.2673085927963257,0.2673085927963257
chronos_2_erratic_features_plus_external,erratic,2024-12-01,71711M74L00799,0.0,2.9147233963012695,2.9147233963012695
chronos_2_erratic_features_plus_external,erratic,2024-12-01,71711M75L00799,0.0,1.6301530599594116,1.6301530599594116
chronos_2_erratic_features_plus_external,erratic,2024-12-01,71711M76M10799,2.0,3.00673770904541,1.0067377090454102
chronos_2_erratic_features_plus_external,erratic,2024-12-01,71711M76T00N49,3.0,2.398646831512451,0.6013531684875488
chronos_2_erratic_features_plus_external,erratic,2024-12-01,71711M79M00799,2.0,1.9226231575012207,0.0773768424987793
chronos_2_erratic_features_plus_external,erratic,2024-12-01,71712M54T00000,1.0,6.393442153930664,5.393442153930664
chronos_2_erratic_features_plus_external,erratic,2024-12-01,71712M55T00000,5.0,3.5340287685394287,1.4659712314605713
chronos_2_erratic_features_plus_external,erratic,2024-12-01,71712M56R00000,0.0,0.3405725955963135,0.3405725955963135
chronos_2_erratic_features_plus_external,erratic,2024-12-01,71712M79M00000,5.0,1.5407148599624634,3.4592851400375366
chronos_2_erratic_features_plus_external,erratic,2024-12-01,71720M76M005PK,0.0,3.0163631439208984,3.0163631439208984
chronos_2_erratic_features_plus_external,erratic,2024-12-01,7172160K005PK,4.0,2.9594385623931885,1.0405614376068115
chronos_2_erratic_features_plus_external,erratic,2024-12-01,7172161P005PK,5.0,6.068668365478516,1.0686683654785156
chronos_2_erratic_features_plus_external,erratic,2024-12-01,7172177MJ05PK,0.0,1.9046807289123535,1.9046807289123535
chronos_2_erratic_features_plus_external,erratic,2024-12-01,7172179P005PK,2.0,2.259993076324463,0.2599930763244629
chronos_2_erratic_features_plus_external,erratic,2024-12-01,7172186R105PK,2.0,2.008209228515625,0.008209228515625
chronos_2_erratic_features_plus_external,erratic,2024-12-01,71721M56R005PK,2.0,4.248195171356201,2.248195171356201
chronos_2_erratic_features_plus_external,erratic,2024-12-01,71721M60MA05PK,9.0,3.0228936672210693,5.977106332778931
chronos_2_erratic_features_plus_external,erratic,2024-12-01,71721M74T005PK,1.0,2.3037781715393066,1.3037781715393066
chronos_2_erratic_features_plus_external,erratic,2024-12-01,71721M75L005PK,4.0,2.7856903076171875,1.2143096923828125
chronos_2_erratic_features_plus_external,erratic,2024-12-01,71721M78R005PK,0.0,1.9628504514694214,1.9628504514694214
chronos_2_erratic_features_plus_external,erratic,2024-12-01,71721M84P005PK,1.0,0.6540130376815796,0.3459869623184204
chronos_2_erratic_features_plus_external,erratic,2024-12-01,7173154GA0000,2.0,2.6985580921173096,0.6985580921173096
chronos_2_erratic_features_plus_external,erratic,2024-12-01,7173163J20000,1.0,2.5755386352539062,1.5755386352539062
chronos_2_erratic_features_plus_external,erratic,2024-12-01,7173171L00000,5.0,5.269640922546387,0.2696409225463867
chronos_2_erratic_features_plus_external,erratic,2024-12-01,71731M53M00000,4.0,1.5029611587524414,2.4970388412475586
chronos_2_erratic_features_plus_external,erratic,2024-12-01,71731M53MB0000,7.0,2.283144235610962,4.716855764389038
chronos_2_erratic_features_plus_external,erratic,2024-12-01,71731M66L005PK,0.0,1.8889703750610352,1.8889703750610352
chronos_2_erratic_features_plus_external,erratic,2024-12-01,71731M67P00000,4.0,2.3184380531311035,1.6815619468688965
chronos_2_erratic_features_plus_external,erratic,2024-12-01,71731M68K00000,4.0,1.8891010284423828,2.110898971557617
chronos_2_erratic_features_plus_external,erratic,2024-12-01,7173262R00000,0.0,1.095888376235962,1.095888376235962
chronos_2_erratic_features_plus_external,erratic,2024-12-01,7173263J20000,0.0,2.4157426357269287,2.4157426357269287
chronos_2_erratic_features_plus_external,erratic,2024-12-01,7173271L00000,6.0,4.828803539276123,1.171196460723877
chronos_2_erratic_features_plus_external,erratic,2024-12-01,71732M53M00000,6.0,5.168850421905518,0.8311495780944824
chronos_2_erratic_features_plus_external,erratic,2024-12-01,71732M66L005PK,0.0,0.7542679309844971,0.7542679309844971
chronos_2_erratic_features_plus_external,erratic,2024-12-01,71732M67P00000,5.0,3.2292733192443848,1.7707266807556152
chronos_2_erratic_features_plus_external,erratic,2024-12-01,71732M68K00000,6.0,5.174508094787598,0.8254919052124023
chronos_2_erratic_features_plus_external,erratic,2024-12-01,71732M74T00000,1.0,1.4656403064727783,0.4656403064727783
chronos_2_erratic_features_plus_external,erratic,2024-12-01,71733M55T00000,5.0,3.244182825088501,1.755817174911499
chronos_2_erratic_features_plus_external,erratic,2024-12-01,71733M74L00000,0.0,0.08493733406066895,0.08493733406066895
chronos_2_erratic_features_plus_external,erratic,2024-12-01,71734M55T00000,5.0,4.195949554443359,0.8040504455566406
chronos_2_erratic_features_plus_external,erratic,2024-12-01,71734M68L00000,0.0,0.9635501503944397,0.9635501503944397
chronos_2_erratic_features_plus_external,erratic,2024-12-01,71734M74T00000,0.0,3.0,3.0
chronos_2_erratic_features_plus_external,erratic,2024-12-01,7174054L10D2W,1.0,0.6285395622253418,0.3714604377746582
chronos_2_erratic_features_plus_external,erratic,2024-12-01,7174073R10CUG,1.0,0.9856513738632202,0.014348626136779785
chronos_2_erratic_features_plus_external,erratic,2024-12-01,7174079P00C48,4.0,2.1511223316192627,1.8488776683807373
chronos_2_erratic_features_plus_external,erratic,2024-12-01,7174079S00C48,5.0,4.812255382537842,0.1877446174621582
chronos_2_erratic_features_plus_external,erratic,2024-12-01,71740M55T10C48,6.0,5.647852897644043,0.35214710235595703
chronos_2_erratic_features_plus_external,erratic,2024-12-01,71740M56R00C48,0.0,6.948578834533691,6.948578834533691
chronos_2_erratic_features_plus_external,erratic,2024-12-01,71740M68T00C48,24.0,39.655765533447266,15.655765533447266
chronos_2_erratic_features_plus_external,erratic,2024-12-01,71740M76MA0C48,8.0,10.370638847351074,2.370638847351074
chronos_2_erratic_features_plus_external,erratic,2024-12-01,71740M76T10KDJ,1.0,1.2155036926269531,0.21550369262695312
chronos_2_erratic_features_plus_external,erratic,2024-12-01,71740M81R00C48,3.0,3.6778371334075928,0.6778371334075928
chronos_2_erratic_features_plus_external,erratic,2024-12-01,7174160P005PK,2.0,2.3951923847198486,0.39519238471984863
chronos_2_erratic_features_plus_external,erratic,2024-12-01,71741M53M005PK,1.0,3.645284414291382,2.645284414291382
chronos_2_erratic_features_plus_external,erratic,2024-12-01,71741M53MA05PK,2.0,3.0313467979431152,1.0313467979431152
chronos_2_erratic_features_plus_external,erratic,2024-12-01,71741M74L005PK,2.0,3.4208998680114746,1.4208998680114746
chronos_2_erratic_features_plus_external,erratic,2024-12-01,71741M75L005PK,3.0,1.1084829568862915,1.8915170431137085
chronos_2_erratic_features_plus_external,erratic,2024-12-01,71741M76M105PK,0.0,3.740978479385376,3.740978479385376
chronos_2_erratic_features_plus_external,erratic,2024-12-01,71741M83P005PK,15.0,14.552371978759766,0.4476280212402344
chronos_2_erratic_features_plus_external,erratic,2024-12-01,71743M76M100PG,1.0,1.1338019371032715,0.13380193710327148
chronos_2_erratic_features_plus_external,erratic,2024-12-01,71744M76M100PG,0.0,0.43157708644866943,0.43157708644866943
chronos_2_erratic_features_plus_external,erratic,2024-12-01,7175172S205PK,0.0,2.566835880279541,2.566835880279541
chronos_2_erratic_features_plus_external,erratic,2024-12-01,7175186R000PG,2.0,3.7382888793945312,1.7382888793945312
chronos_2_erratic_features_plus_external,erratic,2024-12-01,71751M67P105PK,0.0,0.8250448703765869,0.8250448703765869
chronos_2_erratic_features_plus_external,erratic,2024-12-01,71751M83P105PK,2.0,3.8580093383789062,1.8580093383789062
chronos_2_erratic_features_plus_external,erratic,2024-12-01,71752M54T100PG,4.0,5.221034049987793,1.221034049987793
chronos_2_erratic_features_plus_external,erratic,2024-12-01,71752M83P00PWJ,1.0,3.8332741260528564,2.8332741260528564
chronos_2_erratic_features_plus_external,erratic,2024-12-01,7176179P105PK,1.0,1.724663257598877,0.724663257598877
chronos_2_erratic_features_plus_external,erratic,2024-12-01,71761M52R105PK,7.0,3.479644536972046,3.520355463027954
chronos_2_erratic_features_plus_external,erratic,2024-12-01,71761M67P105PK,3.0,1.9889791011810303,1.0110208988189697
chronos_2_erratic_features_plus_external,erratic,2024-12-01,71761M68K105PK,2.0,2.6081862449645996,0.6081862449645996
chronos_2_erratic_features_plus_external,erratic,2024-12-01,71761M74T20ZAM,1.0,1.043793797492981,0.04379379749298096
chronos_2_erratic_features_plus_external,erratic,2024-12-01,71761M76MB0Z2S,2.0,1.1727705001831055,0.8272294998168945
chronos_2_erratic_features_plus_external,erratic,2024-12-01,71761M76MB0ZHJ,1.0,0.8287325501441956,0.17126744985580444
chronos_2_erratic_features_plus_external,erratic,2024-12-01,71762M54T100PG,3.0,5.8706464767456055,2.8706464767456055
chronos_2_erratic_features_plus_external,erratic,2024-12-01,7177164R005PK,3.0,0.8865758180618286,2.1134241819381714
chronos_2_erratic_features_plus_external,erratic,2024-12-01,7177171L00000,0.0,1.5039465427398682,1.5039465427398682
chronos_2_erratic_features_plus_external,erratic,2024-12-01,7177186R000PG,1.0,1.286056637763977,0.28605663776397705
chronos_2_erratic_features_plus_external,erratic,2024-12-01,71771M55T00000,5.0,7.7712860107421875,2.7712860107421875
chronos_2_erratic_features_plus_external,erratic,2024-12-01,71771M56R100PG,3.0,6.353529930114746,3.353529930114746
chronos_2_erratic_features_plus_external,erratic,2024-12-01,71771M76T00PER,1.0,0.9001315236091614,0.09986847639083862
chronos_2_erratic_features_plus_external,erratic,2024-12-01,71772M55T00000,3.0,2.037062406539917,0.962937593460083
chronos_2_erratic_features_plus_external,erratic,2024-12-01,71782M56R100PG,4.0,1.584853172302246,2.415146827697754
chronos_2_erratic_features_plus_external,erratic,2024-12-01,71782M66L00000,0.0,2.155745506286621,2.155745506286621
chronos_2_erratic_features_plus_external,erratic,2024-12-01,7181179P00799,2.0,2.6051955223083496,0.6051955223083496
chronos_2_erratic_features_plus_external,erratic,2024-12-01,71811M53M00799,2.0,3.087498664855957,1.087498664855957
chronos_2_erratic_features_plus_external,erratic,2024-12-01,71811M56R00799,5.0,3.396139621734619,1.6038603782653809
chronos_2_erratic_features_plus_external,erratic,2024-12-01,71811M56R10799,3.0,2.278200149536133,0.7217998504638672
chronos_2_erratic_features_plus_external,erratic,2024-12-01,71811M66L005PK,0.0,2.1017777919769287,2.1017777919769287
chronos_2_erratic_features_plus_external,erratic,2024-12-01,71811M67P01799,1.0,2.9888181686401367,1.9888181686401367
chronos_2_erratic_features_plus_external,erratic,2024-12-01,71811M68K00799,0.0,1.106528878211975,1.106528878211975
chronos_2_erratic_features_plus_external,erratic,2024-12-01,71811M68P00799,2.0,1.9216148853302002,0.0783851146697998
chronos_2_erratic_features_plus_external,erratic,2024-12-01,71811M74T00799,2.0,1.0333000421524048,0.9666999578475952
chronos_2_erratic_features_plus_external,erratic,2024-12-01,71811M75L00799,1.0,3.0891494750976562,2.0891494750976562
chronos_2_erratic_features_plus_external,erratic,2024-12-01,71811M76M00799,5.0,0.9221041202545166,4.077895879745483
chronos_2_erratic_features_plus_external,erratic,2024-12-01,71811M80T105PK,1.0,2.4485361576080322,1.4485361576080322
chronos_2_erratic_features_plus_external,erratic,2024-12-01,7181365L00000,0.0,0.29003405570983887,0.29003405570983887
chronos_2_erratic_features_plus_external,erratic,2024-12-01,7182173K10000,0.0,3.566040515899658,3.566040515899658
chronos_2_erratic_features_plus_external,erratic,2024-12-01,7182179P00000,3.0,1.9844136238098145,1.0155863761901855
chronos_2_erratic_features_plus_external,erratic,2024-12-01,71821M68K00000,0.0,2.8645071983337402,2.8645071983337402
chronos_2_erratic_features_plus_external,erratic,2024-12-01,71821M79M00000,1.0,0.9280257225036621,0.07197427749633789
chronos_2_erratic_features_plus_external,erratic,2024-12-01,7182273K10000,0.0,4.7544450759887695,4.7544450759887695
chronos_2_erratic_features_plus_external,erratic,2024-12-01,7182279P00000,2.0,0.0939340591430664,1.9060659408569336
chronos_2_erratic_features_plus_external,erratic,2024-12-01,7182280J00000,3.0,3.42136287689209,0.42136287689208984
chronos_2_erratic_features_plus_external,erratic,2024-12-01,71822M55T00000,9.0,4.055253505706787,4.944746494293213
chronos_2_erratic_features_plus_external,erratic,2024-12-01,71822M68K00000,0.0,3.317540407180786,3.317540407180786
chronos_2_erratic_features_plus_external,erratic,2024-12-01,71822M79M00000,1.0,1.8851068019866943,0.8851068019866943
chronos_2_erratic_features_plus_external,erratic,2024-12-01,71823M68L00000,3.0,3.9641335010528564,0.9641335010528564
chronos_2_erratic_features_plus_external,erratic,2024-12-01,7187186R000BK,6.0,4.655155181884766,1.3448448181152344
chronos_2_erratic_features_plus_external,erratic,2024-12-01,72310M68K00000,4.0,0.247949481010437,3.752050518989563
chronos_2_erratic_features_plus_external,erratic,2024-12-01,72312M55R00000,7.0,4.578484535217285,2.421515464782715
chronos_2_erratic_features_plus_external,erratic,2024-12-01,72312M68K00000,9.0,3.8784003257751465,5.1215996742248535
chronos_2_erratic_features_plus_external,erratic,2024-12-01,7232154P00000,2.0,1.5937696695327759,0.4062303304672241
chronos_2_erratic_features_plus_external,erratic,2024-12-01,7232171L00000,0.0,2.7933449745178223,2.7933449745178223
chronos_2_erratic_features_plus_external,erratic,2024-12-01,72321M53M00000,6.0,3.7409379482269287,2.2590620517730713
chronos_2_erratic_features_plus_external,erratic,2024-12-01,72321M68K00000,1.0,3.7443885803222656,2.7443885803222656
chronos_2_erratic_features_plus_external,erratic,2024-12-01,72321M74L00000,14.0,8.40117073059082,5.59882926940918
chronos_2_erratic_features_plus_external,erratic,2024-12-01,72321M76M01000,2.0,2.9507837295532227,0.9507837295532227
chronos_2_erratic_features_plus_external,erratic,2024-12-01,7232271L00000,3.0,1.9592297077178955,1.0407702922821045
chronos_2_erratic_features_plus_external,erratic,2024-12-01,72322M53M00000,8.0,5.599728107452393,2.4002718925476074
chronos_2_erratic_features_plus_external,erratic,2024-12-01,72322M68K00000,0.0,4.0315985679626465,4.0315985679626465
chronos_2_erratic_features_plus_external,erratic,2024-12-01,72322M74L00000,9.0,9.073470115661621,0.0734701156616211
chronos_2_erratic_features_plus_external,erratic,2024-12-01,72322M76M01000,0.0,3.909355401992798,3.909355401992798
chronos_2_erratic_features_plus_external,erratic,2024-12-01,72371M74L105PK,2.0,1.9393682479858398,0.060631752014160156
chronos_2_erratic_features_plus_external,erratic,2024-12-01,72380M62S01000,2.0,2.381715774536133,0.3817157745361328
chronos_2_erratic_features_plus_external,erratic,2024-12-01,72398M68K00000,0.0,1.2177025079727173,1.2177025079727173
chronos_2_erratic_features_plus_external,erratic,2024-12-01,72411M74L10000,0.0,1.1950629949569702,1.1950629949569702
chronos_2_erratic_features_plus_external,erratic,2024-12-01,72420M80T00000,2.0,0.8313154578208923,1.1686845421791077
chronos_2_erratic_features_plus_external,erratic,2024-12-01,7242252R00000,0.0,1.5917960405349731,1.5917960405349731
chronos_2_erratic_features_plus_external,erratic,2024-12-01,72431M68L00000,1.0,1.5257155895233154,0.5257155895233154
chronos_2_erratic_features_plus_external,erratic,2024-12-01,72433M56R00000,1.0,2.802259922027588,1.802259922027588
chronos_2_erratic_features_plus_external,erratic,2024-12-01,72437M68L00000,2.0,1.0642409324645996,0.9357590675354004
chronos_2_erratic_features_plus_external,erratic,2024-12-01,7248265J00000,0.0,1.9285707473754883,1.9285707473754883
chronos_2_erratic_features_plus_external,erratic,2024-12-01,7282165J00Z2S,5.0,4.065496444702148,0.9345035552978516
chronos_2_erratic_features_plus_external,erratic,2024-12-01,73110M68P50ZCA,1.0,0.2880136966705322,0.7119863033294678
chronos_2_erratic_features_plus_external,erratic,2024-12-01,7343061J00P4Z,2.0,5.839513778686523,3.8395137786865234
chronos_2_erratic_features_plus_external,erratic,2024-12-01,73430M75J00P4Z,1.0,1.1981256008148193,0.19812560081481934
chronos_2_erratic_features_plus_external,erratic,2024-12-01,73821M62S205PK,4.0,3.02636981010437,0.9736301898956299
chronos_2_erratic_features_plus_external,erratic,2024-12-01,73821M67P305PK,0.0,0.11654353141784668,0.11654353141784668
chronos_2_erratic_features_plus_external,erratic,2024-12-01,73831M68P005PK,2.0,1.7457151412963867,0.2542848587036133
chronos_2_erratic_features_plus_external,erratic,2024-12-01,74120M66L10000,1.0,1.369343638420105,0.369343638420105
chronos_2_erratic_features_plus_external,erratic,2024-12-01,74461M79M005PK,1.0,2.651207685470581,1.651207685470581
chronos_2_erratic_features_plus_external,erratic,2024-12-01,7619171L005PK,0.0,3.2172598838806152,3.2172598838806152
chronos_2_erratic_features_plus_external,erratic,2024-12-01,7619254P005PK,5.0,2.844918727874756,2.155081272125244
chronos_2_erratic_features_plus_external,erratic,2024-12-01,76520M68P10000,1.0,1.7762718200683594,0.7762718200683594
chronos_2_erratic_features_plus_external,erratic,2024-12-01,76520M74K01000,1.0,2.134528160095215,1.1345281600952148
chronos_2_erratic_features_plus_external,erratic,2024-12-01,77161M68P00000,0.0,0.9402437806129456,0.9402437806129456
chronos_2_erratic_features_plus_external,erratic,2024-12-01,77210M74T005PK,1.0,1.7203608751296997,0.7203608751296997
chronos_2_erratic_features_plus_external,erratic,2024-12-01,7726054P005PK,4.0,3.5510332584381104,0.44896674156188965
chronos_2_erratic_features_plus_external,erratic,2024-12-01,7733061M01000,0.0,4.661735534667969,4.661735534667969
chronos_2_erratic_features_plus_external,erratic,2024-12-01,77330M81R00000,10.0,2.904928207397461,7.095071792602539
chronos_2_erratic_features_plus_external,erratic,2024-12-01,7781158J000PG,2.0,2.3906562328338623,0.3906562328338623
chronos_2_erratic_features_plus_external,erratic,2024-12-01,77811M58J000PG,6.0,3.674910545349121,2.325089454650879
chronos_2_erratic_features_plus_external,erratic,2024-12-01,77811M63T000PG,4.0,1.0559360980987549,2.944063901901245
chronos_2_erratic_features_plus_external,erratic,2024-12-01,7783154GB00PG,2.0,2.8169190883636475,0.8169190883636475
chronos_2_erratic_features_plus_external,erratic,2024-12-01,77831M68L000PG,2.0,2.333908796310425,0.3339087963104248
chronos_2_erratic_features_plus_external,erratic,2024-12-01,77851M54G000PG,1.0,0.5955390334129333,0.40446096658706665
chronos_2_erratic_features_plus_external,erratic,2024-12-01,8185061J01000,5.0,0.6113862991333008,4.388613700866699
chronos_2_erratic_features_plus_external,erratic,2024-12-01,81850M68K00000,3.0,5.180385112762451,2.180385112762451
chronos_2_erratic_features_plus_external,erratic,2024-12-01,81850M68P10000,2.0,3.473494052886963,1.473494052886963
chronos_2_erratic_features_plus_external,erratic,2024-12-01,8186061J01000,6.0,1.4765126705169678,4.523487329483032
chronos_2_erratic_features_plus_external,erratic,2024-12-01,81860M68K00000,3.0,4.932755470275879,1.932755470275879
chronos_2_erratic_features_plus_external,erratic,2024-12-01,81860M79G20000,0.0,1.0918853282928467,1.0918853282928467
chronos_2_erratic_features_plus_external,erratic,2024-12-01,8212177K00000,0.0,1.2531440258026123,1.2531440258026123
chronos_2_erratic_features_plus_external,erratic,2024-12-01,82801M66L015PK,1.0,2.5964503288269043,1.5964503288269043
chronos_2_erratic_features_plus_external,erratic,2024-12-01,82801M68K005PK,2.0,1.415358304977417,0.584641695022583
chronos_2_erratic_features_plus_external,erratic,2024-12-01,82802M66L015PK,2.0,5.868219375610352,3.8682193756103516
chronos_2_erratic_features_plus_external,erratic,2024-12-01,82802M68K5026U,6.0,14.788270950317383,8.788270950317383
chronos_2_erratic_features_plus_external,erratic,2024-12-01,82802M81A605PK,0.0,0.5034275054931641,0.5034275054931641
chronos_2_erratic_features_plus_external,erratic,2024-12-01,82850M76M005PK,2.0,3.6732945442199707,1.6732945442199707
chronos_2_erratic_features_plus_external,erratic,2024-12-01,8392152R010CE,1.0,0.776289701461792,0.223710298538208
chronos_2_erratic_features_plus_external,erratic,2024-12-01,83921M68P000CB,0.0,4.00223445892334,4.00223445892334
chronos_2_erratic_features_plus_external,erratic,2024-12-01,83922M55T000CB,6.0,0.3815864324569702,5.61841356754303
chronos_2_erratic_features_plus_external,erratic,2024-12-01,8392352R020CE,1.0,0.051628708839416504,0.9483712911605835
chronos_2_erratic_features_plus_external,erratic,2024-12-01,83923M68P000CB,1.0,4.166954040527344,3.1669540405273438
chronos_2_erratic_features_plus_external,erratic,2024-12-01,83924M55T000CB,1.0,2.6948318481445312,1.6948318481445312
chronos_2_erratic_features_plus_external,erratic,2024-12-01,83924M62S000CB,0.0,1.5037039518356323,1.5037039518356323
chronos_2_erratic_features_plus_external,erratic,2024-12-01,83924M68P100CB,1.0,3.943709373474121,2.943709373474121
chronos_2_erratic_features_plus_external,erratic,2024-12-01,83926M68P000CB,2.0,3.923429012298584,1.923429012298584
chronos_2_erratic_features_plus_external,erratic,2024-12-01,8393061J005PK,3.0,1.3957622051239014,1.6042377948760986
chronos_2_erratic_features_plus_external,erratic,2024-12-01,83932M68P000CB,3.0,2.9001567363739014,0.09984326362609863
chronos_2_erratic_features_plus_external,erratic,2024-12-01,83940M68P100PG,1.0,2.140453338623047,1.1404533386230469
chronos_2_erratic_features_plus_external,erratic,2024-12-01,83940M74L10000,0.0,2.8437085151672363,2.8437085151672363
chronos_2_erratic_features_plus_external,erratic,2024-12-01,83970M68P00000,1.0,2.029176950454712,1.029176950454712
chronos_2_erratic_features_plus_external,erratic,2024-12-01,84051M55T01000,4.0,1.57473886013031,2.42526113986969
chronos_2_erratic_features_plus_external,erratic,2024-12-01,84051M55T11000,2.0,1.909950852394104,0.090049147605896
chronos_2_erratic_features_plus_external,erratic,2024-12-01,8450152R02000,2.0,1.2258760929107666,0.7741239070892334
chronos_2_erratic_features_plus_external,erratic,2024-12-01,84501M55T00000,8.0,0.5283542275428772,7.471645772457123
chronos_2_erratic_features_plus_external,erratic,2024-12-01,84501M68P00000,1.0,2.312593460083008,1.3125934600830078
chronos_2_erratic_features_plus_external,erratic,2024-12-01,84502M68P00000,2.0,3.1640214920043945,1.1640214920043945
chronos_2_erratic_features_plus_external,erratic,2024-12-01,84510M74L01000,1.0,0.06575524806976318,0.9342447519302368
chronos_2_erratic_features_plus_external,erratic,2024-12-01,84511M76M10000,1.0,0.8837969303131104,0.11620306968688965
chronos_2_erratic_features_plus_external,erratic,2024-12-01,8470171LVAZMT,2.0,1.1193873882293701,0.8806126117706299
chronos_2_erratic_features_plus_external,erratic,2024-12-01,84701M53M205PK,5.0,2.5026907920837402,2.4973092079162598
chronos_2_erratic_features_plus_external,erratic,2024-12-01,84701M55TB0ZHJ,3.0,1.9643217325210571,1.0356782674789429
chronos_2_erratic_features_plus_external,erratic,2024-12-01,84701M68P31ZHJ,4.0,1.9113993644714355,2.0886006355285645
chronos_2_erratic_features_plus_external,erratic,2024-12-01,84701M68P515PK,3.0,1.620082139968872,1.379917860031128
chronos_2_erratic_features_plus_external,erratic,2024-12-01,84701M74LC15PK,1.0,1.8925552368164062,0.8925552368164062
chronos_2_erratic_features_plus_external,erratic,2024-12-01,8470261J025PK,4.0,2.0162320137023926,1.9837679862976074
chronos_2_erratic_features_plus_external,erratic,2024-12-01,84702M53M205PK,6.0,2.7411155700683594,3.2588844299316406
chronos_2_erratic_features_plus_external,erratic,2024-12-01,84702M55TB0ZHJ,5.0,0.514765202999115,4.485234797000885
chronos_2_erratic_features_plus_external,erratic,2024-12-01,84702M56R92ZHJ,1.0,1.6358898878097534,0.6358898878097534
chronos_2_erratic_features_plus_external,erratic,2024-12-01,84702M62S20Z4Q,4.0,5.094286918640137,1.0942869186401367
chronos_2_erratic_features_plus_external,erratic,2024-12-01,84702M68P31ZHJ,3.0,2.6153786182403564,0.38462138175964355
chronos_2_erratic_features_plus_external,erratic,2024-12-01,84702M68P515PK,4.0,3.4187214374542236,0.5812785625457764
chronos_2_erratic_features_plus_external,erratic,2024-12-01,84702M74LC15PK,6.0,1.2613543272018433,4.738645672798157
chronos_2_erratic_features_plus_external,erratic,2024-12-01,84702M79G30000,0.0,0.8760095834732056,0.8760095834732056
chronos_2_erratic_features_plus_external,erratic,2024-12-01,84703M79M02000,4.0,2.9143261909484863,1.0856738090515137
chronos_2_erratic_features_plus_external,erratic,2024-12-01,8471852R20ZVR,0.0,1.5792937278747559,1.5792937278747559
chronos_2_erratic_features_plus_external,erratic,2024-12-01,8472852R20ZVR,1.0,1.0738043785095215,0.07380437850952148
chronos_2_erratic_features_plus_external,erratic,2024-12-01,8472865J00Z2S,0.0,1.8739012479782104,1.8739012479782104
chronos_2_erratic_features_plus_external,erratic,2024-12-01,8472880J00Z2S,1.0,1.7128691673278809,0.7128691673278809
chronos_2_erratic_features_plus_external,erratic,2024-12-01,84730M67P10000,7.0,7.3228654861450195,0.32286548614501953
chronos_2_erratic_features_plus_external,erratic,2024-12-01,84730M74LC0000,4.0,9.870589256286621,5.870589256286621
chronos_2_erratic_features_plus_external,erratic,2024-12-01,84730M79M00000,7.0,13.534163475036621,6.534163475036621
chronos_2_erratic_features_plus_external,erratic,2024-12-01,8474061M00000,2.0,3.128157138824463,1.128157138824463
chronos_2_erratic_features_plus_external,erratic,2024-12-01,8474065J00000,2.0,1.9699705839157104,0.03002941608428955
chronos_2_erratic_features_plus_external,erratic,2024-12-01,84740M67P10000,7.0,5.337286949157715,1.6627130508422852
chronos_2_erratic_features_plus_external,erratic,2024-12-01,84740M74LC0000,5.0,3.9338817596435547,1.0661182403564453
chronos_2_erratic_features_plus_external,erratic,2024-12-01,84740M74LE0000,3.0,0.7935714721679688,2.2064285278320312
chronos_2_erratic_features_plus_external,erratic,2024-12-01,84740M76M00000,13.0,11.159839630126953,1.8401603698730469
chronos_2_erratic_features_plus_external,erratic,2024-12-01,84740M79M00000,6.0,13.202191352844238,7.202191352844238
chronos_2_erratic_features_plus_external,erratic,2024-12-01,84920M68PB1BHE,0.0,2.2405149936676025,2.2405149936676025
chronos_2_erratic_features_plus_external,erratic,2024-12-01,84940M68PC1BHE,1.0,1.4032238721847534,0.4032238721847534
chronos_2_erratic_features_plus_external,erratic,2024-12-01,95130M68K00000,2.0,5.292859077453613,3.2928590774536133
chronos_2_erratic_features_plus_external,erratic,2024-12-01,95310M53T00000,7.0,3.0753207206726074,3.9246792793273926
chronos_2_erratic_features_plus_external,erratic,2024-12-01,95310M55T00000,4.0,4.2382636070251465,0.23826360702514648
chronos_2_erratic_features_plus_external,erratic,2024-12-01,95310M76M00000,1.0,3.4594719409942627,2.4594719409942627
chronos_2_erratic_features_plus_external,erratic,2025-01-01,0911912012000,39.0,48.68681335449219,9.686813354492188
chronos_2_erratic_features_plus_external,erratic,2025-01-01,09140M12040000,15.0,19.163057327270508,4.163057327270508
chronos_2_erratic_features_plus_external,erratic,2025-01-01,0915912057000,3.0,48.70206832885742,45.70206832885742
chronos_2_erratic_features_plus_external,erratic,2025-01-01,09209M09L02000,11.0,3.137495517730713,7.862504482269287
chronos_2_erratic_features_plus_external,erratic,2025-01-01,0924616021000,17.0,6.344671249389648,10.655328750610352
chronos_2_erratic_features_plus_external,erratic,2025-01-01,0928335052000,10.0,1.4179928302764893,8.58200716972351
chronos_2_erratic_features_plus_external,erratic,2025-01-01,0928348007000,13.0,9.875663757324219,3.1243362426757812
chronos_2_erratic_features_plus_external,erratic,2025-01-01,0940907340000,80.0,60.96113967895508,19.038860321044922
chronos_2_erratic_features_plus_external,erratic,2025-01-01,09409M07355000,30.0,8.997673034667969,21.00232696533203
chronos_2_erratic_features_plus_external,erratic,2025-01-01,09409M08006000,30.0,73.00349426269531,43.00349426269531
chronos_2_erratic_features_plus_external,erratic,2025-01-01,09409M10L04000,110.0,67.85736083984375,42.14263916015625
chronos_2_erratic_features_plus_external,erratic,2025-01-01,11610M53M00000,1.0,9.659284591674805,8.659284591674805
chronos_2_erratic_features_plus_external,erratic,2025-01-01,11610M68K03000,4.0,2.257889986038208,1.742110013961792
chronos_2_erratic_features_plus_external,erratic,2025-01-01,11620M53M00000,0.0,2.237729072570801,2.237729072570801
chronos_2_erratic_features_plus_external,erratic,2025-01-01,11710M53M00000,4.0,4.991957664489746,0.9919576644897461
chronos_2_erratic_features_plus_external,erratic,2025-01-01,17100M62S00000,2.0,2.7560911178588867,0.7560911178588867
chronos_2_erratic_features_plus_external,erratic,2025-01-01,17213M76M00000,1.0,2.135192632675171,1.135192632675171
chronos_2_erratic_features_plus_external,erratic,2025-01-01,17214M76M10000,1.0,1.281140685081482,0.28114068508148193
chronos_2_erratic_features_plus_external,erratic,2025-01-01,17700M53M20000,12.0,1.763453722000122,10.236546277999878
chronos_2_erratic_features_plus_external,erratic,2025-01-01,17700M76M10000,0.0,3.876267433166504,3.876267433166504
chronos_2_erratic_features_plus_external,erratic,2025-01-01,17700M83P00000,1.0,0.5976947546005249,0.4023052453994751
chronos_2_erratic_features_plus_external,erratic,2025-01-01,3512065J32000,1.0,5.660245418548584,4.660245418548584
chronos_2_erratic_features_plus_external,erratic,2025-01-01,3512071L20000,1.0,2.42744517326355,1.4274451732635498
chronos_2_erratic_features_plus_external,erratic,2025-01-01,35120M68K20000,2.0,3.3816041946411133,1.3816041946411133
chronos_2_erratic_features_plus_external,erratic,2025-01-01,35121M53MB0000,7.0,3.026175022125244,3.973824977874756
chronos_2_erratic_features_plus_external,erratic,2025-01-01,35121M60M10000,1.0,1.0077078342437744,0.007707834243774414
chronos_2_erratic_features_plus_external,erratic,2025-01-01,35121M62S30000,11.0,5.21622371673584,5.78377628326416
chronos_2_erratic_features_plus_external,erratic,2025-01-01,35121M67P10000,0.0,0.7878817319869995,0.7878817319869995
chronos_2_erratic_features_plus_external,erratic,2025-01-01,35121M74L01000,6.0,4.949593544006348,1.0504064559936523
chronos_2_erratic_features_plus_external,erratic,2025-01-01,35121M76M50000,0.0,2.557384490966797,2.557384490966797
chronos_2_erratic_features_plus_external,erratic,2025-01-01,35153M59K10000,0.0,1.7855992317199707,1.7855992317199707
chronos_2_erratic_features_plus_external,erratic,2025-01-01,35300M74TB1000,1.0,1.6934187412261963,0.6934187412261963
chronos_2_erratic_features_plus_external,erratic,2025-01-01,3532064J31000,5.0,2.9484357833862305,2.0515642166137695
chronos_2_erratic_features_plus_external,erratic,2025-01-01,3532065J32000,1.0,5.171385288238525,4.171385288238525
chronos_2_erratic_features_plus_external,erratic,2025-01-01,3532071L20000,1.0,1.1539980173110962,0.1539980173110962
chronos_2_erratic_features_plus_external,erratic,2025-01-01,3532079P30000,3.0,2.2545833587646484,0.7454166412353516
chronos_2_erratic_features_plus_external,erratic,2025-01-01,35321M53MB0000,9.0,5.101000785827637,3.8989992141723633
chronos_2_erratic_features_plus_external,erratic,2025-01-01,35321M55T53000,4.0,5.595085144042969,1.5950851440429688
chronos_2_erratic_features_plus_external,erratic,2025-01-01,35321M67P10000,0.0,0.5519040822982788,0.5519040822982788
chronos_2_erratic_features_plus_external,erratic,2025-01-01,35321M68K21000,2.0,0.5011436343193054,1.4988563656806946
chronos_2_erratic_features_plus_external,erratic,2025-01-01,35321M74L01000,4.0,6.1974639892578125,2.1974639892578125
chronos_2_erratic_features_plus_external,erratic,2025-01-01,35321M76M50000,3.0,5.1426682472229,2.1426682472229004
chronos_2_erratic_features_plus_external,erratic,2025-01-01,3550054P01000,1.0,1.5284357070922852,0.5284357070922852
chronos_2_erratic_features_plus_external,erratic,2025-01-01,35501M67P00000,2.0,1.834568977355957,0.16543102264404297
chronos_2_erratic_features_plus_external,erratic,2025-01-01,3565064J21000,3.0,1.0050336122512817,1.9949663877487183
chronos_2_erratic_features_plus_external,erratic,2025-01-01,3565065J21000,6.0,2.0808401107788086,3.9191598892211914
chronos_2_erratic_features_plus_external,erratic,2025-01-01,3565077R00000,1.0,3.239964485168457,2.239964485168457
chronos_2_erratic_features_plus_external,erratic,2025-01-01,3565079P00000,1.0,1.0158205032348633,0.01582050323486328
chronos_2_erratic_features_plus_external,erratic,2025-01-01,35650M53M00000,0.0,1.4503841400146484,1.4503841400146484
chronos_2_erratic_features_plus_external,erratic,2025-01-01,35650M66L00000,0.0,0.7762918472290039,0.7762918472290039
chronos_2_erratic_features_plus_external,erratic,2025-01-01,35650M67P00000,1.0,2.526487112045288,1.526487112045288
chronos_2_erratic_features_plus_external,erratic,2025-01-01,35650M74L00000,11.0,1.9823145866394043,9.017685413360596
chronos_2_erratic_features_plus_external,erratic,2025-01-01,35651M68K00000,1.0,1.391800045967102,0.39180004596710205
chronos_2_erratic_features_plus_external,erratic,2025-01-01,35651M75L00000,4.0,1.4884833097457886,2.5115166902542114
chronos_2_erratic_features_plus_external,erratic,2025-01-01,35651M76M00000,4.0,2.9314255714416504,1.0685744285583496
chronos_2_erratic_features_plus_external,erratic,2025-01-01,3567060K00000,9.0,3.9889416694641113,5.011058330535889
chronos_2_erratic_features_plus_external,erratic,2025-01-01,3567061M10000,3.0,3.343377113342285,0.34337711334228516
chronos_2_erratic_features_plus_external,erratic,2025-01-01,3567064J20000,1.0,2.887598752975464,1.8875987529754639
chronos_2_erratic_features_plus_external,erratic,2025-01-01,3567071L00000,2.0,1.9968030452728271,0.0031969547271728516
chronos_2_erratic_features_plus_external,erratic,2025-01-01,3567079P00000,0.0,0.9251284003257751,0.9251284003257751
chronos_2_erratic_features_plus_external,erratic,2025-01-01,35670M74L00000,3.0,4.076127052307129,1.076127052307129
chronos_2_erratic_features_plus_external,erratic,2025-01-01,35671M68K00000,2.0,0.5218905806541443,1.4781094193458557
chronos_2_erratic_features_plus_external,erratic,2025-01-01,35671M75L00000,2.0,3.305360794067383,1.3053607940673828
chronos_2_erratic_features_plus_external,erratic,2025-01-01,35750M53M00000,3.0,4.100560665130615,1.1005606651306152
chronos_2_erratic_features_plus_external,erratic,2025-01-01,35750M66L00000,0.0,0.8347339630126953,0.8347339630126953
chronos_2_erratic_features_plus_external,erratic,2025-01-01,35750M67P00000,4.0,4.596251964569092,0.5962519645690918
chronos_2_erratic_features_plus_external,erratic,2025-01-01,3591075F12000,1.0,1.9996223449707031,0.9996223449707031
chronos_2_erratic_features_plus_external,erratic,2025-01-01,36250M74T15000,0.0,2.8231520652770996,2.8231520652770996
chronos_2_erratic_features_plus_external,erratic,2025-01-01,3625479P01000,1.0,1.4444817304611206,0.4444817304611206
chronos_2_erratic_features_plus_external,erratic,2025-01-01,3625486R20000,1.0,0.5150012969970703,0.4849987030029297
chronos_2_erratic_features_plus_external,erratic,2025-01-01,36410M67K00000,4.0,6.94064998626709,2.94064998626709
chronos_2_erratic_features_plus_external,erratic,2025-01-01,38450M68K00000,0.0,0.11624360084533691,0.11624360084533691
chronos_2_erratic_features_plus_external,erratic,2025-01-01,38450M74L10000,1.0,6.322422027587891,5.322422027587891
chronos_2_erratic_features_plus_external,erratic,2025-01-01,38450M76M00000,2.0,1.8823754787445068,0.11762452125549316
chronos_2_erratic_features_plus_external,erratic,2025-01-01,38453M75000000,0.0,0.2700948715209961,0.2700948715209961
chronos_2_erratic_features_plus_external,erratic,2025-01-01,3925164J00000,2.0,1.6890361309051514,0.31096386909484863
chronos_2_erratic_features_plus_external,erratic,2025-01-01,3932152R00000,1.0,2.2277681827545166,1.2277681827545166
chronos_2_erratic_features_plus_external,erratic,2025-01-01,39321M62S10000,4.0,3.030041217803955,0.9699587821960449
chronos_2_erratic_features_plus_external,erratic,2025-01-01,3932252R00000,1.0,1.0226898193359375,0.0226898193359375
chronos_2_erratic_features_plus_external,erratic,2025-01-01,41710M74L00000,0.0,3.6924667358398438,3.6924667358398438
chronos_2_erratic_features_plus_external,erratic,2025-01-01,4243163J10000,10.0,3.6327171325683594,6.367282867431641
chronos_2_erratic_features_plus_external,erratic,2025-01-01,4321078R010BK,1.0,2.1108083724975586,1.1108083724975586
chronos_2_erratic_features_plus_external,erratic,2025-01-01,43210M55T5027N,4.0,1.8180124759674072,2.1819875240325928
chronos_2_erratic_features_plus_external,erratic,2025-01-01,43210M55T60QC8,13.0,10.859642028808594,2.1403579711914062
chronos_2_erratic_features_plus_external,erratic,2025-01-01,43210M68P1009L,3.0,1.1843889951705933,1.8156110048294067
chronos_2_erratic_features_plus_external,erratic,2025-01-01,43210M68P60ZMQ,2.0,8.656233787536621,6.656233787536621
chronos_2_erratic_features_plus_external,erratic,2025-01-01,43210M79G5309L,3.0,2.0094146728515625,0.9905853271484375
chronos_2_erratic_features_plus_external,erratic,2025-01-01,43250M62S0027N,13.0,7.207232475280762,5.792767524719238
chronos_2_erratic_features_plus_external,erratic,2025-01-01,43250M67K0027N,4.0,9.920048713684082,5.920048713684082
chronos_2_erratic_features_plus_external,erratic,2025-01-01,43250M81R1027N,1.0,1.958869218826294,0.958869218826294
chronos_2_erratic_features_plus_external,erratic,2025-01-01,43250M83P0027N,4.0,5.47503137588501,1.4750313758850098
chronos_2_erratic_features_plus_external,erratic,2025-01-01,4325283S000PG,7.0,4.149681091308594,2.8503189086914062
chronos_2_erratic_features_plus_external,erratic,2025-01-01,43252M67L00AQY,0.0,4.753878593444824,4.753878593444824
chronos_2_erratic_features_plus_external,erratic,2025-01-01,48150M68P10C48,1.0,0.0,1.0
chronos_2_erratic_features_plus_external,erratic,2025-01-01,5730065811000,0.0,1.1352691650390625,1.1352691650390625
chronos_2_erratic_features_plus_external,erratic,2025-01-01,57300M53M00000,2.0,1.0465843677520752,0.9534156322479248
chronos_2_erratic_features_plus_external,erratic,2025-01-01,57300M67P00000,2.0,0.8065054416656494,1.1934945583343506
chronos_2_erratic_features_plus_external,erratic,2025-01-01,57300M74L00000,5.0,4.219297409057617,0.7807025909423828
chronos_2_erratic_features_plus_external,erratic,2025-01-01,57300M76M00000,0.0,5.93947696685791,5.93947696685791
chronos_2_erratic_features_plus_external,erratic,2025-01-01,57410M62S00000,2.0,2.892612934112549,0.8926129341125488
chronos_2_erratic_features_plus_external,erratic,2025-01-01,57410M74L00000,3.0,3.2725043296813965,0.2725043296813965
chronos_2_erratic_features_plus_external,erratic,2025-01-01,57410M76M00000,0.0,0.8255475759506226,0.8255475759506226
chronos_2_erratic_features_plus_external,erratic,2025-01-01,57410M79G00000,2.0,0.9926473498344421,1.0073526501655579
chronos_2_erratic_features_plus_external,erratic,2025-01-01,5742054P00000,2.0,1.9428666830062866,0.05713331699371338
chronos_2_erratic_features_plus_external,erratic,2025-01-01,57420M62S00000,3.0,3.3054206371307373,0.3054206371307373
chronos_2_erratic_features_plus_external,erratic,2025-01-01,57420M67P00000,1.0,0.1391105055809021,0.8608894944190979
chronos_2_erratic_features_plus_external,erratic,2025-01-01,57420M74L00000,1.0,4.161190986633301,3.161190986633301
chronos_2_erratic_features_plus_external,erratic,2025-01-01,57420M76M00000,0.0,0.7883831262588501,0.7883831262588501
chronos_2_erratic_features_plus_external,erratic,2025-01-01,57420M79G00000,2.0,0.9251665472984314,1.0748334527015686
chronos_2_erratic_features_plus_external,erratic,2025-01-01,5761065J10000,2.0,3.3470633029937744,1.3470633029937744
chronos_2_erratic_features_plus_external,erratic,2025-01-01,5761154P00000,3.0,2.2529642581939697,0.7470357418060303
chronos_2_erratic_features_plus_external,erratic,2025-01-01,57611M53M00000,2.0,1.2881908416748047,0.7118091583251953
chronos_2_erratic_features_plus_external,erratic,2025-01-01,57611M55T00000,11.0,12.163637161254883,1.1636371612548828
chronos_2_erratic_features_plus_external,erratic,2025-01-01,57611M67P01000,4.0,1.074622631072998,2.925377368927002
chronos_2_erratic_features_plus_external,erratic,2025-01-01,5771065J10000,1.0,0.8325620889663696,0.16743791103363037
chronos_2_erratic_features_plus_external,erratic,2025-01-01,57711M53M00000,2.0,0.46060800552368164,1.5393919944763184
chronos_2_erratic_features_plus_external,erratic,2025-01-01,57711M67P01000,5.0,0.8986190557479858,4.101380944252014
chronos_2_erratic_features_plus_external,erratic,2025-01-01,57711M68K10000,0.0,1.321201205253601,1.321201205253601
chronos_2_erratic_features_plus_external,erratic,2025-01-01,57711M71P00000,1.0,1.7433578968048096,0.7433578968048096
chronos_2_erratic_features_plus_external,erratic,2025-01-01,57711M76M00000,2.0,6.179213047027588,4.179213047027588
chronos_2_erratic_features_plus_external,erratic,2025-01-01,58121M53M00000,1.0,1.7314867973327637,0.7314867973327637
chronos_2_erratic_features_plus_external,erratic,2025-01-01,58200M80T00000,1.0,1.5,0.5
chronos_2_erratic_features_plus_external,erratic,2025-01-01,5823052R00000,4.0,1.6723902225494385,2.3276097774505615
chronos_2_erratic_features_plus_external,erratic,2025-01-01,58230M53M00000,1.0,2.8461432456970215,1.8461432456970215
chronos_2_erratic_features_plus_external,erratic,2025-01-01,58230M62S00000,1.0,1.3798081874847412,0.3798081874847412
chronos_2_erratic_features_plus_external,erratic,2025-01-01,58230M68K01000,3.0,1.1441445350646973,1.8558554649353027
chronos_2_erratic_features_plus_external,erratic,2025-01-01,5826077K00000,0.0,3.486966133117676,3.486966133117676
chronos_2_erratic_features_plus_external,erratic,2025-01-01,58270M68K00000,5.0,2.6776282787323,2.3223717212677
chronos_2_erratic_features_plus_external,erratic,2025-01-01,58270M76M01000,2.0,2.033769369125366,0.03376936912536621
chronos_2_erratic_features_plus_external,erratic,2025-01-01,58280M68K00000,5.0,1.8809678554534912,3.119032144546509
chronos_2_erratic_features_plus_external,erratic,2025-01-01,58811M78R00000,1.0,0.0,1.0
chronos_2_erratic_features_plus_external,erratic,2025-01-01,65500M55T10000,4.0,0.12220311164855957,3.8777968883514404
chronos_2_erratic_features_plus_external,erratic,2025-01-01,65561M74L00000,3.0,3.0238289833068848,0.023828983306884766
chronos_2_erratic_features_plus_external,erratic,2025-01-01,68001M55T20000,2.0,0.35501134395599365,1.6449886560440063
chronos_2_erratic_features_plus_external,erratic,2025-01-01,68001M62S12000,2.0,0.841952919960022,1.158047080039978
chronos_2_erratic_features_plus_external,erratic,2025-01-01,68002M55T20000,0.0,3.572415351867676,3.572415351867676
chronos_2_erratic_features_plus_external,erratic,2025-01-01,69100M53M00000,1.0,1.4463658332824707,0.4463658332824707
chronos_2_erratic_features_plus_external,erratic,2025-01-01,69100M67P10000,1.0,0.8501685857772827,0.14983141422271729
chronos_2_erratic_features_plus_external,erratic,2025-01-01,71079M74T00000,1.0,3.0,2.0
chronos_2_erratic_features_plus_external,erratic,2025-01-01,7171064R00ZQ4,5.0,5.774150371551514,0.7741503715515137
chronos_2_erratic_features_plus_external,erratic,2025-01-01,7171154L10799,4.0,1.3576922416687012,2.642307758331299
chronos_2_erratic_features_plus_external,erratic,2025-01-01,7171161P00799,2.0,1.0888581275939941,0.9111418724060059
chronos_2_erratic_features_plus_external,erratic,2025-01-01,7171178R015PK,9.0,2.362884759902954,6.637115240097046
chronos_2_erratic_features_plus_external,erratic,2025-01-01,7171179P00799,2.0,2.0981738567352295,0.09817385673522949
chronos_2_erratic_features_plus_external,erratic,2025-01-01,71711M53MA05PK,0.0,0.5317507982254028,0.5317507982254028
chronos_2_erratic_features_plus_external,erratic,2025-01-01,71711M53MA0799,2.0,0.9215665459632874,1.0784334540367126
chronos_2_erratic_features_plus_external,erratic,2025-01-01,71711M53MB05PK,1.0,0.6377457976341248,0.36225420236587524
chronos_2_erratic_features_plus_external,erratic,2025-01-01,71711M56R00799,11.0,5.06198787689209,5.93801212310791
chronos_2_erratic_features_plus_external,erratic,2025-01-01,71711M62S005PK,15.0,16.174776077270508,1.1747760772705078
chronos_2_erratic_features_plus_external,erratic,2025-01-01,71711M66L005PK,1.0,1.1886529922485352,0.18865299224853516
chronos_2_erratic_features_plus_external,erratic,2025-01-01,71711M67P00799,6.0,1.8484010696411133,4.151598930358887
chronos_2_erratic_features_plus_external,erratic,2025-01-01,71711M68K00799,1.0,2.5379936695098877,1.5379936695098877
chronos_2_erratic_features_plus_external,erratic,2025-01-01,71711M73T115PK,2.0,0.2099268138408661,1.790073186159134
chronos_2_erratic_features_plus_external,erratic,2025-01-01,71711M74L00799,1.0,3.0724234580993652,2.0724234580993652
chronos_2_erratic_features_plus_external,erratic,2025-01-01,71711M75L00799,0.0,2.4986839294433594,2.4986839294433594
chronos_2_erratic_features_plus_external,erratic,2025-01-01,71711M76M10799,1.0,3.84427809715271,2.84427809715271
chronos_2_erratic_features_plus_external,erratic,2025-01-01,71711M76T00N49,1.0,1.8329718112945557,0.8329718112945557
chronos_2_erratic_features_plus_external,erratic,2025-01-01,71711M79M00799,4.0,1.9994786977767944,2.0005213022232056
chronos_2_erratic_features_plus_external,erratic,2025-01-01,71712M54T00000,4.0,4.402266502380371,0.4022665023803711
chronos_2_erratic_features_plus_external,erratic,2025-01-01,71712M55T00000,7.0,3.8871119022369385,3.1128880977630615
chronos_2_erratic_features_plus_external,erratic,2025-01-01,71712M56R00000,1.0,1.1500771045684814,0.15007710456848145
chronos_2_erratic_features_plus_external,erratic,2025-01-01,71712M79M00000,0.0,4.078622341156006,4.078622341156006
chronos_2_erratic_features_plus_external,erratic,2025-01-01,71720M76M005PK,1.0,2.804696559906006,1.8046965599060059
chronos_2_erratic_features_plus_external,erratic,2025-01-01,7172160K005PK,2.0,3.051370143890381,1.0513701438903809
chronos_2_erratic_features_plus_external,erratic,2025-01-01,7172161P005PK,3.0,4.528916358947754,1.528916358947754
chronos_2_erratic_features_plus_external,erratic,2025-01-01,7172177MJ05PK,2.0,1.9678834676742554,0.03211653232574463
chronos_2_erratic_features_plus_external,erratic,2025-01-01,7172179P005PK,3.0,1.0661506652832031,1.9338493347167969
chronos_2_erratic_features_plus_external,erratic,2025-01-01,7172186R105PK,3.0,2.0890822410583496,0.9109177589416504
chronos_2_erratic_features_plus_external,erratic,2025-01-01,71721M56R005PK,18.0,2.8851232528686523,15.114876747131348
chronos_2_erratic_features_plus_external,erratic,2025-01-01,71721M60MA05PK,0.0,2.0143744945526123,2.0143744945526123
chronos_2_erratic_features_plus_external,erratic,2025-01-01,71721M74T005PK,5.0,4.359802722930908,0.6401972770690918
chronos_2_erratic_features_plus_external,erratic,2025-01-01,71721M75L005PK,2.0,3.697568893432617,1.6975688934326172
chronos_2_erratic_features_plus_external,erratic,2025-01-01,71721M78R005PK,1.0,0.3088458776473999,0.6911541223526001
chronos_2_erratic_features_plus_external,erratic,2025-01-01,71721M84P005PK,0.0,0.897362470626831,0.897362470626831
chronos_2_erratic_features_plus_external,erratic,2025-01-01,7173154GA0000,0.0,2.66898775100708,2.66898775100708
chronos_2_erratic_features_plus_external,erratic,2025-01-01,7173163J20000,1.0,2.864084243774414,1.864084243774414
chronos_2_erratic_features_plus_external,erratic,2025-01-01,7173171L00000,7.0,3.34476900100708,3.65523099899292
chronos_2_erratic_features_plus_external,erratic,2025-01-01,71731M53M00000,2.0,1.95635986328125,0.04364013671875
chronos_2_erratic_features_plus_external,erratic,2025-01-01,71731M53MB0000,6.0,2.6190199851989746,3.3809800148010254
chronos_2_erratic_features_plus_external,erratic,2025-01-01,71731M66L005PK,1.0,0.6103241443634033,0.3896758556365967
chronos_2_erratic_features_plus_external,erratic,2025-01-01,71731M67P00000,3.0,0.4117722511291504,2.5882277488708496
chronos_2_erratic_features_plus_external,erratic,2025-01-01,71731M68K00000,4.0,5.7588348388671875,1.7588348388671875
chronos_2_erratic_features_plus_external,erratic,2025-01-01,7173262R00000,1.0,1.547975778579712,0.5479757785797119
chronos_2_erratic_features_plus_external,erratic,2025-01-01,7173263J20000,1.0,1.6513468027114868,0.6513468027114868
chronos_2_erratic_features_plus_external,erratic,2025-01-01,7173271L00000,4.0,2.77348256111145,1.2265174388885498
chronos_2_erratic_features_plus_external,erratic,2025-01-01,71732M53M00000,7.0,2.192666530609131,4.807333469390869
chronos_2_erratic_features_plus_external,erratic,2025-01-01,71732M66L005PK,1.0,3.38566255569458,2.38566255569458
chronos_2_erratic_features_plus_external,erratic,2025-01-01,71732M67P00000,1.0,0.847198486328125,0.152801513671875
chronos_2_erratic_features_plus_external,erratic,2025-01-01,71732M68K00000,4.0,5.055821895599365,1.0558218955993652
chronos_2_erratic_features_plus_external,erratic,2025-01-01,71732M74T00000,0.0,3.6844310760498047,3.6844310760498047
chronos_2_erratic_features_plus_external,erratic,2025-01-01,71733M55T00000,10.0,6.090834140777588,3.909165859222412
chronos_2_erratic_features_plus_external,erratic,2025-01-01,71733M74L00000,2.0,0.549379825592041,1.450620174407959
chronos_2_erratic_features_plus_external,erratic,2025-01-01,71734M55T00000,10.0,3.86650013923645,6.13349986076355
chronos_2_erratic_features_plus_external,erratic,2025-01-01,71734M68L00000,0.0,0.637069821357727,0.637069821357727
chronos_2_erratic_features_plus_external,erratic,2025-01-01,71734M74T00000,0.0,2.5,2.5
chronos_2_erratic_features_plus_external,erratic,2025-01-01,7174054L10D2W,1.0,1.532668113708496,0.5326681137084961
chronos_2_erratic_features_plus_external,erratic,2025-01-01,7174073R10CUG,0.0,1.0088425874710083,1.0088425874710083
chronos_2_erratic_features_plus_external,erratic,2025-01-01,7174079P00C48,6.0,1.1686828136444092,4.831317186355591
chronos_2_erratic_features_plus_external,erratic,2025-01-01,7174079S00C48,5.0,5.648556232452393,0.6485562324523926
chronos_2_erratic_features_plus_external,erratic,2025-01-01,71740M55T10C48,2.0,0.0,2.0
chronos_2_erratic_features_plus_external,erratic,2025-01-01,71740M56R00C48,8.0,3.3019180297851562,4.698081970214844
chronos_2_erratic_features_plus_external,erratic,2025-01-01,71740M68T00C48,29.0,41.21492004394531,12.214920043945312
chronos_2_erratic_features_plus_external,erratic,2025-01-01,71740M76MA0C48,10.0,10.441933631896973,0.44193363189697266
chronos_2_erratic_features_plus_external,erratic,2025-01-01,71740M76T10KDJ,0.0,1.4065845012664795,1.4065845012664795
chronos_2_erratic_features_plus_external,erratic,2025-01-01,71740M81R00C48,0.0,2.7534842491149902,2.7534842491149902
chronos_2_erratic_features_plus_external,erratic,2025-01-01,7174160P005PK,4.0,1.5054986476898193,2.4945013523101807
chronos_2_erratic_features_plus_external,erratic,2025-01-01,71741M53M005PK,0.0,3.682185649871826,3.682185649871826
chronos_2_erratic_features_plus_external,erratic,2025-01-01,71741M53MA05PK,3.0,4.22520637512207,1.2252063751220703
chronos_2_erratic_features_plus_external,erratic,2025-01-01,71741M74L005PK,1.0,1.5436451435089111,0.5436451435089111
chronos_2_erratic_features_plus_external,erratic,2025-01-01,71741M75L005PK,2.0,1.7786931991577148,0.22130680084228516
chronos_2_erratic_features_plus_external,erratic,2025-01-01,71741M76M105PK,4.0,1.494070291519165,2.505929708480835
chronos_2_erratic_features_plus_external,erratic,2025-01-01,71741M83P005PK,4.0,8.031499862670898,4.031499862670898
chronos_2_erratic_features_plus_external,erratic,2025-01-01,71743M76M100PG,1.0,0.23118984699249268,0.7688101530075073
chronos_2_erratic_features_plus_external,erratic,2025-01-01,71744M76M100PG,0.0,0.023344755172729492,0.023344755172729492
chronos_2_erratic_features_plus_external,erratic,2025-01-01,7175172S205PK,2.0,1.2608516216278076,0.7391483783721924
chronos_2_erratic_features_plus_external,erratic,2025-01-01,7175186R000PG,9.0,3.236819267272949,5.763180732727051
chronos_2_erratic_features_plus_external,erratic,2025-01-01,71751M67P105PK,1.0,0.19983482360839844,0.8001651763916016
chronos_2_erratic_features_plus_external,erratic,2025-01-01,71751M83P105PK,1.0,2.8969147205352783,1.8969147205352783
chronos_2_erratic_features_plus_external,erratic,2025-01-01,71752M54T100PG,6.0,3.1398262977600098,2.8601737022399902
chronos_2_erratic_features_plus_external,erratic,2025-01-01,71752M83P00PWJ,2.0,5.039488792419434,3.0394887924194336
chronos_2_erratic_features_plus_external,erratic,2025-01-01,7176179P105PK,2.0,1.21681547164917,0.7831845283508301
chronos_2_erratic_features_plus_external,erratic,2025-01-01,71761M52R105PK,10.0,1.8114657402038574,8.188534259796143
chronos_2_erratic_features_plus_external,erratic,2025-01-01,71761M67P105PK,2.0,1.1103475093841553,0.8896524906158447
chronos_2_erratic_features_plus_external,erratic,2025-01-01,71761M68K105PK,3.0,1.609336256980896,1.390663743019104
chronos_2_erratic_features_plus_external,erratic,2025-01-01,71761M74T20ZAM,2.0,0.45660606026649475,1.5433939397335052
chronos_2_erratic_features_plus_external,erratic,2025-01-01,71761M76MB0Z2S,4.0,0.17297744750976562,3.8270225524902344
chronos_2_erratic_features_plus_external,erratic,2025-01-01,71761M76MB0ZHJ,0.0,1.2824037075042725,1.2824037075042725
chronos_2_erratic_features_plus_external,erratic,2025-01-01,71762M54T100PG,4.0,5.011610507965088,1.011610507965088
chronos_2_erratic_features_plus_external,erratic,2025-01-01,7177164R005PK,2.0,4.237171649932861,2.2371716499328613
chronos_2_erratic_features_plus_external,erratic,2025-01-01,7177171L00000,0.0,1.631937026977539,1.631937026977539
chronos_2_erratic_features_plus_external,erratic,2025-01-01,7177186R000PG,1.0,2.4568042755126953,1.4568042755126953
chronos_2_erratic_features_plus_external,erratic,2025-01-01,71771M55T00000,1.0,7.110806465148926,6.110806465148926
chronos_2_erratic_features_plus_external,erratic,2025-01-01,71771M56R100PG,2.0,2.2922589778900146,0.29225897789001465
chronos_2_erratic_features_plus_external,erratic,2025-01-01,71771M76T00PER,0.0,0.205580472946167,0.205580472946167
chronos_2_erratic_features_plus_external,erratic,2025-01-01,71772M55T00000,5.0,6.040782928466797,1.0407829284667969
chronos_2_erratic_features_plus_external,erratic,2025-01-01,71782M56R100PG,5.0,1.8671345710754395,3.1328654289245605
chronos_2_erratic_features_plus_external,erratic,2025-01-01,71782M66L00000,2.0,1.6127632856369019,0.38723671436309814
chronos_2_erratic_features_plus_external,erratic,2025-01-01,7181179P00799,0.0,3.5457565784454346,3.5457565784454346
chronos_2_erratic_features_plus_external,erratic,2025-01-01,71811M53M00799,5.0,0.6966278553009033,4.303372144699097
chronos_2_erratic_features_plus_external,erratic,2025-01-01,71811M56R00799,4.0,3.6865577697753906,0.3134422302246094
chronos_2_erratic_features_plus_external,erratic,2025-01-01,71811M56R10799,0.0,1.5592371225357056,1.5592371225357056
chronos_2_erratic_features_plus_external,erratic,2025-01-01,71811M66L005PK,6.0,1.1730185747146606,4.826981425285339
chronos_2_erratic_features_plus_external,erratic,2025-01-01,71811M67P01799,6.0,3.444120168685913,2.555879831314087
chronos_2_erratic_features_plus_external,erratic,2025-01-01,71811M68K00799,2.0,1.741649866104126,0.258350133895874
chronos_2_erratic_features_plus_external,erratic,2025-01-01,71811M68P00799,2.0,3.8316595554351807,1.8316595554351807
chronos_2_erratic_features_plus_external,erratic,2025-01-01,71811M74T00799,1.0,0.3927728831768036,0.6072271168231964
chronos_2_erratic_features_plus_external,erratic,2025-01-01,71811M75L00799,1.0,1.973738670349121,0.9737386703491211
chronos_2_erratic_features_plus_external,erratic,2025-01-01,71811M76M00799,6.0,5.043211460113525,0.9567885398864746
chronos_2_erratic_features_plus_external,erratic,2025-01-01,71811M80T105PK,2.0,0.9026931524276733,1.0973068475723267
chronos_2_erratic_features_plus_external,erratic,2025-01-01,7181365L00000,5.0,0.29020190238952637,4.709798097610474
chronos_2_erratic_features_plus_external,erratic,2025-01-01,7182173K10000,5.0,1.8928718566894531,3.107128143310547
chronos_2_erratic_features_plus_external,erratic,2025-01-01,7182179P00000,2.0,2.4147465229034424,0.4147465229034424
chronos_2_erratic_features_plus_external,erratic,2025-01-01,71821M68K00000,0.0,3.5942773818969727,3.5942773818969727
chronos_2_erratic_features_plus_external,erratic,2025-01-01,71821M79M00000,1.0,0.23689651489257812,0.7631034851074219
chronos_2_erratic_features_plus_external,erratic,2025-01-01,7182273K10000,4.0,2.5787930488586426,1.4212069511413574
chronos_2_erratic_features_plus_external,erratic,2025-01-01,7182279P00000,1.0,3.1068243980407715,2.1068243980407715
chronos_2_erratic_features_plus_external,erratic,2025-01-01,7182280J00000,1.0,4.264474868774414,3.264474868774414
chronos_2_erratic_features_plus_external,erratic,2025-01-01,71822M55T00000,14.0,4.56074333190918,9.43925666809082
chronos_2_erratic_features_plus_external,erratic,2025-01-01,71822M68K00000,5.0,2.249803304672241,2.750196695327759
chronos_2_erratic_features_plus_external,erratic,2025-01-01,71822M79M00000,0.0,0.6173348426818848,0.6173348426818848
chronos_2_erratic_features_plus_external,erratic,2025-01-01,71823M68L00000,2.0,4.8441572189331055,2.8441572189331055
chronos_2_erratic_features_plus_external,erratic,2025-01-01,7187186R000BK,2.0,1.6452648639678955,0.3547351360321045
chronos_2_erratic_features_plus_external,erratic,2025-01-01,72310M68K00000,2.0,0.7232598066329956,1.2767401933670044
chronos_2_erratic_features_plus_external,erratic,2025-01-01,72312M55R00000,7.0,4.366166591644287,2.633833408355713
chronos_2_erratic_features_plus_external,erratic,2025-01-01,72312M68K00000,5.0,10.162632942199707,5.162632942199707
chronos_2_erratic_features_plus_external,erratic,2025-01-01,7232154P00000,4.0,2.21401047706604,1.78598952293396
chronos_2_erratic_features_plus_external,erratic,2025-01-01,7232171L00000,2.0,1.8171203136444092,0.18287968635559082
chronos_2_erratic_features_plus_external,erratic,2025-01-01,72321M53M00000,7.0,2.7401363849639893,4.259863615036011
chronos_2_erratic_features_plus_external,erratic,2025-01-01,72321M68K00000,2.0,3.6631202697753906,1.6631202697753906
chronos_2_erratic_features_plus_external,erratic,2025-01-01,72321M74L00000,2.0,10.391057968139648,8.391057968139648
chronos_2_erratic_features_plus_external,erratic,2025-01-01,72321M76M01000,2.0,2.2885286808013916,0.2885286808013916
chronos_2_erratic_features_plus_external,erratic,2025-01-01,7232271L00000,1.0,0.4899473190307617,0.5100526809692383
chronos_2_erratic_features_plus_external,erratic,2025-01-01,72322M53M00000,5.0,4.483922004699707,0.516077995300293
chronos_2_erratic_features_plus_external,erratic,2025-01-01,72322M68K00000,3.0,2.2189340591430664,0.7810659408569336
chronos_2_erratic_features_plus_external,erratic,2025-01-01,72322M74L00000,1.0,4.480475902557373,3.480475902557373
chronos_2_erratic_features_plus_external,erratic,2025-01-01,72322M76M01000,0.0,4.188347339630127,4.188347339630127
chronos_2_erratic_features_plus_external,erratic,2025-01-01,72371M74L105PK,1.0,2.500783920288086,1.500783920288086
chronos_2_erratic_features_plus_external,erratic,2025-01-01,72380M62S01000,2.0,1.423858880996704,0.5761411190032959
chronos_2_erratic_features_plus_external,erratic,2025-01-01,72398M68K00000,4.0,1.3574236631393433,2.6425763368606567
chronos_2_erratic_features_plus_external,erratic,2025-01-01,72411M74L10000,0.0,1.5630258321762085,1.5630258321762085
chronos_2_erratic_features_plus_external,erratic,2025-01-01,72420M80T00000,2.0,1.029431939125061,0.970568060874939
chronos_2_erratic_features_plus_external,erratic,2025-01-01,7242252R00000,3.0,1.406886339187622,1.593113660812378
chronos_2_erratic_features_plus_external,erratic,2025-01-01,72431M68L00000,0.0,1.03643798828125,1.03643798828125
chronos_2_erratic_features_plus_external,erratic,2025-01-01,72433M56R00000,1.0,2.158095359802246,1.158095359802246
chronos_2_erratic_features_plus_external,erratic,2025-01-01,72437M68L00000,0.0,1.0910921096801758,1.0910921096801758
chronos_2_erratic_features_plus_external,erratic,2025-01-01,7248265J00000,6.0,3.828303813934326,2.171696186065674
chronos_2_erratic_features_plus_external,erratic,2025-01-01,7282165J00Z2S,2.0,6.14782190322876,4.14782190322876
chronos_2_erratic_features_plus_external,erratic,2025-01-01,73110M68P50ZCA,0.0,0.09634721279144287,0.09634721279144287
chronos_2_erratic_features_plus_external,erratic,2025-01-01,7343061J00P4Z,6.0,1.1740632057189941,4.825936794281006
chronos_2_erratic_features_plus_external,erratic,2025-01-01,73430M75J00P4Z,3.0,0.970072865486145,2.029927134513855
chronos_2_erratic_features_plus_external,erratic,2025-01-01,73821M62S205PK,5.0,2.1425018310546875,2.8574981689453125
chronos_2_erratic_features_plus_external,erratic,2025-01-01,73821M67P305PK,1.0,1.5234286785125732,0.5234286785125732
chronos_2_erratic_features_plus_external,erratic,2025-01-01,73831M68P005PK,0.0,1.6268768310546875,1.6268768310546875
chronos_2_erratic_features_plus_external,erratic,2025-01-01,74120M66L10000,1.0,1.17952299118042,0.17952299118041992
chronos_2_erratic_features_plus_external,erratic,2025-01-01,74461M79M005PK,6.0,3.8631210327148438,2.1368789672851562
chronos_2_erratic_features_plus_external,erratic,2025-01-01,7619171L005PK,3.0,1.5068014860153198,1.4931985139846802
chronos_2_erratic_features_plus_external,erratic,2025-01-01,7619254P005PK,2.0,3.223670482635498,1.223670482635498
chronos_2_erratic_features_plus_external,erratic,2025-01-01,76520M68P10000,1.0,1.7441669702529907,0.7441669702529907
chronos_2_erratic_features_plus_external,erratic,2025-01-01,76520M74K01000,3.0,0.8124436140060425,2.1875563859939575
chronos_2_erratic_features_plus_external,erratic,2025-01-01,77161M68P00000,1.0,1.4796608686447144,0.47966086864471436
chronos_2_erratic_features_plus_external,erratic,2025-01-01,77210M74T005PK,3.0,1.2500090599060059,1.7499909400939941
chronos_2_erratic_features_plus_external,erratic,2025-01-01,7726054P005PK,2.0,3.328338146209717,1.3283381462097168
chronos_2_erratic_features_plus_external,erratic,2025-01-01,7733061M01000,2.0,2.1525254249572754,0.1525254249572754
chronos_2_erratic_features_plus_external,erratic,2025-01-01,77330M81R00000,0.0,5.743963718414307,5.743963718414307
chronos_2_erratic_features_plus_external,erratic,2025-01-01,7781158J000PG,2.0,1.4863042831420898,0.5136957168579102
chronos_2_erratic_features_plus_external,erratic,2025-01-01,77811M58J000PG,5.0,3.1624765396118164,1.8375234603881836
chronos_2_erratic_features_plus_external,erratic,2025-01-01,77811M63T000PG,3.0,0.9946696162223816,2.0053303837776184
chronos_2_erratic_features_plus_external,erratic,2025-01-01,7783154GB00PG,3.0,2.0408787727355957,0.9591212272644043
chronos_2_erratic_features_plus_external,erratic,2025-01-01,77831M68L000PG,2.0,3.460662364959717,1.4606623649597168
chronos_2_erratic_features_plus_external,erratic,2025-01-01,77851M54G000PG,2.0,0.9193911552429199,1.08060884475708
chronos_2_erratic_features_plus_external,erratic,2025-01-01,8185061J01000,3.0,2.6391444206237793,0.3608555793762207
chronos_2_erratic_features_plus_external,erratic,2025-01-01,81850M68K00000,6.0,3.068894386291504,2.931105613708496
chronos_2_erratic_features_plus_external,erratic,2025-01-01,81850M68P10000,0.0,1.1454927921295166,1.1454927921295166
chronos_2_erratic_features_plus_external,erratic,2025-01-01,8186061J01000,2.0,1.576904058456421,0.4230959415435791
chronos_2_erratic_features_plus_external,erratic,2025-01-01,81860M68K00000,6.0,3.3369247913360596,2.6630752086639404
chronos_2_erratic_features_plus_external,erratic,2025-01-01,81860M79G20000,2.0,0.5059120655059814,1.4940879344940186
chronos_2_erratic_features_plus_external,erratic,2025-01-01,8212177K00000,1.0,0.3189913034439087,0.6810086965560913
chronos_2_erratic_features_plus_external,erratic,2025-01-01,82801M66L015PK,7.0,2.429079532623291,4.570920467376709
chronos_2_erratic_features_plus_external,erratic,2025-01-01,82801M68K005PK,4.0,2.6210176944732666,1.3789823055267334
chronos_2_erratic_features_plus_external,erratic,2025-01-01,82802M66L015PK,7.0,5.821042060852051,1.1789579391479492
chronos_2_erratic_features_plus_external,erratic,2025-01-01,82802M68K5026U,19.0,14.588397026062012,4.411602973937988
chronos_2_erratic_features_plus_external,erratic,2025-01-01,82802M81A605PK,4.0,0.7823848128318787,3.2176151871681213
chronos_2_erratic_features_plus_external,erratic,2025-01-01,82850M76M005PK,8.0,2.2779927253723145,5.7220072746276855
chronos_2_erratic_features_plus_external,erratic,2025-01-01,8392152R010CE,4.0,0.8635331392288208,3.136466860771179
chronos_2_erratic_features_plus_external,erratic,2025-01-01,83921M68P000CB,6.0,3.310438632965088,2.689561367034912
chronos_2_erratic_features_plus_external,erratic,2025-01-01,83922M55T000CB,2.0,1.1650408506393433,0.8349591493606567
chronos_2_erratic_features_plus_external,erratic,2025-01-01,8392352R020CE,3.0,1.0756357908248901,1.9243642091751099
chronos_2_erratic_features_plus_external,erratic,2025-01-01,83923M68P000CB,5.0,3.4953153133392334,1.5046846866607666
chronos_2_erratic_features_plus_external,erratic,2025-01-01,83924M55T000CB,3.0,1.608823537826538,1.391176462173462
chronos_2_erratic_features_plus_external,erratic,2025-01-01,83924M62S000CB,1.0,1.0230151414871216,0.023015141487121582
chronos_2_erratic_features_plus_external,erratic,2025-01-01,83924M68P100CB,1.0,4.478404521942139,3.4784045219421387
chronos_2_erratic_features_plus_external,erratic,2025-01-01,83926M68P000CB,2.0,2.200453758239746,0.2004537582397461
chronos_2_erratic_features_plus_external,erratic,2025-01-01,8393061J005PK,8.0,0.31876564025878906,7.681234359741211
chronos_2_erratic_features_plus_external,erratic,2025-01-01,83932M68P000CB,2.0,1.3679888248443604,0.6320111751556396
chronos_2_erratic_features_plus_external,erratic,2025-01-01,83940M68P100PG,1.0,1.0368049144744873,0.036804914474487305
chronos_2_erratic_features_plus_external,erratic,2025-01-01,83940M74L10000,0.0,1.375117301940918,1.375117301940918
chronos_2_erratic_features_plus_external,erratic,2025-01-01,83970M68P00000,3.0,1.1139895915985107,1.8860104084014893
chronos_2_erratic_features_plus_external,erratic,2025-01-01,84051M55T01000,7.0,0.44160473346710205,6.558395266532898
chronos_2_erratic_features_plus_external,erratic,2025-01-01,84051M55T11000,3.0,1.8642107248306274,1.1357892751693726
chronos_2_erratic_features_plus_external,erratic,2025-01-01,8450152R02000,2.0,1.0801112651824951,0.9198887348175049
chronos_2_erratic_features_plus_external,erratic,2025-01-01,84501M55T00000,1.0,0.10157012939453125,0.8984298706054688
chronos_2_erratic_features_plus_external,erratic,2025-01-01,84501M68P00000,6.0,3.7399237155914307,2.2600762844085693
chronos_2_erratic_features_plus_external,erratic,2025-01-01,84502M68P00000,4.0,2.1773624420166016,1.8226375579833984
chronos_2_erratic_features_plus_external,erratic,2025-01-01,84510M74L01000,7.0,0.16946542263031006,6.83053457736969
chronos_2_erratic_features_plus_external,erratic,2025-01-01,84511M76M10000,2.0,1.3195298910140991,0.6804701089859009
chronos_2_erratic_features_plus_external,erratic,2025-01-01,8470171LVAZMT,1.0,1.1688389778137207,0.1688389778137207
chronos_2_erratic_features_plus_external,erratic,2025-01-01,84701M53M205PK,1.0,1.9514480829238892,0.9514480829238892
chronos_2_erratic_features_plus_external,erratic,2025-01-01,84701M55TB0ZHJ,1.0,1.341850996017456,0.34185099601745605
chronos_2_erratic_features_plus_external,erratic,2025-01-01,84701M68P31ZHJ,3.0,3.08590030670166,0.08590030670166016
chronos_2_erratic_features_plus_external,erratic,2025-01-01,84701M68P515PK,2.0,2.502697229385376,0.502697229385376
chronos_2_erratic_features_plus_external,erratic,2025-01-01,84701M74LC15PK,2.0,1.3994207382202148,0.6005792617797852
chronos_2_erratic_features_plus_external,erratic,2025-01-01,8470261J025PK,1.0,1.977066993713379,0.9770669937133789
chronos_2_erratic_features_plus_external,erratic,2025-01-01,84702M53M205PK,0.0,1.8420970439910889,1.8420970439910889
chronos_2_erratic_features_plus_external,erratic,2025-01-01,84702M55TB0ZHJ,2.0,1.6619254350662231,0.33807456493377686
chronos_2_erratic_features_plus_external,erratic,2025-01-01,84702M56R92ZHJ,0.0,1.2089736461639404,1.2089736461639404
chronos_2_erratic_features_plus_external,erratic,2025-01-01,84702M62S20Z4Q,1.0,1.9070990085601807,0.9070990085601807
chronos_2_erratic_features_plus_external,erratic,2025-01-01,84702M68P31ZHJ,5.0,2.2744739055633545,2.7255260944366455
chronos_2_erratic_features_plus_external,erratic,2025-01-01,84702M68P515PK,2.0,2.051730155944824,0.05173015594482422
chronos_2_erratic_features_plus_external,erratic,2025-01-01,84702M74LC15PK,1.0,1.9261640310287476,0.9261640310287476
chronos_2_erratic_features_plus_external,erratic,2025-01-01,84702M79G30000,2.0,2.2493722438812256,0.24937224388122559
chronos_2_erratic_features_plus_external,erratic,2025-01-01,84703M79M02000,11.0,4.379604339599609,6.620395660400391
chronos_2_erratic_features_plus_external,erratic,2025-01-01,8471852R20ZVR,2.0,1.5601435899734497,0.4398564100265503
chronos_2_erratic_features_plus_external,erratic,2025-01-01,8472852R20ZVR,4.0,0.9820014834403992,3.017998516559601
chronos_2_erratic_features_plus_external,erratic,2025-01-01,8472865J00Z2S,1.0,1.0557633638381958,0.0557633638381958
chronos_2_erratic_features_plus_external,erratic,2025-01-01,8472880J00Z2S,1.0,0.5787297487258911,0.4212702512741089
chronos_2_erratic_features_plus_external,erratic,2025-01-01,84730M67P10000,3.0,4.564260482788086,1.564260482788086
chronos_2_erratic_features_plus_external,erratic,2025-01-01,84730M74LC0000,10.0,5.365687370300293,4.634312629699707
chronos_2_erratic_features_plus_external,erratic,2025-01-01,84730M79M00000,11.0,11.553523063659668,0.553523063659668
chronos_2_erratic_features_plus_external,erratic,2025-01-01,8474061M00000,3.0,4.225506782531738,1.2255067825317383
chronos_2_erratic_features_plus_external,erratic,2025-01-01,8474065J00000,0.0,3.207009792327881,3.207009792327881
chronos_2_erratic_features_plus_external,erratic,2025-01-01,84740M67P10000,2.0,3.859398365020752,1.859398365020752
chronos_2_erratic_features_plus_external,erratic,2025-01-01,84740M74LC0000,3.0,1.4739296436309814,1.5260703563690186
chronos_2_erratic_features_plus_external,erratic,2025-01-01,84740M74LE0000,1.0,2.8544325828552246,1.8544325828552246
chronos_2_erratic_features_plus_external,erratic,2025-01-01,84740M76M00000,7.0,7.576892375946045,0.5768923759460449
chronos_2_erratic_features_plus_external,erratic,2025-01-01,84740M79M00000,8.0,7.025617599487305,0.9743824005126953
chronos_2_erratic_features_plus_external,erratic,2025-01-01,84920M68PB1BHE,1.0,0.9455543756484985,0.054445624351501465
chronos_2_erratic_features_plus_external,erratic,2025-01-01,84940M68PC1BHE,0.0,0.01138293743133545,0.01138293743133545
chronos_2_erratic_features_plus_external,erratic,2025-01-01,95130M68K00000,3.0,0.7862579822540283,2.2137420177459717
chronos_2_erratic_features_plus_external,erratic,2025-01-01,95310M53T00000,5.0,4.883844375610352,0.11615562438964844
chronos_2_erratic_features_plus_external,erratic,2025-01-01,95310M55T00000,6.0,4.8251566886901855,1.1748433113098145
chronos_2_erratic_features_plus_external,erratic,2025-01-01,95310M76M00000,5.0,4.75590181350708,0.24409818649291992
chronos_2_erratic_features_plus_external,erratic,2025-02-01,0911912012000,71.0,45.10865783691406,25.891342163085938
chronos_2_erratic_features_plus_external,erratic,2025-02-01,09140M12040000,2.0,24.520503997802734,22.520503997802734
chronos_2_erratic_features_plus_external,erratic,2025-02-01,0915912057000,21.0,67.12947082519531,46.12947082519531
chronos_2_erratic_features_plus_external,erratic,2025-02-01,09209M09L02000,5.0,7.036151885986328,2.036151885986328
chronos_2_erratic_features_plus_external,erratic,2025-02-01,0924616021000,0.0,6.625287055969238,6.625287055969238
chronos_2_erratic_features_plus_external,erratic,2025-02-01,0928335052000,3.0,2.3718674182891846,0.6281325817108154
chronos_2_erratic_features_plus_external,erratic,2025-02-01,0928348007000,4.0,5.255154132843018,1.2551541328430176
chronos_2_erratic_features_plus_external,erratic,2025-02-01,0940907340000,26.0,68.2581558227539,42.258155822753906
chronos_2_erratic_features_plus_external,erratic,2025-02-01,09409M07355000,42.0,15.208650588989258,26.791349411010742
chronos_2_erratic_features_plus_external,erratic,2025-02-01,09409M08006000,145.0,60.06132507324219,84.93867492675781
chronos_2_erratic_features_plus_external,erratic,2025-02-01,09409M10L04000,0.0,13.300710678100586,13.300710678100586
chronos_2_erratic_features_plus_external,erratic,2025-02-01,11610M53M00000,5.0,7.990684509277344,2.9906845092773438
chronos_2_erratic_features_plus_external,erratic,2025-02-01,11610M68K03000,0.0,1.3261370658874512,1.3261370658874512
chronos_2_erratic_features_plus_external,erratic,2025-02-01,11620M53M00000,3.0,4.932472229003906,1.9324722290039062
chronos_2_erratic_features_plus_external,erratic,2025-02-01,11710M53M00000,0.0,9.086787223815918,9.086787223815918
chronos_2_erratic_features_plus_external,erratic,2025-02-01,17100M62S00000,1.0,3.6921892166137695,2.6921892166137695
chronos_2_erratic_features_plus_external,erratic,2025-02-01,17213M76M00000,1.0,1.366985559463501,0.366985559463501
chronos_2_erratic_features_plus_external,erratic,2025-02-01,17214M76M10000,2.0,1.6046375036239624,0.3953624963760376
chronos_2_erratic_features_plus_external,erratic,2025-02-01,17700M53M20000,1.0,2.7514121532440186,1.7514121532440186
chronos_2_erratic_features_plus_external,erratic,2025-02-01,17700M76M10000,3.0,2.214336395263672,0.7856636047363281
chronos_2_erratic_features_plus_external,erratic,2025-02-01,17700M83P00000,2.0,0.07836437225341797,1.921635627746582
chronos_2_erratic_features_plus_external,erratic,2025-02-01,3512065J32000,6.0,4.922824859619141,1.0771751403808594
chronos_2_erratic_features_plus_external,erratic,2025-02-01,3512071L20000,1.0,1.8008383512496948,0.8008383512496948
chronos_2_erratic_features_plus_external,erratic,2025-02-01,35120M68K20000,1.0,0.5656217336654663,0.4343782663345337
chronos_2_erratic_features_plus_external,erratic,2025-02-01,35121M53MB0000,0.0,5.544043064117432,5.544043064117432
chronos_2_erratic_features_plus_external,erratic,2025-02-01,35121M60M10000,0.0,0.6886210441589355,0.6886210441589355
chronos_2_erratic_features_plus_external,erratic,2025-02-01,35121M62S30000,5.0,6.625886917114258,1.6258869171142578
chronos_2_erratic_features_plus_external,erratic,2025-02-01,35121M67P10000,0.0,3.9848930835723877,3.9848930835723877
chronos_2_erratic_features_plus_external,erratic,2025-02-01,35121M74L01000,3.0,2.095834255218506,0.9041657447814941
chronos_2_erratic_features_plus_external,erratic,2025-02-01,35121M76M50000,9.0,5.120187282562256,3.879812717437744
chronos_2_erratic_features_plus_external,erratic,2025-02-01,35153M59K10000,2.0,0.755136251449585,1.244863748550415
chronos_2_erratic_features_plus_external,erratic,2025-02-01,35300M74TB1000,3.0,1.9333434104919434,1.0666565895080566
chronos_2_erratic_features_plus_external,erratic,2025-02-01,3532064J31000,1.0,1.699673056602478,0.699673056602478
chronos_2_erratic_features_plus_external,erratic,2025-02-01,3532065J32000,1.0,3.3615803718566895,2.3615803718566895
chronos_2_erratic_features_plus_external,erratic,2025-02-01,3532071L20000,2.0,1.5639574527740479,0.43604254722595215
chronos_2_erratic_features_plus_external,erratic,2025-02-01,3532079P30000,3.0,2.2797327041625977,0.7202672958374023
chronos_2_erratic_features_plus_external,erratic,2025-02-01,35321M53MB0000,0.0,5.376913547515869,5.376913547515869
chronos_2_erratic_features_plus_external,erratic,2025-02-01,35321M55T53000,5.0,2.7128238677978516,2.2871761322021484
chronos_2_erratic_features_plus_external,erratic,2025-02-01,35321M67P10000,0.0,4.146938800811768,4.146938800811768
chronos_2_erratic_features_plus_external,erratic,2025-02-01,35321M68K21000,3.0,0.9944237470626831,2.005576252937317
chronos_2_erratic_features_plus_external,erratic,2025-02-01,35321M74L01000,2.0,1.9592406749725342,0.04075932502746582
chronos_2_erratic_features_plus_external,erratic,2025-02-01,35321M76M50000,9.0,4.153752326965332,4.846247673034668
chronos_2_erratic_features_plus_external,erratic,2025-02-01,3550054P01000,1.0,1.7749407291412354,0.7749407291412354
chronos_2_erratic_features_plus_external,erratic,2025-02-01,35501M67P00000,0.0,0.8761262893676758,0.8761262893676758
chronos_2_erratic_features_plus_external,erratic,2025-02-01,3565064J21000,5.0,0.16950929164886475,4.830490708351135
chronos_2_erratic_features_plus_external,erratic,2025-02-01,3565065J21000,9.0,2.343043327331543,6.656956672668457
chronos_2_erratic_features_plus_external,erratic,2025-02-01,3565077R00000,1.0,3.624386787414551,2.624386787414551
chronos_2_erratic_features_plus_external,erratic,2025-02-01,3565079P00000,1.0,0.3775806427001953,0.6224193572998047
chronos_2_erratic_features_plus_external,erratic,2025-02-01,35650M53M00000,1.0,0.14078140258789062,0.8592185974121094
chronos_2_erratic_features_plus_external,erratic,2025-02-01,35650M66L00000,0.0,0.1867462396621704,0.1867462396621704
chronos_2_erratic_features_plus_external,erratic,2025-02-01,35650M67P00000,6.0,0.49976658821105957,5.50023341178894
chronos_2_erratic_features_plus_external,erratic,2025-02-01,35650M74L00000,5.0,0.2595500946044922,4.740449905395508
chronos_2_erratic_features_plus_external,erratic,2025-02-01,35651M68K00000,1.0,0.4804461598396301,0.5195538401603699
chronos_2_erratic_features_plus_external,erratic,2025-02-01,35651M75L00000,2.0,0.10205817222595215,1.8979418277740479
chronos_2_erratic_features_plus_external,erratic,2025-02-01,35651M76M00000,0.0,6.167385101318359,6.167385101318359
chronos_2_erratic_features_plus_external,erratic,2025-02-01,3567060K00000,2.0,4.171062469482422,2.171062469482422
chronos_2_erratic_features_plus_external,erratic,2025-02-01,3567061M10000,3.0,1.712525725364685,1.287474274635315
chronos_2_erratic_features_plus_external,erratic,2025-02-01,3567064J20000,4.0,2.843729257583618,1.1562707424163818
chronos_2_erratic_features_plus_external,erratic,2025-02-01,3567071L00000,2.0,0.5787112712860107,1.4212887287139893
chronos_2_erratic_features_plus_external,erratic,2025-02-01,3567079P00000,0.0,0.9029343724250793,0.9029343724250793
chronos_2_erratic_features_plus_external,erratic,2025-02-01,35670M74L00000,8.0,1.232353687286377,6.767646312713623
chronos_2_erratic_features_plus_external,erratic,2025-02-01,35671M68K00000,1.0,0.2241550087928772,0.7758449912071228
chronos_2_erratic_features_plus_external,erratic,2025-02-01,35671M75L00000,0.0,3.198972225189209,3.198972225189209
chronos_2_erratic_features_plus_external,erratic,2025-02-01,35750M53M00000,3.0,0.5350551605224609,2.464944839477539
chronos_2_erratic_features_plus_external,erratic,2025-02-01,35750M66L00000,0.0,0.2666681110858917,0.2666681110858917
chronos_2_erratic_features_plus_external,erratic,2025-02-01,35750M67P00000,9.0,2.1785824298858643,6.821417570114136
chronos_2_erratic_features_plus_external,erratic,2025-02-01,3591075F12000,0.0,1.3589227199554443,1.3589227199554443
chronos_2_erratic_features_plus_external,erratic,2025-02-01,36250M74T15000,1.0,2.2806146144866943,1.2806146144866943
chronos_2_erratic_features_plus_external,erratic,2025-02-01,3625479P01000,2.0,1.7431116104125977,0.25688838958740234
chronos_2_erratic_features_plus_external,erratic,2025-02-01,3625486R20000,0.0,0.8674418926239014,0.8674418926239014
chronos_2_erratic_features_plus_external,erratic,2025-02-01,36410M67K00000,2.0,3.8427844047546387,1.8427844047546387
chronos_2_erratic_features_plus_external,erratic,2025-02-01,38450M68K00000,0.0,2.5239646434783936,2.5239646434783936
chronos_2_erratic_features_plus_external,erratic,2025-02-01,38450M74L10000,2.0,4.533723831176758,2.533723831176758
chronos_2_erratic_features_plus_external,erratic,2025-02-01,38450M76M00000,8.0,1.8422300815582275,6.1577699184417725
chronos_2_erratic_features_plus_external,erratic,2025-02-01,38453M75000000,0.0,1.758780837059021,1.758780837059021
chronos_2_erratic_features_plus_external,erratic,2025-02-01,3925164J00000,5.0,1.7141313552856445,3.2858686447143555
chronos_2_erratic_features_plus_external,erratic,2025-02-01,3932152R00000,1.0,1.3448697328567505,0.3448697328567505
chronos_2_erratic_features_plus_external,erratic,2025-02-01,39321M62S10000,2.0,2.5412559509277344,0.5412559509277344
chronos_2_erratic_features_plus_external,erratic,2025-02-01,3932252R00000,1.0,1.591080904006958,0.591080904006958
chronos_2_erratic_features_plus_external,erratic,2025-02-01,41710M74L00000,0.0,2.3055107593536377,2.3055107593536377
chronos_2_erratic_features_plus_external,erratic,2025-02-01,4243163J10000,10.0,25.46315574645996,15.463155746459961
chronos_2_erratic_features_plus_external,erratic,2025-02-01,4321078R010BK,1.0,1.8887587785720825,0.8887587785720825
chronos_2_erratic_features_plus_external,erratic,2025-02-01,43210M55T5027N,4.0,0.9209444522857666,3.0790555477142334
chronos_2_erratic_features_plus_external,erratic,2025-02-01,43210M55T60QC8,1.0,12.620046615600586,11.620046615600586
chronos_2_erratic_features_plus_external,erratic,2025-02-01,43210M68P1009L,0.0,1.0542151927947998,1.0542151927947998
chronos_2_erratic_features_plus_external,erratic,2025-02-01,43210M68P60ZMQ,3.0,4.743346214294434,1.7433462142944336
chronos_2_erratic_features_plus_external,erratic,2025-02-01,43210M79G5309L,2.0,3.1689088344573975,1.1689088344573975
chronos_2_erratic_features_plus_external,erratic,2025-02-01,43250M62S0027N,10.0,4.54718542098999,5.45281457901001
chronos_2_erratic_features_plus_external,erratic,2025-02-01,43250M67K0027N,14.0,8.00251579284668,5.99748420715332
chronos_2_erratic_features_plus_external,erratic,2025-02-01,43250M81R1027N,0.0,0.8027478456497192,0.8027478456497192
chronos_2_erratic_features_plus_external,erratic,2025-02-01,43250M83P0027N,4.0,3.5512866973876953,0.4487133026123047
chronos_2_erratic_features_plus_external,erratic,2025-02-01,4325283S000PG,1.0,4.839537620544434,3.8395376205444336
chronos_2_erratic_features_plus_external,erratic,2025-02-01,43252M67L00AQY,0.0,2.1982598304748535,2.1982598304748535
chronos_2_erratic_features_plus_external,erratic,2025-02-01,48150M68P10C48,1.0,0.0,1.0
chronos_2_erratic_features_plus_external,erratic,2025-02-01,5730065811000,2.0,1.1946465969085693,0.8053534030914307
chronos_2_erratic_features_plus_external,erratic,2025-02-01,57300M53M00000,0.0,1.343061089515686,1.343061089515686
chronos_2_erratic_features_plus_external,erratic,2025-02-01,57300M67P00000,2.0,1.5883289575576782,0.4116710424423218
chronos_2_erratic_features_plus_external,erratic,2025-02-01,57300M74L00000,2.0,3.3812813758850098,1.3812813758850098
chronos_2_erratic_features_plus_external,erratic,2025-02-01,57300M76M00000,2.0,0.5378680229187012,1.4621319770812988
chronos_2_erratic_features_plus_external,erratic,2025-02-01,57410M62S00000,1.0,2.0957186222076416,1.0957186222076416
chronos_2_erratic_features_plus_external,erratic,2025-02-01,57410M74L00000,2.0,1.1786489486694336,0.8213510513305664
chronos_2_erratic_features_plus_external,erratic,2025-02-01,57410M76M00000,3.0,1.7186741828918457,1.2813258171081543
chronos_2_erratic_features_plus_external,erratic,2025-02-01,57410M79G00000,1.0,1.0662569999694824,0.06625699996948242
chronos_2_erratic_features_plus_external,erratic,2025-02-01,5742054P00000,2.0,0.8271867632865906,1.1728132367134094
chronos_2_erratic_features_plus_external,erratic,2025-02-01,57420M62S00000,1.0,2.5762476921081543,1.5762476921081543
chronos_2_erratic_features_plus_external,erratic,2025-02-01,57420M67P00000,0.0,0.7676312923431396,0.7676312923431396
chronos_2_erratic_features_plus_external,erratic,2025-02-01,57420M74L00000,3.0,1.413928747177124,1.586071252822876
chronos_2_erratic_features_plus_external,erratic,2025-02-01,57420M76M00000,3.0,1.7252717018127441,1.2747282981872559
chronos_2_erratic_features_plus_external,erratic,2025-02-01,57420M79G00000,1.0,0.9081080555915833,0.09189194440841675
chronos_2_erratic_features_plus_external,erratic,2025-02-01,5761065J10000,6.0,2.671177864074707,3.328822135925293
chronos_2_erratic_features_plus_external,erratic,2025-02-01,5761154P00000,1.0,0.6095466613769531,0.3904533386230469
chronos_2_erratic_features_plus_external,erratic,2025-02-01,57611M53M00000,0.0,1.099989891052246,1.099989891052246
chronos_2_erratic_features_plus_external,erratic,2025-02-01,57611M55T00000,9.0,15.878963470458984,6.878963470458984
chronos_2_erratic_features_plus_external,erratic,2025-02-01,57611M67P01000,1.0,1.0328720808029175,0.03287208080291748
chronos_2_erratic_features_plus_external,erratic,2025-02-01,57611M75T10000,1.0,0.0,1.0
chronos_2_erratic_features_plus_external,erratic,2025-02-01,5771065J10000,2.0,1.916609764099121,0.0833902359008789
chronos_2_erratic_features_plus_external,erratic,2025-02-01,57711M53M00000,0.0,0.15075743198394775,0.15075743198394775
chronos_2_erratic_features_plus_external,erratic,2025-02-01,57711M67P01000,1.0,1.4977492094039917,0.4977492094039917
chronos_2_erratic_features_plus_external,erratic,2025-02-01,57711M68K10000,3.0,1.759403944015503,1.240596055984497
chronos_2_erratic_features_plus_external,erratic,2025-02-01,57711M71P00000,1.0,0.8654530048370361,0.13454699516296387
chronos_2_erratic_features_plus_external,erratic,2025-02-01,57711M76M00000,8.0,2.421682596206665,5.578317403793335
chronos_2_erratic_features_plus_external,erratic,2025-02-01,58121M53M00000,1.0,2.005537509918213,1.005537509918213
chronos_2_erratic_features_plus_external,erratic,2025-02-01,58200M80T00000,2.0,1.0306265354156494,0.9693734645843506
chronos_2_erratic_features_plus_external,erratic,2025-02-01,5823052R00000,0.0,2.1099467277526855,2.1099467277526855
chronos_2_erratic_features_plus_external,erratic,2025-02-01,58230M53M00000,0.0,0.5886092185974121,0.5886092185974121
chronos_2_erratic_features_plus_external,erratic,2025-02-01,58230M62S00000,1.0,1.4383618831634521,0.43836188316345215
chronos_2_erratic_features_plus_external,erratic,2025-02-01,58230M68K01000,0.0,0.9336608648300171,0.9336608648300171
chronos_2_erratic_features_plus_external,erratic,2025-02-01,5826077K00000,1.0,2.685750961303711,1.685750961303711
chronos_2_erratic_features_plus_external,erratic,2025-02-01,58270M68K00000,2.0,2.864027500152588,0.8640275001525879
chronos_2_erratic_features_plus_external,erratic,2025-02-01,58270M76M01000,1.0,0.34543538093566895,0.654564619064331
chronos_2_erratic_features_plus_external,erratic,2025-02-01,58280M68K00000,2.0,1.4857797622680664,0.5142202377319336
chronos_2_erratic_features_plus_external,erratic,2025-02-01,58811M78R00000,1.0,0.0,1.0
chronos_2_erratic_features_plus_external,erratic,2025-02-01,65500M55T10000,2.0,4.779946804046631,2.779946804046631
chronos_2_erratic_features_plus_external,erratic,2025-02-01,65561M74L00000,2.0,2.575953722000122,0.5759537220001221
chronos_2_erratic_features_plus_external,erratic,2025-02-01,68001M55T20000,1.0,2.0766420364379883,1.0766420364379883
chronos_2_erratic_features_plus_external,erratic,2025-02-01,68001M62S12000,3.0,0.39047378301620483,2.609526216983795
chronos_2_erratic_features_plus_external,erratic,2025-02-01,68002M55T20000,0.0,2.5454165935516357,2.5454165935516357
chronos_2_erratic_features_plus_external,erratic,2025-02-01,69100M53M00000,3.0,1.7645604610443115,1.2354395389556885
chronos_2_erratic_features_plus_external,erratic,2025-02-01,69100M67P10000,1.0,0.6896940469741821,0.31030595302581787
chronos_2_erratic_features_plus_external,erratic,2025-02-01,71079M74T00000,0.0,2.0,2.0
chronos_2_erratic_features_plus_external,erratic,2025-02-01,7171064R00ZQ4,3.0,5.934393405914307,2.9343934059143066
chronos_2_erratic_features_plus_external,erratic,2025-02-01,7171154L10799,1.0,0.6275429129600525,0.3724570870399475
chronos_2_erratic_features_plus_external,erratic,2025-02-01,7171161P00799,1.0,1.830533504486084,0.830533504486084
chronos_2_erratic_features_plus_external,erratic,2025-02-01,7171178R015PK,5.0,2.927975654602051,2.072024345397949
chronos_2_erratic_features_plus_external,erratic,2025-02-01,7171179P00799,3.0,1.964842438697815,1.035157561302185
chronos_2_erratic_features_plus_external,erratic,2025-02-01,71711M53MA05PK,1.0,0.7276416420936584,0.27235835790634155
chronos_2_erratic_features_plus_external,erratic,2025-02-01,71711M53MA0799,1.0,0.8883465528488159,0.11165344715118408
chronos_2_erratic_features_plus_external,erratic,2025-02-01,71711M53MB05PK,2.0,0.23544186353683472,1.7645581364631653
chronos_2_erratic_features_plus_external,erratic,2025-02-01,71711M56R00799,2.0,1.5871500968933105,0.41284990310668945
chronos_2_erratic_features_plus_external,erratic,2025-02-01,71711M62S005PK,10.0,10.13550090789795,0.13550090789794922
chronos_2_erratic_features_plus_external,erratic,2025-02-01,71711M66L005PK,1.0,0.6001467704772949,0.3998532295227051
chronos_2_erratic_features_plus_external,erratic,2025-02-01,71711M67P00799,1.0,3.5245440006256104,2.5245440006256104
chronos_2_erratic_features_plus_external,erratic,2025-02-01,71711M68K00799,0.0,2.175492763519287,2.175492763519287
chronos_2_erratic_features_plus_external,erratic,2025-02-01,71711M73T115PK,1.0,0.8631868362426758,0.13681316375732422
chronos_2_erratic_features_plus_external,erratic,2025-02-01,71711M74L00799,1.0,1.0657479763031006,0.06574797630310059
chronos_2_erratic_features_plus_external,erratic,2025-02-01,71711M75L00799,1.0,1.6358270645141602,0.6358270645141602
chronos_2_erratic_features_plus_external,erratic,2025-02-01,71711M76M10799,10.0,2.933039903640747,7.066960096359253
chronos_2_erratic_features_plus_external,erratic,2025-02-01,71711M76T00N49,2.0,2.147947072982788,0.14794707298278809
chronos_2_erratic_features_plus_external,erratic,2025-02-01,71711M79M00799,3.0,1.9429640769958496,1.0570359230041504
chronos_2_erratic_features_plus_external,erratic,2025-02-01,71712M54T00000,2.0,3.0619566440582275,1.0619566440582275
chronos_2_erratic_features_plus_external,erratic,2025-02-01,71712M55T00000,8.0,4.5120744705200195,3.4879255294799805
chronos_2_erratic_features_plus_external,erratic,2025-02-01,71712M56R00000,10.0,0.4108792543411255,9.589120745658875
chronos_2_erratic_features_plus_external,erratic,2025-02-01,71712M79M00000,0.0,4.189993381500244,4.189993381500244
chronos_2_erratic_features_plus_external,erratic,2025-02-01,71720M76M005PK,3.0,1.7812808752059937,1.2187191247940063
chronos_2_erratic_features_plus_external,erratic,2025-02-01,7172160K005PK,4.0,3.2195029258728027,0.7804970741271973
chronos_2_erratic_features_plus_external,erratic,2025-02-01,7172161P005PK,1.0,4.662561416625977,3.6625614166259766
chronos_2_erratic_features_plus_external,erratic,2025-02-01,7172177MJ05PK,0.0,0.7112900614738464,0.7112900614738464
chronos_2_erratic_features_plus_external,erratic,2025-02-01,7172179P005PK,1.0,1.7924538850784302,0.7924538850784302
chronos_2_erratic_features_plus_external,erratic,2025-02-01,7172186R105PK,1.0,2.0736443996429443,1.0736443996429443
chronos_2_erratic_features_plus_external,erratic,2025-02-01,71721M56R005PK,5.0,2.861199378967285,2.138800621032715
chronos_2_erratic_features_plus_external,erratic,2025-02-01,71721M60MA05PK,5.0,4.632441997528076,0.36755800247192383
chronos_2_erratic_features_plus_external,erratic,2025-02-01,71721M74T005PK,6.0,1.7468082904815674,4.253191709518433
chronos_2_erratic_features_plus_external,erratic,2025-02-01,71721M75L005PK,0.0,3.908963680267334,3.908963680267334
chronos_2_erratic_features_plus_external,erratic,2025-02-01,71721M78R005PK,3.0,0.19928160309791565,2.8007183969020844
chronos_2_erratic_features_plus_external,erratic,2025-02-01,71721M84P005PK,0.0,0.9310997128486633,0.9310997128486633
chronos_2_erratic_features_plus_external,erratic,2025-02-01,7173154GA0000,4.0,2.1059391498565674,1.8940608501434326
chronos_2_erratic_features_plus_external,erratic,2025-02-01,7173163J20000,0.0,2.2698371410369873,2.2698371410369873
chronos_2_erratic_features_plus_external,erratic,2025-02-01,7173171L00000,3.0,4.127182483673096,1.1271824836730957
chronos_2_erratic_features_plus_external,erratic,2025-02-01,71731M53M00000,0.0,3.530010938644409,3.530010938644409
chronos_2_erratic_features_plus_external,erratic,2025-02-01,71731M53MB0000,1.0,2.225480794906616,1.2254807949066162
chronos_2_erratic_features_plus_external,erratic,2025-02-01,71731M66L005PK,1.0,0.16037213802337646,0.8396278619766235
chronos_2_erratic_features_plus_external,erratic,2025-02-01,71731M67P00000,2.0,2.7231075763702393,0.7231075763702393
chronos_2_erratic_features_plus_external,erratic,2025-02-01,71731M68K00000,2.0,4.237473487854004,2.237473487854004
chronos_2_erratic_features_plus_external,erratic,2025-02-01,7173262R00000,2.0,0.946215033531189,1.053784966468811
chronos_2_erratic_features_plus_external,erratic,2025-02-01,7173263J20000,0.0,0.45041799545288086,0.45041799545288086
chronos_2_erratic_features_plus_external,erratic,2025-02-01,7173271L00000,4.0,4.560873031616211,0.5608730316162109
chronos_2_erratic_features_plus_external,erratic,2025-02-01,71732M53M00000,0.0,4.474149227142334,4.474149227142334
chronos_2_erratic_features_plus_external,erratic,2025-02-01,71732M66L005PK,1.0,0.41924893856048584,0.5807510614395142
chronos_2_erratic_features_plus_external,erratic,2025-02-01,71732M67P00000,2.0,3.381855010986328,1.3818550109863281
chronos_2_erratic_features_plus_external,erratic,2025-02-01,71732M68K00000,4.0,5.660315036773682,1.6603150367736816
chronos_2_erratic_features_plus_external,erratic,2025-02-01,71732M74T00000,2.0,1.1892091035842896,0.8107908964157104
chronos_2_erratic_features_plus_external,erratic,2025-02-01,71733M55T00000,10.0,4.661319255828857,5.338680744171143
chronos_2_erratic_features_plus_external,erratic,2025-02-01,71733M74L00000,1.0,0.24222683906555176,0.7577731609344482
chronos_2_erratic_features_plus_external,erratic,2025-02-01,71734M55T00000,8.0,4.509115219116211,3.490884780883789
chronos_2_erratic_features_plus_external,erratic,2025-02-01,71734M68L00000,0.0,0.3261387348175049,0.3261387348175049
chronos_2_erratic_features_plus_external,erratic,2025-02-01,71734M74T00000,0.0,0.0,0.0
chronos_2_erratic_features_plus_external,erratic,2025-02-01,7174054L10D2W,0.0,1.402138590812683,1.402138590812683
chronos_2_erratic_features_plus_external,erratic,2025-02-01,7174073R10CUG,3.0,0.9957666397094727,2.0042333602905273
chronos_2_erratic_features_plus_external,erratic,2025-02-01,7174079P00C48,3.0,2.668487787246704,0.3315122127532959
chronos_2_erratic_features_plus_external,erratic,2025-02-01,7174079S00C48,2.0,5.251062870025635,3.2510628700256348
chronos_2_erratic_features_plus_external,erratic,2025-02-01,71740M55T10C48,0.0,3.9767613410949707,3.9767613410949707
chronos_2_erratic_features_plus_external,erratic,2025-02-01,71740M56R00C48,6.0,1.0149497985839844,4.985050201416016
chronos_2_erratic_features_plus_external,erratic,2025-02-01,71740M68T00C48,39.0,29.497407913208008,9.502592086791992
chronos_2_erratic_features_plus_external,erratic,2025-02-01,71740M76MA0C48,19.0,9.027960777282715,9.972039222717285
chronos_2_erratic_features_plus_external,erratic,2025-02-01,71740M76T10KDJ,2.0,1.1637294292449951,0.8362705707550049
chronos_2_erratic_features_plus_external,erratic,2025-02-01,71740M81R00C48,2.0,3.18223237991333,1.18223237991333
chronos_2_erratic_features_plus_external,erratic,2025-02-01,7174160P005PK,1.0,1.7843644618988037,0.7843644618988037
chronos_2_erratic_features_plus_external,erratic,2025-02-01,71741M53M005PK,0.0,2.542724847793579,2.542724847793579
chronos_2_erratic_features_plus_external,erratic,2025-02-01,71741M53MA05PK,1.0,2.929593563079834,1.929593563079834
chronos_2_erratic_features_plus_external,erratic,2025-02-01,71741M74L005PK,0.0,2.246706485748291,2.246706485748291
chronos_2_erratic_features_plus_external,erratic,2025-02-01,71741M75L005PK,3.0,2.3824663162231445,0.6175336837768555
chronos_2_erratic_features_plus_external,erratic,2025-02-01,71741M76M105PK,3.0,0.21811699867248535,2.7818830013275146
chronos_2_erratic_features_plus_external,erratic,2025-02-01,71741M83P005PK,8.0,10.194196701049805,2.1941967010498047
chronos_2_erratic_features_plus_external,erratic,2025-02-01,71743M76M100PG,0.0,0.7491617202758789,0.7491617202758789
chronos_2_erratic_features_plus_external,erratic,2025-02-01,71744M76M100PG,0.0,0.0006577968597412109,0.0006577968597412109
chronos_2_erratic_features_plus_external,erratic,2025-02-01,7175172S205PK,3.0,0.6818621158599854,2.3181378841400146
chronos_2_erratic_features_plus_external,erratic,2025-02-01,7175186R000PG,4.0,2.238511562347412,1.761488437652588
chronos_2_erratic_features_plus_external,erratic,2025-02-01,71751M67P105PK,1.0,0.0,1.0
chronos_2_erratic_features_plus_external,erratic,2025-02-01,71751M83P105PK,0.0,2.6624839305877686,2.6624839305877686
chronos_2_erratic_features_plus_external,erratic,2025-02-01,71752M54T100PG,6.0,3.8675880432128906,2.1324119567871094
chronos_2_erratic_features_plus_external,erratic,2025-02-01,71752M83P00PWJ,0.0,1.2739520072937012,1.2739520072937012
chronos_2_erratic_features_plus_external,erratic,2025-02-01,7176179P105PK,2.0,1.0099241733551025,0.9900758266448975
chronos_2_erratic_features_plus_external,erratic,2025-02-01,71761M52R105PK,4.0,5.729488849639893,1.7294888496398926
chronos_2_erratic_features_plus_external,erratic,2025-02-01,71761M67P105PK,1.0,1.6670409440994263,0.6670409440994263
chronos_2_erratic_features_plus_external,erratic,2025-02-01,71761M68K105PK,1.0,1.7647970914840698,0.7647970914840698
chronos_2_erratic_features_plus_external,erratic,2025-02-01,71761M74T20ZAM,1.0,0.7397310733795166,0.2602689266204834
chronos_2_erratic_features_plus_external,erratic,2025-02-01,71761M76MB0Z2S,4.0,1.679489016532898,2.320510983467102
chronos_2_erratic_features_plus_external,erratic,2025-02-01,71761M76MB0ZHJ,0.0,1.385797381401062,1.385797381401062
chronos_2_erratic_features_plus_external,erratic,2025-02-01,71762M54T100PG,3.0,5.0288987159729,2.0288987159729004
chronos_2_erratic_features_plus_external,erratic,2025-02-01,7177164R005PK,0.0,2.648451328277588,2.648451328277588
chronos_2_erratic_features_plus_external,erratic,2025-02-01,7177171L00000,0.0,0.8757055401802063,0.8757055401802063
chronos_2_erratic_features_plus_external,erratic,2025-02-01,7177186R000PG,2.0,1.5203073024749756,0.4796926975250244
chronos_2_erratic_features_plus_external,erratic,2025-02-01,71771M55T00000,10.0,5.612654685974121,4.387345314025879
chronos_2_erratic_features_plus_external,erratic,2025-02-01,71771M56R100PG,6.0,2.8587260246276855,3.1412739753723145
chronos_2_erratic_features_plus_external,erratic,2025-02-01,71771M76T00PER,2.0,0.9989432692527771,1.001056730747223
chronos_2_erratic_features_plus_external,erratic,2025-02-01,71772M55T00000,2.0,2.7451119422912598,0.7451119422912598
chronos_2_erratic_features_plus_external,erratic,2025-02-01,71782M56R100PG,0.0,3.418558120727539,3.418558120727539
chronos_2_erratic_features_plus_external,erratic,2025-02-01,71782M66L00000,3.0,1.2454025745391846,1.7545974254608154
chronos_2_erratic_features_plus_external,erratic,2025-02-01,7181179P00799,3.0,3.2730965614318848,0.27309656143188477
chronos_2_erratic_features_plus_external,erratic,2025-02-01,71811M53M00799,3.0,2.165872573852539,0.8341274261474609
chronos_2_erratic_features_plus_external,erratic,2025-02-01,71811M56R00799,3.0,4.24951171875,1.24951171875
chronos_2_erratic_features_plus_external,erratic,2025-02-01,71811M56R10799,2.0,2.467487096786499,0.467487096786499
chronos_2_erratic_features_plus_external,erratic,2025-02-01,71811M66L005PK,2.0,0.4724310636520386,1.5275689363479614
chronos_2_erratic_features_plus_external,erratic,2025-02-01,71811M67P01799,8.0,2.015685796737671,5.984314203262329
chronos_2_erratic_features_plus_external,erratic,2025-02-01,71811M68K00799,2.0,0.6163458824157715,1.3836541175842285
chronos_2_erratic_features_plus_external,erratic,2025-02-01,71811M68P00799,5.0,2.5593409538269043,2.4406590461730957
chronos_2_erratic_features_plus_external,erratic,2025-02-01,71811M74T00799,2.0,1.0900264978408813,0.9099735021591187
chronos_2_erratic_features_plus_external,erratic,2025-02-01,71811M75L00799,4.0,1.616911768913269,2.383088231086731
chronos_2_erratic_features_plus_external,erratic,2025-02-01,71811M76M00799,0.0,4.72602653503418,4.72602653503418
chronos_2_erratic_features_plus_external,erratic,2025-02-01,71811M80T105PK,1.0,1.0579723119735718,0.05797231197357178
chronos_2_erratic_features_plus_external,erratic,2025-02-01,7181365L00000,18.0,0.2354416847229004,17.7645583152771
chronos_2_erratic_features_plus_external,erratic,2025-02-01,7182173K10000,3.0,1.1052815914154053,1.8947184085845947
chronos_2_erratic_features_plus_external,erratic,2025-02-01,7182179P00000,4.0,2.761849880218506,1.2381501197814941
chronos_2_erratic_features_plus_external,erratic,2025-02-01,71821M68K00000,1.0,0.6574960947036743,0.3425039052963257
chronos_2_erratic_features_plus_external,erratic,2025-02-01,71821M79M00000,0.0,0.9443243741989136,0.9443243741989136
chronos_2_erratic_features_plus_external,erratic,2025-02-01,7182273K10000,3.0,0.9804834127426147,2.0195165872573853
chronos_2_erratic_features_plus_external,erratic,2025-02-01,7182279P00000,3.0,1.7725590467453003,1.2274409532546997
chronos_2_erratic_features_plus_external,erratic,2025-02-01,7182280J00000,0.0,3.315396308898926,3.315396308898926
chronos_2_erratic_features_plus_external,erratic,2025-02-01,71822M55T00000,9.0,6.53283166885376,2.4671683311462402
chronos_2_erratic_features_plus_external,erratic,2025-02-01,71822M68K00000,1.0,1.4514069557189941,0.45140695571899414
chronos_2_erratic_features_plus_external,erratic,2025-02-01,71822M79M00000,0.0,1.0274158716201782,1.0274158716201782
chronos_2_erratic_features_plus_external,erratic,2025-02-01,71823M68L00000,5.0,4.861930847167969,0.13806915283203125
chronos_2_erratic_features_plus_external,erratic,2025-02-01,7187186R000BK,1.0,4.311207294464111,3.3112072944641113
chronos_2_erratic_features_plus_external,erratic,2025-02-01,72310M68K00000,0.0,2.581315279006958,2.581315279006958
chronos_2_erratic_features_plus_external,erratic,2025-02-01,72312M55R00000,9.0,5.6455607414245605,3.3544392585754395
chronos_2_erratic_features_plus_external,erratic,2025-02-01,72312M68K00000,1.0,9.58273696899414,8.58273696899414
chronos_2_erratic_features_plus_external,erratic,2025-02-01,7232154P00000,3.0,2.039395332336426,0.9606046676635742
chronos_2_erratic_features_plus_external,erratic,2025-02-01,7232171L00000,2.0,0.793027400970459,1.206972599029541
chronos_2_erratic_features_plus_external,erratic,2025-02-01,72321M53M00000,0.0,4.308440685272217,4.308440685272217
chronos_2_erratic_features_plus_external,erratic,2025-02-01,72321M68K00000,2.0,1.8379651308059692,0.16203486919403076
chronos_2_erratic_features_plus_external,erratic,2025-02-01,72321M74L00000,3.0,14.451801300048828,11.451801300048828
chronos_2_erratic_features_plus_external,erratic,2025-02-01,72321M76M01000,2.0,2.1355690956115723,0.13556909561157227
chronos_2_erratic_features_plus_external,erratic,2025-02-01,7232271L00000,3.0,2.129617929458618,0.8703820705413818
chronos_2_erratic_features_plus_external,erratic,2025-02-01,72322M53M00000,3.0,5.188380718231201,2.188380718231201
chronos_2_erratic_features_plus_external,erratic,2025-02-01,72322M68K00000,2.0,2.0886502265930176,0.08865022659301758
chronos_2_erratic_features_plus_external,erratic,2025-02-01,72322M74L00000,7.0,8.841078758239746,1.841078758239746
chronos_2_erratic_features_plus_external,erratic,2025-02-01,72322M76M01000,5.0,1.7059516906738281,3.294048309326172
chronos_2_erratic_features_plus_external,erratic,2025-02-01,72371M74L105PK,0.0,2.1586954593658447,2.1586954593658447
chronos_2_erratic_features_plus_external,erratic,2025-02-01,72380M62S01000,1.0,2.0597727298736572,1.0597727298736572
chronos_2_erratic_features_plus_external,erratic,2025-02-01,72398M68K00000,0.0,0.5747607946395874,0.5747607946395874
chronos_2_erratic_features_plus_external,erratic,2025-02-01,72411M74L10000,1.0,0.83244389295578,0.16755610704421997
chronos_2_erratic_features_plus_external,erratic,2025-02-01,72420M80T00000,0.0,1.8951160907745361,1.8951160907745361
chronos_2_erratic_features_plus_external,erratic,2025-02-01,7242252R00000,3.0,1.0194976329803467,1.9805023670196533
chronos_2_erratic_features_plus_external,erratic,2025-02-01,72431M68L00000,1.0,0.8574503064155579,0.14254969358444214
chronos_2_erratic_features_plus_external,erratic,2025-02-01,72433M56R00000,2.0,1.3278416395187378,0.6721583604812622
chronos_2_erratic_features_plus_external,erratic,2025-02-01,72437M68L00000,2.0,1.8065152168273926,0.19348478317260742
chronos_2_erratic_features_plus_external,erratic,2025-02-01,7248265J00000,3.0,0.5044193267822266,2.4955806732177734
chronos_2_erratic_features_plus_external,erratic,2025-02-01,7282165J00Z2S,4.0,5.430880069732666,1.430880069732666
chronos_2_erratic_features_plus_external,erratic,2025-02-01,73110M68P50ZCA,1.0,0.68918776512146,0.31081223487854004
chronos_2_erratic_features_plus_external,erratic,2025-02-01,7343061J00P4Z,0.0,1.9980788230895996,1.9980788230895996
chronos_2_erratic_features_plus_external,erratic,2025-02-01,73430M75J00P4Z,2.0,0.9797757863998413,1.0202242136001587
chronos_2_erratic_features_plus_external,erratic,2025-02-01,73821M62S205PK,3.0,2.750239849090576,0.24976015090942383
chronos_2_erratic_features_plus_external,erratic,2025-02-01,73821M67P305PK,1.0,0.39161741733551025,0.6083825826644897
chronos_2_erratic_features_plus_external,erratic,2025-02-01,73831M68P005PK,5.0,1.498473882675171,3.501526117324829
chronos_2_erratic_features_plus_external,erratic,2025-02-01,74120M66L10000,0.0,1.0557548999786377,1.0557548999786377
chronos_2_erratic_features_plus_external,erratic,2025-02-01,74461M79M005PK,9.0,2.1863222122192383,6.813677787780762
chronos_2_erratic_features_plus_external,erratic,2025-02-01,7619171L005PK,3.0,0.5420154333114624,2.4579845666885376
chronos_2_erratic_features_plus_external,erratic,2025-02-01,7619254P005PK,5.0,3.911909818649292,1.088090181350708
chronos_2_erratic_features_plus_external,erratic,2025-02-01,76520M68P10000,3.0,1.2765157222747803,1.7234842777252197
chronos_2_erratic_features_plus_external,erratic,2025-02-01,76520M74K01000,1.0,0.9211717844009399,0.07882821559906006
chronos_2_erratic_features_plus_external,erratic,2025-02-01,77161M68P00000,2.0,0.6072239875793457,1.3927760124206543
chronos_2_erratic_features_plus_external,erratic,2025-02-01,77210M74T005PK,1.0,1.1322041749954224,0.13220417499542236
chronos_2_erratic_features_plus_external,erratic,2025-02-01,7726054P005PK,0.0,3.652775287628174,3.652775287628174
chronos_2_erratic_features_plus_external,erratic,2025-02-01,7733061M01000,4.0,1.161823034286499,2.838176965713501
chronos_2_erratic_features_plus_external,erratic,2025-02-01,77330M81R00000,4.0,7.629832744598389,3.6298327445983887
chronos_2_erratic_features_plus_external,erratic,2025-02-01,7781158J000PG,1.0,1.6267644166946411,0.6267644166946411
chronos_2_erratic_features_plus_external,erratic,2025-02-01,77811M58J000PG,2.0,3.8482859134674072,1.8482859134674072
chronos_2_erratic_features_plus_external,erratic,2025-02-01,77811M63T000PG,1.0,2.2208433151245117,1.2208433151245117
chronos_2_erratic_features_plus_external,erratic,2025-02-01,7783154GB00PG,2.0,2.012706756591797,0.012706756591796875
chronos_2_erratic_features_plus_external,erratic,2025-02-01,77831M68L000PG,3.0,2.0625314712524414,0.9374685287475586
chronos_2_erratic_features_plus_external,erratic,2025-02-01,77851M54G000PG,0.0,0.9730492830276489,0.9730492830276489
chronos_2_erratic_features_plus_external,erratic,2025-02-01,8185061J01000,2.0,3.815744400024414,1.815744400024414
chronos_2_erratic_features_plus_external,erratic,2025-02-01,81850M68K00000,2.0,2.9429526329040527,0.9429526329040527
chronos_2_erratic_features_plus_external,erratic,2025-02-01,81850M68P10000,2.0,1.9257018566131592,0.07429814338684082
chronos_2_erratic_features_plus_external,erratic,2025-02-01,8186061J01000,2.0,3.4353842735290527,1.4353842735290527
chronos_2_erratic_features_plus_external,erratic,2025-02-01,81860M68K00000,2.0,2.9083662033081055,0.9083662033081055
chronos_2_erratic_features_plus_external,erratic,2025-02-01,81860M79G20000,0.0,0.15909165143966675,0.15909165143966675
chronos_2_erratic_features_plus_external,erratic,2025-02-01,8212177K00000,0.0,0.08605813980102539,0.08605813980102539
chronos_2_erratic_features_plus_external,erratic,2025-02-01,82801M66L015PK,6.0,4.367945671081543,1.632054328918457
chronos_2_erratic_features_plus_external,erratic,2025-02-01,82801M68K005PK,0.0,2.086759567260742,2.086759567260742
chronos_2_erratic_features_plus_external,erratic,2025-02-01,82802M66L015PK,6.0,2.3687734603881836,3.6312265396118164
chronos_2_erratic_features_plus_external,erratic,2025-02-01,82802M68K5026U,9.0,7.313965797424316,1.6860342025756836
chronos_2_erratic_features_plus_external,erratic,2025-02-01,82802M81A605PK,0.0,0.18715006113052368,0.18715006113052368
chronos_2_erratic_features_plus_external,erratic,2025-02-01,82850M76M005PK,9.0,2.7702112197875977,6.229788780212402
chronos_2_erratic_features_plus_external,erratic,2025-02-01,8392152R010CE,1.0,0.9099161624908447,0.09008383750915527
chronos_2_erratic_features_plus_external,erratic,2025-02-01,83921M68P000CB,5.0,1.2282592058181763,3.7717407941818237
chronos_2_erratic_features_plus_external,erratic,2025-02-01,83922M55T000CB,5.0,4.364924430847168,0.635075569152832
chronos_2_erratic_features_plus_external,erratic,2025-02-01,8392352R020CE,0.0,1.0141971111297607,1.0141971111297607
chronos_2_erratic_features_plus_external,erratic,2025-02-01,83923M68P000CB,7.0,2.064826726913452,4.935173273086548
chronos_2_erratic_features_plus_external,erratic,2025-02-01,83924M55T000CB,3.0,1.309801459312439,1.690198540687561
chronos_2_erratic_features_plus_external,erratic,2025-02-01,83924M62S000CB,0.0,0.5767014622688293,0.5767014622688293
chronos_2_erratic_features_plus_external,erratic,2025-02-01,83924M68P100CB,3.0,2.430736541748047,0.5692634582519531
chronos_2_erratic_features_plus_external,erratic,2025-02-01,83926M68P000CB,1.0,2.2160074710845947,1.2160074710845947
chronos_2_erratic_features_plus_external,erratic,2025-02-01,8393061J005PK,1.0,3.5468099117279053,2.5468099117279053
chronos_2_erratic_features_plus_external,erratic,2025-02-01,83932M68P000CB,1.0,2.67635440826416,1.6763544082641602
chronos_2_erratic_features_plus_external,erratic,2025-02-01,83940M68P100PG,0.0,1.1164555549621582,1.1164555549621582
chronos_2_erratic_features_plus_external,erratic,2025-02-01,83940M74L10000,3.0,0.1598060131072998,2.8401939868927
chronos_2_erratic_features_plus_external,erratic,2025-02-01,83970M68P00000,2.0,1.020415186882019,0.979584813117981
chronos_2_erratic_features_plus_external,erratic,2025-02-01,84051M55T01000,7.0,2.019347667694092,4.980652332305908
chronos_2_erratic_features_plus_external,erratic,2025-02-01,84051M55T11000,1.0,1.907692313194275,0.9076923131942749
chronos_2_erratic_features_plus_external,erratic,2025-02-01,8450152R02000,3.0,1.4615840911865234,1.5384159088134766
chronos_2_erratic_features_plus_external,erratic,2025-02-01,84501M55T00000,2.0,3.4275803565979004,1.4275803565979004
chronos_2_erratic_features_plus_external,erratic,2025-02-01,84501M68P00000,3.0,2.203150987625122,0.7968490123748779
chronos_2_erratic_features_plus_external,erratic,2025-02-01,84502M68P00000,1.0,1.980665683746338,0.9806656837463379
chronos_2_erratic_features_plus_external,erratic,2025-02-01,84510M74L01000,2.0,1.7955429553985596,0.20445704460144043
chronos_2_erratic_features_plus_external,erratic,2025-02-01,84511M76M10000,0.0,0.8648005723953247,0.8648005723953247
chronos_2_erratic_features_plus_external,erratic,2025-02-01,8470171LVAZMT,0.0,2.1990420818328857,2.1990420818328857
chronos_2_erratic_features_plus_external,erratic,2025-02-01,84701M53M205PK,3.0,4.049447536468506,1.0494475364685059
chronos_2_erratic_features_plus_external,erratic,2025-02-01,84701M55TB0ZHJ,1.0,1.7926684617996216,0.7926684617996216
chronos_2_erratic_features_plus_external,erratic,2025-02-01,84701M68P31ZHJ,2.0,3.454979419708252,1.454979419708252
chronos_2_erratic_features_plus_external,erratic,2025-02-01,84701M68P515PK,4.0,2.451348066329956,1.548651933670044
chronos_2_erratic_features_plus_external,erratic,2025-02-01,84701M74LC15PK,2.0,1.1431128978729248,0.8568871021270752
chronos_2_erratic_features_plus_external,erratic,2025-02-01,8470261J025PK,3.0,2.811622142791748,0.18837785720825195
chronos_2_erratic_features_plus_external,erratic,2025-02-01,84702M53M205PK,4.0,3.477764129638672,0.5222358703613281
chronos_2_erratic_features_plus_external,erratic,2025-02-01,84702M55TB0ZHJ,1.0,4.752686977386475,3.7526869773864746
chronos_2_erratic_features_plus_external,erratic,2025-02-01,84702M56R92ZHJ,2.0,0.9572396278381348,1.0427603721618652
chronos_2_erratic_features_plus_external,erratic,2025-02-01,84702M62S20Z4Q,3.0,2.787022113800049,0.21297788619995117
chronos_2_erratic_features_plus_external,erratic,2025-02-01,84702M68P31ZHJ,2.0,2.338449716567993,0.33844971656799316
chronos_2_erratic_features_plus_external,erratic,2025-02-01,84702M68P515PK,0.0,2.7296385765075684,2.7296385765075684
chronos_2_erratic_features_plus_external,erratic,2025-02-01,84702M74LC15PK,1.0,3.6772003173828125,2.6772003173828125
chronos_2_erratic_features_plus_external,erratic,2025-02-01,84702M79G30000,0.0,0.525670051574707,0.525670051574707
chronos_2_erratic_features_plus_external,erratic,2025-02-01,84703M79M02000,11.0,4.4642205238342285,6.5357794761657715
chronos_2_erratic_features_plus_external,erratic,2025-02-01,8471852R20ZVR,0.0,1.0916675329208374,1.0916675329208374
chronos_2_erratic_features_plus_external,erratic,2025-02-01,8472852R20ZVR,4.0,0.972031831741333,3.027968168258667
chronos_2_erratic_features_plus_external,erratic,2025-02-01,8472865J00Z2S,1.0,0.7012060284614563,0.2987939715385437
chronos_2_erratic_features_plus_external,erratic,2025-02-01,8472880J00Z2S,0.0,1.0645276308059692,1.0645276308059692
chronos_2_erratic_features_plus_external,erratic,2025-02-01,84730M67P10000,2.0,5.730722904205322,3.7307229042053223
chronos_2_erratic_features_plus_external,erratic,2025-02-01,84730M74LC0000,6.0,5.101179122924805,0.8988208770751953
chronos_2_erratic_features_plus_external,erratic,2025-02-01,84730M79M00000,9.0,8.888181686401367,0.11181831359863281
chronos_2_erratic_features_plus_external,erratic,2025-02-01,8474061M00000,2.0,2.7033989429473877,0.7033989429473877
chronos_2_erratic_features_plus_external,erratic,2025-02-01,8474065J00000,0.0,2.5754575729370117,2.5754575729370117
chronos_2_erratic_features_plus_external,erratic,2025-02-01,84740M67P10000,1.0,5.138028621673584,4.138028621673584
chronos_2_erratic_features_plus_external,erratic,2025-02-01,84740M74LC0000,9.0,4.669699668884277,4.330300331115723
chronos_2_erratic_features_plus_external,erratic,2025-02-01,84740M74LE0000,3.0,2.730881452560425,0.2691185474395752
chronos_2_erratic_features_plus_external,erratic,2025-02-01,84740M76M00000,0.0,11.938053131103516,11.938053131103516
chronos_2_erratic_features_plus_external,erratic,2025-02-01,84740M79M00000,7.0,7.6103291511535645,0.6103291511535645
chronos_2_erratic_features_plus_external,erratic,2025-02-01,84920M68PB1BHE,1.0,0.35351574420928955,0.6464842557907104
chronos_2_erratic_features_plus_external,erratic,2025-02-01,84940M68PC1BHE,1.0,0.8507719039916992,0.14922809600830078
chronos_2_erratic_features_plus_external,erratic,2025-02-01,95130M68K00000,3.0,1.655659556388855,1.344340443611145
chronos_2_erratic_features_plus_external,erratic,2025-02-01,95310M53T00000,3.0,5.639336585998535,2.639336585998535
chronos_2_erratic_features_plus_external,erratic,2025-02-01,95310M55T00000,3.0,4.0827860832214355,1.0827860832214355
chronos_2_erratic_features_plus_external,erratic,2025-02-01,95310M76M00000,3.0,1.357716679573059,1.642283320426941
chronos_2_erratic_features_plus_external,erratic,2025-03-01,0911912012000,57.0,40.88755416870117,16.112445831298828
chronos_2_erratic_features_plus_external,erratic,2025-03-01,09140M12040000,1.0,14.034209251403809,13.034209251403809
chronos_2_erratic_features_plus_external,erratic,2025-03-01,0915912057000,14.0,1.8171119689941406,12.18288803100586
chronos_2_erratic_features_plus_external,erratic,2025-03-01,09209M09L02000,6.0,9.953478813171387,3.9534788131713867
chronos_2_erratic_features_plus_external,erratic,2025-03-01,0924616021000,2.0,15.449919700622559,13.449919700622559
chronos_2_erratic_features_plus_external,erratic,2025-03-01,0928335052000,1.0,5.408090591430664,4.408090591430664
chronos_2_erratic_features_plus_external,erratic,2025-03-01,0928348007000,3.0,10.227823257446289,7.227823257446289
chronos_2_erratic_features_plus_external,erratic,2025-03-01,0940907340000,50.0,71.66036987304688,21.660369873046875
chronos_2_erratic_features_plus_external,erratic,2025-03-01,09409M07355000,41.0,19.95013427734375,21.04986572265625
chronos_2_erratic_features_plus_external,erratic,2025-03-01,09409M08006000,135.0,40.29304122924805,94.70695877075195
chronos_2_erratic_features_plus_external,erratic,2025-03-01,09409M10L04000,0.0,45.49828338623047,45.49828338623047
chronos_2_erratic_features_plus_external,erratic,2025-03-01,11610M53M00000,4.0,1.5780997276306152,2.4219002723693848
chronos_2_erratic_features_plus_external,erratic,2025-03-01,11610M68K03000,1.0,1.8282891511917114,0.8282891511917114
chronos_2_erratic_features_plus_external,erratic,2025-03-01,11620M53M00000,2.0,2.3373801708221436,0.33738017082214355
chronos_2_erratic_features_plus_external,erratic,2025-03-01,11710M53M00000,3.0,4.974856376647949,1.9748563766479492
chronos_2_erratic_features_plus_external,erratic,2025-03-01,17100M62S00000,2.0,2.2690787315368652,0.26907873153686523
chronos_2_erratic_features_plus_external,erratic,2025-03-01,17213M76M00000,3.0,1.024969220161438,1.975030779838562
chronos_2_erratic_features_plus_external,erratic,2025-03-01,17214M76M10000,1.0,1.195383906364441,0.19538390636444092
chronos_2_erratic_features_plus_external,erratic,2025-03-01,17700M53M20000,2.0,6.832706451416016,4.832706451416016
chronos_2_erratic_features_plus_external,erratic,2025-03-01,17700M76M10000,2.0,1.5973141193389893,0.40268588066101074
chronos_2_erratic_features_plus_external,erratic,2025-03-01,17700M83P00000,4.0,0.5250204205513,3.4749795794487
chronos_2_erratic_features_plus_external,erratic,2025-03-01,3512065J32000,6.0,2.8870952129364014,3.1129047870635986
chronos_2_erratic_features_plus_external,erratic,2025-03-01,3512071L20000,1.0,1.363195538520813,0.363195538520813
chronos_2_erratic_features_plus_external,erratic,2025-03-01,35120M68K20000,1.0,1.16461181640625,0.16461181640625
chronos_2_erratic_features_plus_external,erratic,2025-03-01,35121M53MB0000,5.0,6.610352516174316,1.6103525161743164
chronos_2_erratic_features_plus_external,erratic,2025-03-01,35121M60M10000,0.0,0.9168579578399658,0.9168579578399658
chronos_2_erratic_features_plus_external,erratic,2025-03-01,35121M62S30000,12.0,8.532876014709473,3.4671239852905273
chronos_2_erratic_features_plus_external,erratic,2025-03-01,35121M67P10000,1.0,1.1966638565063477,0.19666385650634766
chronos_2_erratic_features_plus_external,erratic,2025-03-01,35121M74L01000,4.0,6.380275249481201,2.380275249481201
chronos_2_erratic_features_plus_external,erratic,2025-03-01,35121M76M50000,3.0,1.240126132965088,1.759873867034912
chronos_2_erratic_features_plus_external,erratic,2025-03-01,35153M59K10000,1.0,0.09530806541442871,0.9046919345855713
chronos_2_erratic_features_plus_external,erratic,2025-03-01,35300M74TB1000,1.0,1.18894362449646,0.18894362449645996
chronos_2_erratic_features_plus_external,erratic,2025-03-01,3532064J31000,1.0,3.185070037841797,2.185070037841797
chronos_2_erratic_features_plus_external,erratic,2025-03-01,3532065J32000,1.0,2.886664628982544,1.886664628982544
chronos_2_erratic_features_plus_external,erratic,2025-03-01,3532071L20000,1.0,1.0142086744308472,0.014208674430847168
chronos_2_erratic_features_plus_external,erratic,2025-03-01,3532079P30000,2.0,2.381682872772217,0.3816828727722168
chronos_2_erratic_features_plus_external,erratic,2025-03-01,35321M53MB0000,3.0,6.909206390380859,3.9092063903808594
chronos_2_erratic_features_plus_external,erratic,2025-03-01,35321M55T53000,5.0,3.321364641189575,1.6786353588104248
chronos_2_erratic_features_plus_external,erratic,2025-03-01,35321M67P10000,2.0,1.1640437841415405,0.8359562158584595
chronos_2_erratic_features_plus_external,erratic,2025-03-01,35321M68K21000,1.0,1.1256434917449951,0.12564349174499512
chronos_2_erratic_features_plus_external,erratic,2025-03-01,35321M74L01000,3.0,4.18134880065918,1.1813488006591797
chronos_2_erratic_features_plus_external,erratic,2025-03-01,35321M76M50000,2.0,3.6392507553100586,1.6392507553100586
chronos_2_erratic_features_plus_external,erratic,2025-03-01,3550054P01000,1.0,1.2326778173446655,0.23267781734466553
chronos_2_erratic_features_plus_external,erratic,2025-03-01,35501M67P00000,1.0,1.6817646026611328,0.6817646026611328
chronos_2_erratic_features_plus_external,erratic,2025-03-01,3565064J21000,1.0,1.346290946006775,0.3462909460067749
chronos_2_erratic_features_plus_external,erratic,2025-03-01,3565065J21000,1.0,3.6776680946350098,2.6776680946350098
chronos_2_erratic_features_plus_external,erratic,2025-03-01,3565077R00000,3.0,2.244886875152588,0.7551131248474121
chronos_2_erratic_features_plus_external,erratic,2025-03-01,3565079P00000,1.0,1.4993549585342407,0.4993549585342407
chronos_2_erratic_features_plus_external,erratic,2025-03-01,35650M53M00000,5.0,0.0,5.0
chronos_2_erratic_features_plus_external,erratic,2025-03-01,35650M66L00000,0.0,0.0,0.0
chronos_2_erratic_features_plus_external,erratic,2025-03-01,35650M67P00000,1.0,1.1288177967071533,0.12881779670715332
chronos_2_erratic_features_plus_external,erratic,2025-03-01,35650M74L00000,8.0,6.115272045135498,1.884727954864502
chronos_2_erratic_features_plus_external,erratic,2025-03-01,35651M68K00000,1.0,0.8972804546356201,0.10271954536437988
chronos_2_erratic_features_plus_external,erratic,2025-03-01,35651M75L00000,0.0,2.3679943084716797,2.3679943084716797
chronos_2_erratic_features_plus_external,erratic,2025-03-01,35651M76M00000,2.0,3.8322787284851074,1.8322787284851074
chronos_2_erratic_features_plus_external,erratic,2025-03-01,3567060K00000,4.0,9.214034080505371,5.214034080505371
chronos_2_erratic_features_plus_external,erratic,2025-03-01,3567061M10000,3.0,2.5479769706726074,0.4520230293273926
chronos_2_erratic_features_plus_external,erratic,2025-03-01,3567064J20000,1.0,1.7114890813827515,0.7114890813827515
chronos_2_erratic_features_plus_external,erratic,2025-03-01,3567071L00000,3.0,1.4876121282577515,1.5123878717422485
chronos_2_erratic_features_plus_external,erratic,2025-03-01,3567079P00000,2.0,0.3265160322189331,1.673483967781067
chronos_2_erratic_features_plus_external,erratic,2025-03-01,35670M74L00000,6.0,2.287383556365967,3.712616443634033
chronos_2_erratic_features_plus_external,erratic,2025-03-01,35671M68K00000,2.0,1.1342263221740723,0.8657736778259277
chronos_2_erratic_features_plus_external,erratic,2025-03-01,35671M75L00000,1.0,2.7149112224578857,1.7149112224578857
chronos_2_erratic_features_plus_external,erratic,2025-03-01,35750M53M00000,2.0,2.461873769760132,0.46187376976013184
chronos_2_erratic_features_plus_external,erratic,2025-03-01,35750M66L00000,0.0,0.008431166410446167,0.008431166410446167
chronos_2_erratic_features_plus_external,erratic,2025-03-01,35750M67P00000,1.0,3.2327802181243896,2.2327802181243896
chronos_2_erratic_features_plus_external,erratic,2025-03-01,3591075F12000,0.0,1.1954617500305176,1.1954617500305176
chronos_2_erratic_features_plus_external,erratic,2025-03-01,36250M74T15000,2.0,0.8290871381759644,1.1709128618240356
chronos_2_erratic_features_plus_external,erratic,2025-03-01,3625479P01000,1.0,1.2287251949310303,0.22872519493103027
chronos_2_erratic_features_plus_external,erratic,2025-03-01,3625486R20000,0.0,0.8815163373947144,0.8815163373947144
chronos_2_erratic_features_plus_external,erratic,2025-03-01,36410M67K00000,1.0,4.313694000244141,3.3136940002441406
chronos_2_erratic_features_plus_external,erratic,2025-03-01,38450M68K00000,0.0,0.5697627067565918,0.5697627067565918
chronos_2_erratic_features_plus_external,erratic,2025-03-01,38450M74L10000,0.0,2.35860538482666,2.35860538482666
chronos_2_erratic_features_plus_external,erratic,2025-03-01,38450M76M00000,0.0,1.9495680332183838,1.9495680332183838
chronos_2_erratic_features_plus_external,erratic,2025-03-01,38453M75000000,2.0,0.7209635972976685,1.2790364027023315
chronos_2_erratic_features_plus_external,erratic,2025-03-01,3925164J00000,3.0,1.7135658264160156,1.2864341735839844
chronos_2_erratic_features_plus_external,erratic,2025-03-01,3932152R00000,1.0,1.3096243143081665,0.3096243143081665
chronos_2_erratic_features_plus_external,erratic,2025-03-01,39321M62S10000,3.0,3.2071805000305176,0.20718050003051758
chronos_2_erratic_features_plus_external,erratic,2025-03-01,3932252R00000,1.0,1.2491663694381714,0.2491663694381714
chronos_2_erratic_features_plus_external,erratic,2025-03-01,41710M74L00000,0.0,1.1039514541625977,1.1039514541625977
chronos_2_erratic_features_plus_external,erratic,2025-03-01,4243163J10000,20.0,17.340190887451172,2.659809112548828
chronos_2_erratic_features_plus_external,erratic,2025-03-01,4321078R010BK,5.0,1.1209042072296143,3.8790957927703857
chronos_2_erratic_features_plus_external,erratic,2025-03-01,43210M55T5027N,1.0,2.0285651683807373,1.0285651683807373
chronos_2_erratic_features_plus_external,erratic,2025-03-01,43210M55T60QC8,3.0,11.575300216674805,8.575300216674805
chronos_2_erratic_features_plus_external,erratic,2025-03-01,43210M68P1009L,3.0,2.2897250652313232,0.7102749347686768
chronos_2_erratic_features_plus_external,erratic,2025-03-01,43210M68P60ZMQ,3.0,3.3989341259002686,0.39893412590026855
chronos_2_erratic_features_plus_external,erratic,2025-03-01,43210M79G5309L,1.0,3.296381950378418,2.296381950378418
chronos_2_erratic_features_plus_external,erratic,2025-03-01,43250M62S0027N,9.0,8.514596939086914,0.48540306091308594
chronos_2_erratic_features_plus_external,erratic,2025-03-01,43250M67K0027N,15.0,4.204685688018799,10.795314311981201
chronos_2_erratic_features_plus_external,erratic,2025-03-01,43250M81R1027N,1.0,1.3069908618927002,0.3069908618927002
chronos_2_erratic_features_plus_external,erratic,2025-03-01,43250M83P0027N,2.0,3.685581684112549,1.6855816841125488
chronos_2_erratic_features_plus_external,erratic,2025-03-01,4325283S000PG,2.0,2.437819480895996,0.4378194808959961
chronos_2_erratic_features_plus_external,erratic,2025-03-01,43252M67L00AQY,2.0,0.1710824966430664,1.8289175033569336
chronos_2_erratic_features_plus_external,erratic,2025-03-01,48150M68P10C48,1.0,0.6188483238220215,0.3811516761779785
chronos_2_erratic_features_plus_external,erratic,2025-03-01,5730065811000,4.0,0.26887810230255127,3.7311218976974487
chronos_2_erratic_features_plus_external,erratic,2025-03-01,57300M53M00000,0.0,1.4404464960098267,1.4404464960098267
chronos_2_erratic_features_plus_external,erratic,2025-03-01,57300M67P00000,2.0,1.6384782791137695,0.36152172088623047
chronos_2_erratic_features_plus_external,erratic,2025-03-01,57300M74L00000,2.0,4.577449798583984,2.5774497985839844
chronos_2_erratic_features_plus_external,erratic,2025-03-01,57300M76M00000,2.0,0.41602134704589844,1.5839786529541016
chronos_2_erratic_features_plus_external,erratic,2025-03-01,57410M62S00000,2.0,1.9830434322357178,0.016956567764282227
chronos_2_erratic_features_plus_external,erratic,2025-03-01,57410M74L00000,0.0,1.921858549118042,1.921858549118042
chronos_2_erratic_features_plus_external,erratic,2025-03-01,57410M76M00000,3.0,0.6484161615371704,2.3515838384628296
chronos_2_erratic_features_plus_external,erratic,2025-03-01,57410M79G00000,0.0,1.5799216032028198,1.5799216032028198
chronos_2_erratic_features_plus_external,erratic,2025-03-01,5742054P00000,1.0,1.4339898824691772,0.43398988246917725
chronos_2_erratic_features_plus_external,erratic,2025-03-01,57420M62S00000,1.0,2.826119899749756,1.8261198997497559
chronos_2_erratic_features_plus_external,erratic,2025-03-01,57420M67P00000,1.0,0.8663991689682007,0.13360083103179932
chronos_2_erratic_features_plus_external,erratic,2025-03-01,57420M74L00000,2.0,1.0576192140579224,0.9423807859420776
chronos_2_erratic_features_plus_external,erratic,2025-03-01,57420M76M00000,3.0,0.6296048760414124,2.3703951239585876
chronos_2_erratic_features_plus_external,erratic,2025-03-01,57420M79G00000,0.0,1.391318678855896,1.391318678855896
chronos_2_erratic_features_plus_external,erratic,2025-03-01,5761065J10000,2.0,2.5422511100769043,0.5422511100769043
chronos_2_erratic_features_plus_external,erratic,2025-03-01,5761154P00000,0.0,1.5409369468688965,1.5409369468688965
chronos_2_erratic_features_plus_external,erratic,2025-03-01,57611M53M00000,0.0,1.1304024457931519,1.1304024457931519
chronos_2_erratic_features_plus_external,erratic,2025-03-01,57611M55T00000,14.0,8.783011436462402,5.216988563537598
chronos_2_erratic_features_plus_external,erratic,2025-03-01,57611M67P01000,3.0,2.6647701263427734,0.33522987365722656
chronos_2_erratic_features_plus_external,erratic,2025-03-01,57611M75T10000,2.0,0.0,2.0
chronos_2_erratic_features_plus_external,erratic,2025-03-01,5771065J10000,1.0,1.1315360069274902,0.13153600692749023
chronos_2_erratic_features_plus_external,erratic,2025-03-01,57711M53M00000,2.0,0.8820674419403076,1.1179325580596924
chronos_2_erratic_features_plus_external,erratic,2025-03-01,57711M67P01000,2.0,2.3216936588287354,0.32169365882873535
chronos_2_erratic_features_plus_external,erratic,2025-03-01,57711M68K10000,3.0,0.4702743887901306,2.5297256112098694
chronos_2_erratic_features_plus_external,erratic,2025-03-01,57711M71P00000,1.0,0.8868237733840942,0.11317622661590576
chronos_2_erratic_features_plus_external,erratic,2025-03-01,57711M76M00000,0.0,3.40229868888855,3.40229868888855
chronos_2_erratic_features_plus_external,erratic,2025-03-01,58121M53M00000,1.0,1.4704687595367432,0.47046875953674316
chronos_2_erratic_features_plus_external,erratic,2025-03-01,58200M80T00000,2.0,1.0203132629394531,0.9796867370605469
chronos_2_erratic_features_plus_external,erratic,2025-03-01,5823052R00000,0.0,2.8800387382507324,2.8800387382507324
chronos_2_erratic_features_plus_external,erratic,2025-03-01,58230M53M00000,2.0,0.6671469211578369,1.332853078842163
chronos_2_erratic_features_plus_external,erratic,2025-03-01,58230M62S00000,2.0,1.295361876487732,0.7046381235122681
chronos_2_erratic_features_plus_external,erratic,2025-03-01,58230M68K01000,1.0,1.6827068328857422,0.6827068328857422
chronos_2_erratic_features_plus_external,erratic,2025-03-01,5826077K00000,2.0,1.662965178489685,0.33703482151031494
chronos_2_erratic_features_plus_external,erratic,2025-03-01,58270M68K00000,3.0,4.19313383102417,1.19313383102417
chronos_2_erratic_features_plus_external,erratic,2025-03-01,58270M76M01000,3.0,1.430771827697754,1.569228172302246
chronos_2_erratic_features_plus_external,erratic,2025-03-01,58280M68K00000,1.0,1.8476985692977905,0.8476985692977905
chronos_2_erratic_features_plus_external,erratic,2025-03-01,58811M78R00000,0.0,1.0275336503982544,1.0275336503982544
chronos_2_erratic_features_plus_external,erratic,2025-03-01,65500M55T10000,5.0,3.1526412963867188,1.8473587036132812
chronos_2_erratic_features_plus_external,erratic,2025-03-01,65561M74L00000,1.0,2.727980375289917,1.727980375289917
chronos_2_erratic_features_plus_external,erratic,2025-03-01,68001M55T20000,4.0,1.037277102470398,2.962722897529602
chronos_2_erratic_features_plus_external,erratic,2025-03-01,68001M62S12000,1.0,1.2145202159881592,0.21452021598815918
chronos_2_erratic_features_plus_external,erratic,2025-03-01,68002M55T20000,2.0,0.5295089483261108,1.4704910516738892
chronos_2_erratic_features_plus_external,erratic,2025-03-01,69100M53M00000,3.0,1.2874677181243896,1.7125322818756104
chronos_2_erratic_features_plus_external,erratic,2025-03-01,69100M67P10000,1.0,0.3912103474140167,0.6087896525859833
chronos_2_erratic_features_plus_external,erratic,2025-03-01,71079M74T00000,1.0,0.9743650555610657,0.025634944438934326
chronos_2_erratic_features_plus_external,erratic,2025-03-01,7171064R00ZQ4,4.0,5.393955707550049,1.3939557075500488
chronos_2_erratic_features_plus_external,erratic,2025-03-01,7171154L10799,0.0,1.8134026527404785,1.8134026527404785
chronos_2_erratic_features_plus_external,erratic,2025-03-01,7171161P00799,0.0,1.99855375289917,1.99855375289917
chronos_2_erratic_features_plus_external,erratic,2025-03-01,7171178R015PK,3.0,5.895566463470459,2.895566463470459
chronos_2_erratic_features_plus_external,erratic,2025-03-01,7171179P00799,1.0,1.8809298276901245,0.8809298276901245
chronos_2_erratic_features_plus_external,erratic,2025-03-01,71711M53MA05PK,0.0,0.3434620499610901,0.3434620499610901
chronos_2_erratic_features_plus_external,erratic,2025-03-01,71711M53MA0799,0.0,1.6314566135406494,1.6314566135406494
chronos_2_erratic_features_plus_external,erratic,2025-03-01,71711M53MB05PK,1.0,0.7092525959014893,0.29074740409851074
chronos_2_erratic_features_plus_external,erratic,2025-03-01,71711M56R00799,5.0,5.752786159515381,0.7527861595153809
chronos_2_erratic_features_plus_external,erratic,2025-03-01,71711M62S005PK,11.0,13.172861099243164,2.172861099243164
chronos_2_erratic_features_plus_external,erratic,2025-03-01,71711M66L005PK,0.0,0.8499491810798645,0.8499491810798645
chronos_2_erratic_features_plus_external,erratic,2025-03-01,71711M67P00799,1.0,4.5728440284729,3.5728440284729004
chronos_2_erratic_features_plus_external,erratic,2025-03-01,71711M68K00799,2.0,1.3576939105987549,0.6423060894012451
chronos_2_erratic_features_plus_external,erratic,2025-03-01,71711M73T115PK,6.0,0.6613566279411316,5.338643372058868
chronos_2_erratic_features_plus_external,erratic,2025-03-01,71711M74L00799,7.0,1.3879168033599854,5.612083196640015
chronos_2_erratic_features_plus_external,erratic,2025-03-01,71711M75L00799,1.0,0.35082483291625977,0.6491751670837402
chronos_2_erratic_features_plus_external,erratic,2025-03-01,71711M76M10799,0.0,1.9596911668777466,1.9596911668777466
chronos_2_erratic_features_plus_external,erratic,2025-03-01,71711M76T00N49,10.0,1.786800503730774,8.213199496269226
chronos_2_erratic_features_plus_external,erratic,2025-03-01,71711M79M00799,3.0,2.8093600273132324,0.19063997268676758
chronos_2_erratic_features_plus_external,erratic,2025-03-01,71712M54T00000,3.0,3.3375091552734375,0.3375091552734375
chronos_2_erratic_features_plus_external,erratic,2025-03-01,71712M55T00000,9.0,5.816751956939697,3.1832480430603027
chronos_2_erratic_features_plus_external,erratic,2025-03-01,71712M56R00000,2.0,0.7502937912940979,1.249706208705902
chronos_2_erratic_features_plus_external,erratic,2025-03-01,71712M79M00000,0.0,1.7035183906555176,1.7035183906555176
chronos_2_erratic_features_plus_external,erratic,2025-03-01,71720M76M005PK,0.0,0.9480639696121216,0.9480639696121216
chronos_2_erratic_features_plus_external,erratic,2025-03-01,7172160K005PK,1.0,2.283869981765747,1.283869981765747
chronos_2_erratic_features_plus_external,erratic,2025-03-01,7172161P005PK,5.0,3.807197093963623,1.192802906036377
chronos_2_erratic_features_plus_external,erratic,2025-03-01,7172177MJ05PK,0.0,1.7972404956817627,1.7972404956817627
chronos_2_erratic_features_plus_external,erratic,2025-03-01,7172179P005PK,2.0,2.218658208847046,0.2186582088470459
chronos_2_erratic_features_plus_external,erratic,2025-03-01,7172186R105PK,3.0,2.2501707077026367,0.7498292922973633
chronos_2_erratic_features_plus_external,erratic,2025-03-01,71721M56R005PK,4.0,10.037758827209473,6.037758827209473
chronos_2_erratic_features_plus_external,erratic,2025-03-01,71721M60MA05PK,2.0,2.537106990814209,0.537106990814209
chronos_2_erratic_features_plus_external,erratic,2025-03-01,71721M74T005PK,5.0,3.1991238594055176,1.8008761405944824
chronos_2_erratic_features_plus_external,erratic,2025-03-01,71721M75L005PK,0.0,3.479024648666382,3.479024648666382
chronos_2_erratic_features_plus_external,erratic,2025-03-01,71721M75T005PK,1.0,0.0,1.0
chronos_2_erratic_features_plus_external,erratic,2025-03-01,71721M78R005PK,2.0,0.629121720790863,1.370878279209137
chronos_2_erratic_features_plus_external,erratic,2025-03-01,71721M84P005PK,1.0,0.6131116151809692,0.38688838481903076
chronos_2_erratic_features_plus_external,erratic,2025-03-01,7173154GA0000,0.0,1.04094660282135,1.04094660282135
chronos_2_erratic_features_plus_external,erratic,2025-03-01,7173163J20000,2.0,1.2038707733154297,0.7961292266845703
chronos_2_erratic_features_plus_external,erratic,2025-03-01,7173171L00000,3.0,5.22235631942749,2.2223563194274902
chronos_2_erratic_features_plus_external,erratic,2025-03-01,71731M53M00000,2.0,2.3052620887756348,0.30526208877563477
chronos_2_erratic_features_plus_external,erratic,2025-03-01,71731M53MB0000,6.0,4.32384729385376,1.6761527061462402
chronos_2_erratic_features_plus_external,erratic,2025-03-01,71731M66L005PK,1.0,0.9525291919708252,0.047470808029174805
chronos_2_erratic_features_plus_external,erratic,2025-03-01,71731M67P00000,4.0,2.7058300971984863,1.2941699028015137
chronos_2_erratic_features_plus_external,erratic,2025-03-01,71731M68K00000,6.0,4.32378625869751,1.6762137413024902
chronos_2_erratic_features_plus_external,erratic,2025-03-01,7173262R00000,1.0,0.9743424654006958,0.0256575345993042
chronos_2_erratic_features_plus_external,erratic,2025-03-01,7173263J20000,1.0,0.6436598300933838,0.3563401699066162
chronos_2_erratic_features_plus_external,erratic,2025-03-01,7173271L00000,6.0,3.9072725772857666,2.0927274227142334
chronos_2_erratic_features_plus_external,erratic,2025-03-01,71732M53M00000,3.0,4.904636859893799,1.9046368598937988
chronos_2_erratic_features_plus_external,erratic,2025-03-01,71732M66L005PK,0.0,0.9016544222831726,0.9016544222831726
chronos_2_erratic_features_plus_external,erratic,2025-03-01,71732M67P00000,2.0,1.7505123615264893,0.24948763847351074
chronos_2_erratic_features_plus_external,erratic,2025-03-01,71732M68K00000,7.0,4.489476203918457,2.510523796081543
chronos_2_erratic_features_plus_external,erratic,2025-03-01,71732M74T00000,2.0,0.2638431787490845,1.7361568212509155
chronos_2_erratic_features_plus_external,erratic,2025-03-01,71733M55T00000,7.0,7.92262077331543,0.9226207733154297
chronos_2_erratic_features_plus_external,erratic,2025-03-01,71733M74L00000,0.0,1.07236647605896,1.07236647605896
chronos_2_erratic_features_plus_external,erratic,2025-03-01,71734M55T00000,7.0,7.047883987426758,0.04788398742675781
chronos_2_erratic_features_plus_external,erratic,2025-03-01,71734M68L00000,1.0,0.19095265865325928,0.8090473413467407
chronos_2_erratic_features_plus_external,erratic,2025-03-01,71734M74T00000,1.0,0.0,1.0
chronos_2_erratic_features_plus_external,erratic,2025-03-01,7174054L10D2W,1.0,1.1933503150939941,0.19335031509399414
chronos_2_erratic_features_plus_external,erratic,2025-03-01,7174073R10CUG,1.0,0.3840876817703247,0.6159123182296753
chronos_2_erratic_features_plus_external,erratic,2025-03-01,7174079P00C48,1.0,4.383783340454102,3.3837833404541016
chronos_2_erratic_features_plus_external,erratic,2025-03-01,7174079S00C48,3.0,5.186330318450928,2.1863303184509277
chronos_2_erratic_features_plus_external,erratic,2025-03-01,71740M55T10C48,48.0,2.0284500122070312,45.97154998779297
chronos_2_erratic_features_plus_external,erratic,2025-03-01,71740M56R00C48,9.0,5.228991508483887,3.7710084915161133
chronos_2_erratic_features_plus_external,erratic,2025-03-01,71740M68T00C48,25.0,30.073896408081055,5.073896408081055
chronos_2_erratic_features_plus_external,erratic,2025-03-01,71740M76MA0C48,11.0,11.172891616821289,0.17289161682128906
chronos_2_erratic_features_plus_external,erratic,2025-03-01,71740M76T10KDJ,9.0,0.6811648011207581,8.318835198879242
chronos_2_erratic_features_plus_external,erratic,2025-03-01,71740M81R00C48,1.0,1.3652143478393555,0.36521434783935547
chronos_2_erratic_features_plus_external,erratic,2025-03-01,7174160P005PK,1.0,2.4596049785614014,1.4596049785614014
chronos_2_erratic_features_plus_external,erratic,2025-03-01,71741M53M005PK,0.0,0.7585813999176025,0.7585813999176025
chronos_2_erratic_features_plus_external,erratic,2025-03-01,71741M53MA05PK,1.0,2.889845609664917,1.889845609664917
chronos_2_erratic_features_plus_external,erratic,2025-03-01,71741M74L005PK,2.0,1.306120753288269,0.693879246711731
chronos_2_erratic_features_plus_external,erratic,2025-03-01,71741M75L005PK,1.0,2.205047130584717,1.2050471305847168
chronos_2_erratic_features_plus_external,erratic,2025-03-01,71741M75T00W9K,1.0,0.0,1.0
chronos_2_erratic_features_plus_external,erratic,2025-03-01,71741M76M105PK,2.0,2.8180434703826904,0.8180434703826904
chronos_2_erratic_features_plus_external,erratic,2025-03-01,71741M83P005PK,5.0,8.587494850158691,3.5874948501586914
chronos_2_erratic_features_plus_external,erratic,2025-03-01,71743M76M100PG,2.0,0.9370951652526855,1.0629048347473145
chronos_2_erratic_features_plus_external,erratic,2025-03-01,71744M76M100PG,0.0,0.021909356117248535,0.021909356117248535
chronos_2_erratic_features_plus_external,erratic,2025-03-01,7175172S205PK,1.0,1.8131868839263916,0.8131868839263916
chronos_2_erratic_features_plus_external,erratic,2025-03-01,7175186R000PG,3.0,5.241601467132568,2.2416014671325684
chronos_2_erratic_features_plus_external,erratic,2025-03-01,71751M67P105PK,2.0,0.6343338489532471,1.365666151046753
chronos_2_erratic_features_plus_external,erratic,2025-03-01,71751M83P105PK,1.0,1.6408857107162476,0.6408857107162476
chronos_2_erratic_features_plus_external,erratic,2025-03-01,71752M54T100PG,2.0,4.309048175811768,2.3090481758117676
chronos_2_erratic_features_plus_external,erratic,2025-03-01,71752M83P00PWJ,0.0,2.4620704650878906,2.4620704650878906
chronos_2_erratic_features_plus_external,erratic,2025-03-01,7176179P105PK,3.0,1.402145504951477,1.597854495048523
chronos_2_erratic_features_plus_external,erratic,2025-03-01,71761M52R105PK,2.0,8.686596870422363,6.686596870422363
chronos_2_erratic_features_plus_external,erratic,2025-03-01,71761M67P105PK,4.0,1.915531873703003,2.084468126296997
chronos_2_erratic_features_plus_external,erratic,2025-03-01,71761M68K105PK,1.0,2.2211575508117676,1.2211575508117676
chronos_2_erratic_features_plus_external,erratic,2025-03-01,71761M74T20ZAM,5.0,1.1886132955551147,3.8113867044448853
chronos_2_erratic_features_plus_external,erratic,2025-03-01,71761M76MB0Z2S,2.0,3.112426280975342,1.1124262809753418
chronos_2_erratic_features_plus_external,erratic,2025-03-01,71761M76MB0ZHJ,2.0,0.8114957809448242,1.1885042190551758
chronos_2_erratic_features_plus_external,erratic,2025-03-01,71762M54T100PG,0.0,4.132618427276611,4.132618427276611
chronos_2_erratic_features_plus_external,erratic,2025-03-01,7177164R005PK,3.0,1.902806282043457,1.097193717956543
chronos_2_erratic_features_plus_external,erratic,2025-03-01,7177171L00000,1.0,0.4500241279602051,0.5499758720397949
chronos_2_erratic_features_plus_external,erratic,2025-03-01,7177186R000PG,3.0,1.3796992301940918,1.6203007698059082
chronos_2_erratic_features_plus_external,erratic,2025-03-01,71771M55T00000,6.0,1.869971513748169,4.130028486251831
chronos_2_erratic_features_plus_external,erratic,2025-03-01,71771M56R100PG,9.0,2.472322940826416,6.527677059173584
chronos_2_erratic_features_plus_external,erratic,2025-03-01,71771M76T00PER,1.0,0.46812161803245544,0.5318783819675446
chronos_2_erratic_features_plus_external,erratic,2025-03-01,71772M55T00000,4.0,3.946143388748169,0.053856611251831055
chronos_2_erratic_features_plus_external,erratic,2025-03-01,71782M56R100PG,1.0,4.908590316772461,3.908590316772461
chronos_2_erratic_features_plus_external,erratic,2025-03-01,71782M66L00000,0.0,1.0815249681472778,1.0815249681472778
chronos_2_erratic_features_plus_external,erratic,2025-03-01,7181179P00799,7.0,0.8786821365356445,6.1213178634643555
chronos_2_erratic_features_plus_external,erratic,2025-03-01,71811M53M00799,3.0,4.991676330566406,1.9916763305664062
chronos_2_erratic_features_plus_external,erratic,2025-03-01,71811M56R00799,4.0,4.176779747009277,0.17677974700927734
chronos_2_erratic_features_plus_external,erratic,2025-03-01,71811M56R10799,0.0,1.2114709615707397,1.2114709615707397
chronos_2_erratic_features_plus_external,erratic,2025-03-01,71811M66L005PK,0.0,1.9846400022506714,1.9846400022506714
chronos_2_erratic_features_plus_external,erratic,2025-03-01,71811M67P01799,0.0,3.0606493949890137,3.0606493949890137
chronos_2_erratic_features_plus_external,erratic,2025-03-01,71811M68K00799,0.0,1.3261940479278564,1.3261940479278564
chronos_2_erratic_features_plus_external,erratic,2025-03-01,71811M68P00799,3.0,2.3118205070495605,0.6881794929504395
chronos_2_erratic_features_plus_external,erratic,2025-03-01,71811M74T00799,7.0,0.8844825029373169,6.115517497062683
chronos_2_erratic_features_plus_external,erratic,2025-03-01,71811M75L00799,0.0,1.1939854621887207,1.1939854621887207
chronos_2_erratic_features_plus_external,erratic,2025-03-01,71811M76M00799,3.0,5.4755024909973145,2.4755024909973145
chronos_2_erratic_features_plus_external,erratic,2025-03-01,71811M80T105PK,1.0,1.5144704580307007,0.5144704580307007
chronos_2_erratic_features_plus_external,erratic,2025-03-01,7181365L00000,1.0,3.9396491050720215,2.9396491050720215
chronos_2_erratic_features_plus_external,erratic,2025-03-01,7182173K10000,3.0,3.1810338497161865,0.18103384971618652
chronos_2_erratic_features_plus_external,erratic,2025-03-01,7182179P00000,5.0,2.4754226207733154,2.5245773792266846
chronos_2_erratic_features_plus_external,erratic,2025-03-01,71821M68K00000,5.0,0.4834336042404175,4.5165663957595825
chronos_2_erratic_features_plus_external,erratic,2025-03-01,71821M79M00000,2.0,0.9425837993621826,1.0574162006378174
chronos_2_erratic_features_plus_external,erratic,2025-03-01,7182273K10000,3.0,2.939230442047119,0.06076955795288086
chronos_2_erratic_features_plus_external,erratic,2025-03-01,7182279P00000,2.0,1.5609157085418701,0.4390842914581299
chronos_2_erratic_features_plus_external,erratic,2025-03-01,7182280J00000,2.0,2.293302536010742,0.2933025360107422
chronos_2_erratic_features_plus_external,erratic,2025-03-01,71822M55T00000,6.0,9.774023056030273,3.7740230560302734
chronos_2_erratic_features_plus_external,erratic,2025-03-01,71822M68K00000,5.0,2.415940284729004,2.584059715270996
chronos_2_erratic_features_plus_external,erratic,2025-03-01,71822M79M00000,1.0,0.3422119617462158,0.6577880382537842
chronos_2_erratic_features_plus_external,erratic,2025-03-01,71823M68L00000,1.0,2.9422807693481445,1.9422807693481445
chronos_2_erratic_features_plus_external,erratic,2025-03-01,7187186R000BK,3.0,3.4471192359924316,0.44711923599243164
chronos_2_erratic_features_plus_external,erratic,2025-03-01,72310M68K00000,4.0,2.004430055618286,1.9955699443817139
chronos_2_erratic_features_plus_external,erratic,2025-03-01,72312M55R00000,6.0,6.677101135253906,0.6771011352539062
chronos_2_erratic_features_plus_external,erratic,2025-03-01,72312M68K00000,9.0,6.6915411949157715,2.3084588050842285
chronos_2_erratic_features_plus_external,erratic,2025-03-01,7232154P00000,5.0,2.84782338142395,2.15217661857605
chronos_2_erratic_features_plus_external,erratic,2025-03-01,7232171L00000,2.0,1.1133601665496826,0.8866398334503174
chronos_2_erratic_features_plus_external,erratic,2025-03-01,72321M53M00000,3.0,5.149574279785156,2.1495742797851562
chronos_2_erratic_features_plus_external,erratic,2025-03-01,72321M68K00000,0.0,2.5714612007141113,2.5714612007141113
chronos_2_erratic_features_plus_external,erratic,2025-03-01,72321M74L00000,4.0,5.382803440093994,1.3828034400939941
chronos_2_erratic_features_plus_external,erratic,2025-03-01,72321M76M01000,0.0,2.076737403869629,2.076737403869629
chronos_2_erratic_features_plus_external,erratic,2025-03-01,7232271L00000,2.0,1.441584825515747,0.5584151744842529
chronos_2_erratic_features_plus_external,erratic,2025-03-01,72322M53M00000,2.0,4.979778289794922,2.979778289794922
chronos_2_erratic_features_plus_external,erratic,2025-03-01,72322M68K00000,1.0,2.6776340007781982,1.6776340007781982
chronos_2_erratic_features_plus_external,erratic,2025-03-01,72322M74L00000,2.0,3.5104055404663086,1.5104055404663086
chronos_2_erratic_features_plus_external,erratic,2025-03-01,72322M76M01000,0.0,0.9750490188598633,0.9750490188598633
chronos_2_erratic_features_plus_external,erratic,2025-03-01,72371M74L105PK,1.0,1.6290185451507568,0.6290185451507568
chronos_2_erratic_features_plus_external,erratic,2025-03-01,72380M62S01000,2.0,2.023939371109009,0.02393937110900879
chronos_2_erratic_features_plus_external,erratic,2025-03-01,72398M68K00000,0.0,1.629514455795288,1.629514455795288
chronos_2_erratic_features_plus_external,erratic,2025-03-01,72411M74L10000,0.0,0.08303534984588623,0.08303534984588623
chronos_2_erratic_features_plus_external,erratic,2025-03-01,72420M80T00000,0.0,2.023347854614258,2.023347854614258
chronos_2_erratic_features_plus_external,erratic,2025-03-01,7242252R00000,2.0,1.327172875404358,0.6728271245956421
chronos_2_erratic_features_plus_external,erratic,2025-03-01,72431M68L00000,0.0,0.34706902503967285,0.34706902503967285
chronos_2_erratic_features_plus_external,erratic,2025-03-01,72433M56R00000,6.0,1.1566399335861206,4.843360066413879
chronos_2_erratic_features_plus_external,erratic,2025-03-01,72437M68L00000,0.0,0.2567235827445984,0.2567235827445984
chronos_2_erratic_features_plus_external,erratic,2025-03-01,7248265J00000,5.0,3.7107059955596924,1.2892940044403076
chronos_2_erratic_features_plus_external,erratic,2025-03-01,7282165J00Z2S,3.0,4.146594047546387,1.1465940475463867
chronos_2_erratic_features_plus_external,erratic,2025-03-01,73110M68P50ZCA,0.0,0.271842360496521,0.271842360496521
chronos_2_erratic_features_plus_external,erratic,2025-03-01,7343061J00P4Z,6.0,5.121277809143066,0.8787221908569336
chronos_2_erratic_features_plus_external,erratic,2025-03-01,73430M75J00P4Z,2.0,1.7837680578231812,0.21623194217681885
chronos_2_erratic_features_plus_external,erratic,2025-03-01,73821M62S205PK,0.0,4.133972644805908,4.133972644805908
chronos_2_erratic_features_plus_external,erratic,2025-03-01,73821M67P305PK,4.0,1.0466725826263428,2.9533274173736572
chronos_2_erratic_features_plus_external,erratic,2025-03-01,73831M68P005PK,0.0,0.391925573348999,0.391925573348999
chronos_2_erratic_features_plus_external,erratic,2025-03-01,74120M66L10000,1.0,1.0755287408828735,0.07552874088287354
chronos_2_erratic_features_plus_external,erratic,2025-03-01,74461M79M005PK,5.0,3.7658486366271973,1.2341513633728027
chronos_2_erratic_features_plus_external,erratic,2025-03-01,7619171L005PK,2.0,2.2408974170684814,0.24089741706848145
chronos_2_erratic_features_plus_external,erratic,2025-03-01,7619254P005PK,4.0,3.121363401412964,0.8786365985870361
chronos_2_erratic_features_plus_external,erratic,2025-03-01,76520M68P10000,4.0,1.2193509340286255,2.7806490659713745
chronos_2_erratic_features_plus_external,erratic,2025-03-01,76520M74K01000,8.0,2.012754440307617,5.987245559692383
chronos_2_erratic_features_plus_external,erratic,2025-03-01,77161M68P00000,0.0,0.9653549194335938,0.9653549194335938
chronos_2_erratic_features_plus_external,erratic,2025-03-01,77210M74T005PK,4.0,2.405881404876709,1.594118595123291
chronos_2_erratic_features_plus_external,erratic,2025-03-01,7726054P005PK,2.0,2.9249629974365234,0.9249629974365234
chronos_2_erratic_features_plus_external,erratic,2025-03-01,7733061M01000,7.0,1.6150057315826416,5.384994268417358
chronos_2_erratic_features_plus_external,erratic,2025-03-01,77330M81R00000,5.0,1.725905418395996,3.274094581604004
chronos_2_erratic_features_plus_external,erratic,2025-03-01,7781158J000PG,2.0,1.7749807834625244,0.22501921653747559
chronos_2_erratic_features_plus_external,erratic,2025-03-01,77811M58J000PG,2.0,3.9566807746887207,1.9566807746887207
chronos_2_erratic_features_plus_external,erratic,2025-03-01,77811M63T000PG,1.0,2.5209357738494873,1.5209357738494873
chronos_2_erratic_features_plus_external,erratic,2025-03-01,7783154GB00PG,2.0,2.4571335315704346,0.45713353157043457
chronos_2_erratic_features_plus_external,erratic,2025-03-01,77831M68L000PG,1.0,2.183683395385742,1.1836833953857422
chronos_2_erratic_features_plus_external,erratic,2025-03-01,77851M54G000PG,1.0,1.28938889503479,0.28938889503479004
chronos_2_erratic_features_plus_external,erratic,2025-03-01,8185061J01000,1.0,3.391157865524292,2.391157865524292
chronos_2_erratic_features_plus_external,erratic,2025-03-01,81850M68K00000,1.0,4.729515075683594,3.7295150756835938
chronos_2_erratic_features_plus_external,erratic,2025-03-01,81850M68P10000,2.0,0.6321289539337158,1.3678710460662842
chronos_2_erratic_features_plus_external,erratic,2025-03-01,8186061J01000,1.0,3.032885789871216,2.032885789871216
chronos_2_erratic_features_plus_external,erratic,2025-03-01,81860M68K00000,1.0,4.761702537536621,3.761702537536621
chronos_2_erratic_features_plus_external,erratic,2025-03-01,81860M79G20000,2.0,0.9812318086624146,1.0187681913375854
chronos_2_erratic_features_plus_external,erratic,2025-03-01,8212177K00000,2.0,0.6863398551940918,1.3136601448059082
chronos_2_erratic_features_plus_external,erratic,2025-03-01,82801M66L015PK,5.0,3.0239720344543457,1.9760279655456543
chronos_2_erratic_features_plus_external,erratic,2025-03-01,82801M68K005PK,8.0,3.0536956787109375,4.9463043212890625
chronos_2_erratic_features_plus_external,erratic,2025-03-01,82802M66L015PK,6.0,5.672272205352783,0.3277277946472168
chronos_2_erratic_features_plus_external,erratic,2025-03-01,82802M68K5026U,14.0,15.786827087402344,1.7868270874023438
chronos_2_erratic_features_plus_external,erratic,2025-03-01,82802M81A605PK,1.0,0.5682282447814941,0.43177175521850586
chronos_2_erratic_features_plus_external,erratic,2025-03-01,82850M76M005PK,1.0,5.378359794616699,4.378359794616699
chronos_2_erratic_features_plus_external,erratic,2025-03-01,8392152R010CE,2.0,2.722996234893799,0.7229962348937988
chronos_2_erratic_features_plus_external,erratic,2025-03-01,83921M68P000CB,1.0,3.5562355518341064,2.5562355518341064
chronos_2_erratic_features_plus_external,erratic,2025-03-01,83922M55T000CB,2.0,1.788104772567749,0.21189522743225098
chronos_2_erratic_features_plus_external,erratic,2025-03-01,8392352R020CE,2.0,1.6693254709243774,0.33067452907562256
chronos_2_erratic_features_plus_external,erratic,2025-03-01,83923M68P000CB,1.0,3.6997146606445312,2.6997146606445312
chronos_2_erratic_features_plus_external,erratic,2025-03-01,83924M55T000CB,12.0,2.3722784519195557,9.627721548080444
chronos_2_erratic_features_plus_external,erratic,2025-03-01,83924M62S000CB,5.0,0.8618141412734985,4.1381858587265015
chronos_2_erratic_features_plus_external,erratic,2025-03-01,83924M68P100CB,3.0,1.1069390773773193,1.8930609226226807
chronos_2_erratic_features_plus_external,erratic,2025-03-01,83926M68P000CB,3.0,1.999478816986084,1.000521183013916
chronos_2_erratic_features_plus_external,erratic,2025-03-01,8393061J005PK,0.0,7.585497856140137,7.585497856140137
chronos_2_erratic_features_plus_external,erratic,2025-03-01,83932M68P000CB,3.0,2.0761144161224365,0.9238855838775635
chronos_2_erratic_features_plus_external,erratic,2025-03-01,83940M68P100PG,4.0,1.0464156866073608,2.953584313392639
chronos_2_erratic_features_plus_external,erratic,2025-03-01,83940M74L10000,1.0,0.02686929702758789,0.9731307029724121
chronos_2_erratic_features_plus_external,erratic,2025-03-01,83970M68P00000,1.0,2.354229211807251,1.354229211807251
chronos_2_erratic_features_plus_external,erratic,2025-03-01,84051M55T01000,0.0,5.074599742889404,5.074599742889404
chronos_2_erratic_features_plus_external,erratic,2025-03-01,84051M55T11000,6.0,2.2770516872406006,3.7229483127593994
chronos_2_erratic_features_plus_external,erratic,2025-03-01,8450152R02000,1.0,1.6124690771102905,0.6124690771102905
chronos_2_erratic_features_plus_external,erratic,2025-03-01,84501M55T00000,0.0,0.7682990431785583,0.7682990431785583
chronos_2_erratic_features_plus_external,erratic,2025-03-01,84501M68P00000,1.0,2.6145989894866943,1.6145989894866943
chronos_2_erratic_features_plus_external,erratic,2025-03-01,84502M68P00000,2.0,2.8461310863494873,0.8461310863494873
chronos_2_erratic_features_plus_external,erratic,2025-03-01,84510M74L01000,1.0,8.733480453491211,7.733480453491211
chronos_2_erratic_features_plus_external,erratic,2025-03-01,84511M76M10000,0.0,1.2675843238830566,1.2675843238830566
chronos_2_erratic_features_plus_external,erratic,2025-03-01,8470171LVAZMT,1.0,1.0981647968292236,0.09816479682922363
chronos_2_erratic_features_plus_external,erratic,2025-03-01,84701M53M205PK,4.0,2.2461800575256348,1.7538199424743652
chronos_2_erratic_features_plus_external,erratic,2025-03-01,84701M55TB0ZHJ,9.0,1.619337797164917,7.380662202835083
chronos_2_erratic_features_plus_external,erratic,2025-03-01,84701M68P31ZHJ,3.0,2.966594934463501,0.03340506553649902
chronos_2_erratic_features_plus_external,erratic,2025-03-01,84701M68P515PK,3.0,2.3207461833953857,0.6792538166046143
chronos_2_erratic_features_plus_external,erratic,2025-03-01,84701M74LC15PK,1.0,1.5674084424972534,0.5674084424972534
chronos_2_erratic_features_plus_external,erratic,2025-03-01,8470261J025PK,2.0,1.8031467199325562,0.19685328006744385
chronos_2_erratic_features_plus_external,erratic,2025-03-01,84702M53M205PK,4.0,1.7704682350158691,2.229531764984131
chronos_2_erratic_features_plus_external,erratic,2025-03-01,84702M55TB0ZHJ,4.0,2.0739073753356934,1.9260926246643066
chronos_2_erratic_features_plus_external,erratic,2025-03-01,84702M56R92ZHJ,2.0,0.14683127403259277,1.8531687259674072
chronos_2_erratic_features_plus_external,erratic,2025-03-01,84702M62S20Z4Q,5.0,2.087191581726074,2.912808418273926
chronos_2_erratic_features_plus_external,erratic,2025-03-01,84702M68P31ZHJ,1.0,3.235400676727295,2.235400676727295
chronos_2_erratic_features_plus_external,erratic,2025-03-01,84702M68P515PK,4.0,2.6412434577941895,1.3587565422058105
chronos_2_erratic_features_plus_external,erratic,2025-03-01,84702M74LC15PK,0.0,2.0333573818206787,2.0333573818206787
chronos_2_erratic_features_plus_external,erratic,2025-03-01,84702M79G30000,1.0,1.4086737632751465,0.4086737632751465
chronos_2_erratic_features_plus_external,erratic,2025-03-01,84703M79M02000,6.0,7.0878801345825195,1.0878801345825195
chronos_2_erratic_features_plus_external,erratic,2025-03-01,8471852R20ZVR,1.0,1.4059635400772095,0.4059635400772095
chronos_2_erratic_features_plus_external,erratic,2025-03-01,8472852R20ZVR,1.0,1.858213186264038,0.8582131862640381
chronos_2_erratic_features_plus_external,erratic,2025-03-01,8472865J00Z2S,2.0,0.9315668940544128,1.0684331059455872
chronos_2_erratic_features_plus_external,erratic,2025-03-01,8472880J00Z2S,3.0,0.9125831127166748,2.087416887283325
chronos_2_erratic_features_plus_external,erratic,2025-03-01,84730M67P10000,1.0,4.500375270843506,3.500375270843506
chronos_2_erratic_features_plus_external,erratic,2025-03-01,84730M74LC0000,7.0,7.2975335121154785,0.2975335121154785
chronos_2_erratic_features_plus_external,erratic,2025-03-01,84730M79M00000,6.0,10.194036483764648,4.194036483764648
chronos_2_erratic_features_plus_external,erratic,2025-03-01,8474061M00000,9.0,2.638774871826172,6.361225128173828
chronos_2_erratic_features_plus_external,erratic,2025-03-01,8474065J00000,1.0,1.6491568088531494,0.6491568088531494
chronos_2_erratic_features_plus_external,erratic,2025-03-01,84740M67P10000,3.0,3.57035756111145,0.5703575611114502
chronos_2_erratic_features_plus_external,erratic,2025-03-01,84740M74LC0000,2.0,3.7387962341308594,1.7387962341308594
chronos_2_erratic_features_plus_external,erratic,2025-03-01,84740M74LE0000,1.0,1.477972388267517,0.4779723882675171
chronos_2_erratic_features_plus_external,erratic,2025-03-01,84740M76M00000,2.0,8.396865844726562,6.3968658447265625
chronos_2_erratic_features_plus_external,erratic,2025-03-01,84740M79M00000,2.0,7.030655384063721,5.030655384063721
chronos_2_erratic_features_plus_external,erratic,2025-03-01,84920M68PB1BHE,0.0,0.7112417221069336,0.7112417221069336
chronos_2_erratic_features_plus_external,erratic,2025-03-01,84940M68PC1BHE,0.0,0.08544039726257324,0.08544039726257324
chronos_2_erratic_features_plus_external,erratic,2025-03-01,95130M68K00000,3.0,2.3622891902923584,0.6377108097076416
chronos_2_erratic_features_plus_external,erratic,2025-03-01,95310M53T00000,6.0,5.049281597137451,0.9507184028625488
chronos_2_erratic_features_plus_external,erratic,2025-03-01,95310M55T00000,7.0,5.0199737548828125,1.9800262451171875
chronos_2_erratic_features_plus_external,erratic,2025-03-01,95310M76M00000,3.0,3.6452648639678955,0.6452648639678955
chronos_2_erratic_features_plus_external,erratic,2025-04-01,0911912012000,61.0,55.520965576171875,5.479034423828125
chronos_2_erratic_features_plus_external,erratic,2025-04-01,09140M12040000,20.0,8.008028030395508,11.991971969604492
chronos_2_erratic_features_plus_external,erratic,2025-04-01,0915912057000,21.0,21.176210403442383,0.1762104034423828
chronos_2_erratic_features_plus_external,erratic,2025-04-01,09209M09L02000,8.0,6.728059768676758,1.2719402313232422
chronos_2_erratic_features_plus_external,erratic,2025-04-01,0924616021000,1.0,3.520052194595337,2.520052194595337
chronos_2_erratic_features_plus_external,erratic,2025-04-01,0928335052000,0.0,2.8041892051696777,2.8041892051696777
chronos_2_erratic_features_plus_external,erratic,2025-04-01,0928348007000,14.0,5.3845038414001465,8.615496158599854
chronos_2_erratic_features_plus_external,erratic,2025-04-01,0940907340000,43.0,50.76734924316406,7.7673492431640625
chronos_2_erratic_features_plus_external,erratic,2025-04-01,09409M07355000,42.0,29.82071304321289,12.17928695678711
chronos_2_erratic_features_plus_external,erratic,2025-04-01,09409M08006000,20.0,91.15193176269531,71.15193176269531
chronos_2_erratic_features_plus_external,erratic,2025-04-01,09409M10L04000,1.0,49.952030181884766,48.952030181884766
chronos_2_erratic_features_plus_external,erratic,2025-04-01,11610M53M00000,3.0,5.395434379577637,2.3954343795776367
chronos_2_erratic_features_plus_external,erratic,2025-04-01,11610M68K03000,2.0,0.8400591015815735,1.1599408984184265
chronos_2_erratic_features_plus_external,erratic,2025-04-01,11620M53M00000,1.0,2.6550798416137695,1.6550798416137695
chronos_2_erratic_features_plus_external,erratic,2025-04-01,11710M53M00000,4.0,1.5749547481536865,2.4250452518463135
chronos_2_erratic_features_plus_external,erratic,2025-04-01,17100M62S00000,1.0,1.4237934350967407,0.4237934350967407
chronos_2_erratic_features_plus_external,erratic,2025-04-01,17213M76M00000,1.0,1.0465039014816284,0.04650390148162842
chronos_2_erratic_features_plus_external,erratic,2025-04-01,17214M76M10000,1.0,1.5287609100341797,0.5287609100341797
chronos_2_erratic_features_plus_external,erratic,2025-04-01,17700M53M20000,7.0,2.5159764289855957,4.484023571014404
chronos_2_erratic_features_plus_external,erratic,2025-04-01,17700M76M10000,1.0,2.365374803543091,1.3653748035430908
chronos_2_erratic_features_plus_external,erratic,2025-04-01,17700M83P00000,2.0,1.444307565689087,0.5556924343109131
chronos_2_erratic_features_plus_external,erratic,2025-04-01,3512065J32000,2.0,3.2113890647888184,1.2113890647888184
chronos_2_erratic_features_plus_external,erratic,2025-04-01,3512071L20000,4.0,1.0904936790466309,2.909506320953369
chronos_2_erratic_features_plus_external,erratic,2025-04-01,35120M68K20000,1.0,0.9944849014282227,0.005515098571777344
chronos_2_erratic_features_plus_external,erratic,2025-04-01,35121M53MB0000,1.0,1.349096417427063,0.349096417427063
chronos_2_erratic_features_plus_external,erratic,2025-04-01,35121M60M10000,2.0,0.5568171739578247,1.4431828260421753
chronos_2_erratic_features_plus_external,erratic,2025-04-01,35121M62S30000,5.0,6.275651454925537,1.275651454925537
chronos_2_erratic_features_plus_external,erratic,2025-04-01,35121M67P10000,1.0,0.6928560733795166,0.3071439266204834
chronos_2_erratic_features_plus_external,erratic,2025-04-01,35121M74L01000,6.0,4.518803596496582,1.481196403503418
chronos_2_erratic_features_plus_external,erratic,2025-04-01,35121M76M50000,4.0,4.094154357910156,0.09415435791015625
chronos_2_erratic_features_plus_external,erratic,2025-04-01,35153M59K10000,0.0,1.3500311374664307,1.3500311374664307
chronos_2_erratic_features_plus_external,erratic,2025-04-01,35300M74TB1000,0.0,2.0519745349884033,2.0519745349884033
chronos_2_erratic_features_plus_external,erratic,2025-04-01,3532064J31000,2.0,1.8452751636505127,0.1547248363494873
chronos_2_erratic_features_plus_external,erratic,2025-04-01,3532065J32000,4.0,1.328723669052124,2.671276330947876
chronos_2_erratic_features_plus_external,erratic,2025-04-01,3532071L20000,3.0,1.9581722021102905,1.0418277978897095
chronos_2_erratic_features_plus_external,erratic,2025-04-01,3532079P30000,3.0,2.7107996940612793,0.2892003059387207
chronos_2_erratic_features_plus_external,erratic,2025-04-01,35321M53MB0000,3.0,5.072307586669922,2.072307586669922
chronos_2_erratic_features_plus_external,erratic,2025-04-01,35321M55T53000,10.0,4.407017230987549,5.592982769012451
chronos_2_erratic_features_plus_external,erratic,2025-04-01,35321M67P10000,2.0,0.6569228172302246,1.3430771827697754
chronos_2_erratic_features_plus_external,erratic,2025-04-01,35321M68K21000,1.0,1.7583128213882446,0.7583128213882446
chronos_2_erratic_features_plus_external,erratic,2025-04-01,35321M74L01000,3.0,3.07814621925354,0.07814621925354004
chronos_2_erratic_features_plus_external,erratic,2025-04-01,35321M76M50000,4.0,5.044315338134766,1.0443153381347656
chronos_2_erratic_features_plus_external,erratic,2025-04-01,3550054P01000,0.0,1.054994821548462,1.054994821548462
chronos_2_erratic_features_plus_external,erratic,2025-04-01,35501M67P00000,1.0,0.5343054533004761,0.4656945466995239
chronos_2_erratic_features_plus_external,erratic,2025-04-01,3565064J21000,2.0,3.624513626098633,1.6245136260986328
chronos_2_erratic_features_plus_external,erratic,2025-04-01,3565065J21000,3.0,4.925218105316162,1.925218105316162
chronos_2_erratic_features_plus_external,erratic,2025-04-01,3565077R00000,1.0,1.3128330707550049,0.3128330707550049
chronos_2_erratic_features_plus_external,erratic,2025-04-01,3565079P00000,1.0,0.9768190979957581,0.023180902004241943
chronos_2_erratic_features_plus_external,erratic,2025-04-01,35650M53M00000,1.0,0.7015664577484131,0.2984335422515869
chronos_2_erratic_features_plus_external,erratic,2025-04-01,35650M66L00000,2.0,0.028660178184509277,1.9713398218154907
chronos_2_erratic_features_plus_external,erratic,2025-04-01,35650M67P00000,4.0,4.526893615722656,0.5268936157226562
chronos_2_erratic_features_plus_external,erratic,2025-04-01,35650M74L00000,1.0,4.761394023895264,3.7613940238952637
chronos_2_erratic_features_plus_external,erratic,2025-04-01,35650M75T00000,1.0,0.0,1.0
chronos_2_erratic_features_plus_external,erratic,2025-04-01,35651M68K00000,1.0,0.9944984316825867,0.00550156831741333
chronos_2_erratic_features_plus_external,erratic,2025-04-01,35651M75L00000,1.0,1.990997552871704,0.9909975528717041
chronos_2_erratic_features_plus_external,erratic,2025-04-01,35651M76M00000,1.0,0.02130866050720215,0.9786913394927979
chronos_2_erratic_features_plus_external,erratic,2025-04-01,3567060K00000,6.0,2.341905117034912,3.658094882965088
chronos_2_erratic_features_plus_external,erratic,2025-04-01,3567061M10000,1.0,2.3366994857788086,1.3366994857788086
chronos_2_erratic_features_plus_external,erratic,2025-04-01,3567064J20000,3.0,2.7541515827178955,0.2458484172821045
chronos_2_erratic_features_plus_external,erratic,2025-04-01,3567071L00000,1.0,1.6145635843276978,0.6145635843276978
chronos_2_erratic_features_plus_external,erratic,2025-04-01,3567079P00000,0.0,0.01074373722076416,0.01074373722076416
chronos_2_erratic_features_plus_external,erratic,2025-04-01,35670M74L00000,11.0,6.360869407653809,4.639130592346191
chronos_2_erratic_features_plus_external,erratic,2025-04-01,35671M68K00000,1.0,0.8577728867530823,0.14222711324691772
chronos_2_erratic_features_plus_external,erratic,2025-04-01,35671M75L00000,1.0,1.1049811840057373,0.1049811840057373
chronos_2_erratic_features_plus_external,erratic,2025-04-01,35750M53M00000,2.0,2.396980047225952,0.39698004722595215
chronos_2_erratic_features_plus_external,erratic,2025-04-01,35750M66L00000,0.0,0.0,0.0
chronos_2_erratic_features_plus_external,erratic,2025-04-01,35750M67P00000,2.0,5.619201183319092,3.619201183319092
chronos_2_erratic_features_plus_external,erratic,2025-04-01,35750M75T00000,1.0,0.0,1.0
chronos_2_erratic_features_plus_external,erratic,2025-04-01,3591075F12000,1.0,0.4311145544052124,0.5688854455947876
chronos_2_erratic_features_plus_external,erratic,2025-04-01,36250M74T15000,7.0,1.026845932006836,5.973154067993164
chronos_2_erratic_features_plus_external,erratic,2025-04-01,3625479P01000,5.0,1.8989288806915283,3.1010711193084717
chronos_2_erratic_features_plus_external,erratic,2025-04-01,3625486R20000,2.0,0.49400794506073,1.50599205493927
chronos_2_erratic_features_plus_external,erratic,2025-04-01,36410M67K00000,3.0,3.4091897010803223,0.40918970108032227
chronos_2_erratic_features_plus_external,erratic,2025-04-01,38450M68K00000,0.0,0.1315218210220337,0.1315218210220337
chronos_2_erratic_features_plus_external,erratic,2025-04-01,38450M74L10000,1.0,2.4015700817108154,1.4015700817108154
chronos_2_erratic_features_plus_external,erratic,2025-04-01,38450M76M00000,4.0,3.8911166191101074,0.10888338088989258
chronos_2_erratic_features_plus_external,erratic,2025-04-01,38453M75000000,5.0,0.3586699962615967,4.641330003738403
chronos_2_erratic_features_plus_external,erratic,2025-04-01,3925164J00000,1.0,2.513965368270874,1.513965368270874
chronos_2_erratic_features_plus_external,erratic,2025-04-01,3932152R00000,0.0,1.1195862293243408,1.1195862293243408
chronos_2_erratic_features_plus_external,erratic,2025-04-01,39321M62S10000,6.0,2.5778303146362305,3.4221696853637695
chronos_2_erratic_features_plus_external,erratic,2025-04-01,3932252R00000,0.0,1.1840636730194092,1.1840636730194092
chronos_2_erratic_features_plus_external,erratic,2025-04-01,41710M74L00000,0.0,0.4653651714324951,0.4653651714324951
chronos_2_erratic_features_plus_external,erratic,2025-04-01,4243163J10000,20.0,14.071575164794922,5.928424835205078
chronos_2_erratic_features_plus_external,erratic,2025-04-01,4321078R010BK,1.0,1.146773099899292,0.146773099899292
chronos_2_erratic_features_plus_external,erratic,2025-04-01,43210M55T5027N,5.0,2.719979763031006,2.280020236968994
chronos_2_erratic_features_plus_external,erratic,2025-04-01,43210M55T60QC8,3.0,3.0950918197631836,0.0950918197631836
chronos_2_erratic_features_plus_external,erratic,2025-04-01,43210M68P1009L,3.0,0.9157170653343201,2.08428293466568
chronos_2_erratic_features_plus_external,erratic,2025-04-01,43210M68P60ZMQ,7.0,3.037970781326294,3.962029218673706
chronos_2_erratic_features_plus_external,erratic,2025-04-01,43210M75T60QC8,3.0,0.0,3.0
chronos_2_erratic_features_plus_external,erratic,2025-04-01,43210M79G5309L,2.0,2.576096296310425,0.5760962963104248
chronos_2_erratic_features_plus_external,erratic,2025-04-01,43250M62S0027N,13.0,9.405684471130371,3.594315528869629
chronos_2_erratic_features_plus_external,erratic,2025-04-01,43250M67K0027N,11.0,9.908197402954102,1.0918025970458984
chronos_2_erratic_features_plus_external,erratic,2025-04-01,43250M75T0027N,1.0,0.0,1.0
chronos_2_erratic_features_plus_external,erratic,2025-04-01,43250M81R1027N,3.0,0.4075506925582886,2.5924493074417114
chronos_2_erratic_features_plus_external,erratic,2025-04-01,43250M83P0027N,5.0,3.9845173358917236,1.0154826641082764
chronos_2_erratic_features_plus_external,erratic,2025-04-01,4325283S000PG,2.0,5.268104553222656,3.2681045532226562
chronos_2_erratic_features_plus_external,erratic,2025-04-01,43252M67L00AQY,3.0,0.0,3.0
chronos_2_erratic_features_plus_external,erratic,2025-04-01,48150M68P10C48,1.0,0.9981987476348877,0.0018012523651123047
chronos_2_erratic_features_plus_external,erratic,2025-04-01,5730065811000,3.0,1.4682575464248657,1.5317424535751343
chronos_2_erratic_features_plus_external,erratic,2025-04-01,57300M53M00000,2.0,0.998892068862915,1.001107931137085
chronos_2_erratic_features_plus_external,erratic,2025-04-01,57300M67P00000,0.0,1.9300782680511475,1.9300782680511475
chronos_2_erratic_features_plus_external,erratic,2025-04-01,57300M74L00000,2.0,3.057539701461792,1.057539701461792
chronos_2_erratic_features_plus_external,erratic,2025-04-01,57300M76M00000,3.0,1.8442888259887695,1.1557111740112305
chronos_2_erratic_features_plus_external,erratic,2025-04-01,57410M62S00000,1.0,1.0979758501052856,0.09797585010528564
chronos_2_erratic_features_plus_external,erratic,2025-04-01,57410M74L00000,2.0,2.073127508163452,0.07312750816345215
chronos_2_erratic_features_plus_external,erratic,2025-04-01,57410M76M00000,1.0,2.4347524642944336,1.4347524642944336
chronos_2_erratic_features_plus_external,erratic,2025-04-01,57410M79G00000,0.0,0.8886196613311768,0.8886196613311768
chronos_2_erratic_features_plus_external,erratic,2025-04-01,5742054P00000,0.0,1.452986240386963,1.452986240386963
chronos_2_erratic_features_plus_external,erratic,2025-04-01,57420M62S00000,1.0,1.804321527481079,0.8043215274810791
chronos_2_erratic_features_plus_external,erratic,2025-04-01,57420M67P00000,1.0,0.27480965852737427,0.7251903414726257
chronos_2_erratic_features_plus_external,erratic,2025-04-01,57420M74L00000,0.0,2.4710729122161865,2.4710729122161865
chronos_2_erratic_features_plus_external,erratic,2025-04-01,57420M76M00000,1.0,2.399707317352295,1.399707317352295
chronos_2_erratic_features_plus_external,erratic,2025-04-01,57420M79G00000,0.0,1.1745777130126953,1.1745777130126953
chronos_2_erratic_features_plus_external,erratic,2025-04-01,5761065J10000,4.0,5.049522876739502,1.049522876739502
chronos_2_erratic_features_plus_external,erratic,2025-04-01,5761154P00000,0.0,1.0600605010986328,1.0600605010986328
chronos_2_erratic_features_plus_external,erratic,2025-04-01,57611M53M00000,1.0,0.8028845191001892,0.1971154808998108
chronos_2_erratic_features_plus_external,erratic,2025-04-01,57611M55T00000,11.0,8.207650184631348,2.7923498153686523
chronos_2_erratic_features_plus_external,erratic,2025-04-01,57611M67P01000,2.0,1.1818454265594482,0.8181545734405518
chronos_2_erratic_features_plus_external,erratic,2025-04-01,57611M75T10000,0.0,1.0,1.0
chronos_2_erratic_features_plus_external,erratic,2025-04-01,5771065J10000,8.0,1.862342357635498,6.137657642364502
chronos_2_erratic_features_plus_external,erratic,2025-04-01,57711M53M00000,4.0,0.619394063949585,3.380605936050415
chronos_2_erratic_features_plus_external,erratic,2025-04-01,57711M67P01000,2.0,1.6878376007080078,0.3121623992919922
chronos_2_erratic_features_plus_external,erratic,2025-04-01,57711M68K10000,2.0,1.5874910354614258,0.4125089645385742
chronos_2_erratic_features_plus_external,erratic,2025-04-01,57711M71P00000,0.0,1.0252128839492798,1.0252128839492798
chronos_2_erratic_features_plus_external,erratic,2025-04-01,57711M75T10000,1.0,0.0,1.0
chronos_2_erratic_features_plus_external,erratic,2025-04-01,57711M76M00000,5.0,7.093242645263672,2.093242645263672
chronos_2_erratic_features_plus_external,erratic,2025-04-01,58121M53M00000,1.0,1.2225151062011719,0.22251510620117188
chronos_2_erratic_features_plus_external,erratic,2025-04-01,58200M80T00000,0.0,1.4505443572998047,1.4505443572998047
chronos_2_erratic_features_plus_external,erratic,2025-04-01,5823052R00000,2.0,1.625967264175415,0.37403273582458496
chronos_2_erratic_features_plus_external,erratic,2025-04-01,58230M53M00000,2.0,0.3323289155960083,1.6676710844039917
chronos_2_erratic_features_plus_external,erratic,2025-04-01,58230M62S00000,0.0,1.04390549659729,1.04390549659729
chronos_2_erratic_features_plus_external,erratic,2025-04-01,58230M68K01000,5.0,0.724817156791687,4.275182843208313
chronos_2_erratic_features_plus_external,erratic,2025-04-01,5826077K00000,5.0,1.1029582023620605,3.8970417976379395
chronos_2_erratic_features_plus_external,erratic,2025-04-01,58270M68K00000,5.0,1.6042912006378174,3.3957087993621826
chronos_2_erratic_features_plus_external,erratic,2025-04-01,58270M76M01000,3.0,1.3005781173706055,1.6994218826293945
chronos_2_erratic_features_plus_external,erratic,2025-04-01,58280M68K00000,3.0,2.514275312423706,0.48572468757629395
chronos_2_erratic_features_plus_external,erratic,2025-04-01,58811M78R00000,1.0,0.9165083169937134,0.08349168300628662
chronos_2_erratic_features_plus_external,erratic,2025-04-01,65500M55T10000,2.0,1.9801356792449951,0.019864320755004883
chronos_2_erratic_features_plus_external,erratic,2025-04-01,65561M74L00000,2.0,2.3422458171844482,0.34224581718444824
chronos_2_erratic_features_plus_external,erratic,2025-04-01,68001M55T20000,1.0,1.0388396978378296,0.03883969783782959
chronos_2_erratic_features_plus_external,erratic,2025-04-01,68001M62S12000,0.0,1.9347476959228516,1.9347476959228516
chronos_2_erratic_features_plus_external,erratic,2025-04-01,68002M55T20000,6.0,0.05560708045959473,5.944392919540405
chronos_2_erratic_features_plus_external,erratic,2025-04-01,69100M53M00000,1.0,1.9856057167053223,0.9856057167053223
chronos_2_erratic_features_plus_external,erratic,2025-04-01,69100M67P10000,1.0,0.6777294874191284,0.3222705125808716
chronos_2_erratic_features_plus_external,erratic,2025-04-01,71079M74T00000,2.0,0.0,2.0
chronos_2_erratic_features_plus_external,erratic,2025-04-01,7171064R00ZQ4,3.0,4.3062744140625,1.3062744140625
chronos_2_erratic_features_plus_external,erratic,2025-04-01,7171154L10799,0.0,1.0140117406845093,1.0140117406845093
chronos_2_erratic_features_plus_external,erratic,2025-04-01,7171161P00799,3.0,1.6305303573608398,1.3694696426391602
chronos_2_erratic_features_plus_external,erratic,2025-04-01,7171178R015PK,4.0,4.100812911987305,0.10081291198730469
chronos_2_erratic_features_plus_external,erratic,2025-04-01,7171179P00799,3.0,2.4379897117614746,0.5620102882385254
chronos_2_erratic_features_plus_external,erratic,2025-04-01,71711M53MA05PK,2.0,0.7427403926849365,1.2572596073150635
chronos_2_erratic_features_plus_external,erratic,2025-04-01,71711M53MA0799,2.0,1.163231372833252,0.836768627166748
chronos_2_erratic_features_plus_external,erratic,2025-04-01,71711M53MB05PK,0.0,1.2324010133743286,1.2324010133743286
chronos_2_erratic_features_plus_external,erratic,2025-04-01,71711M56R00799,5.0,4.376849174499512,0.6231508255004883
chronos_2_erratic_features_plus_external,erratic,2025-04-01,71711M62S005PK,8.0,10.931482315063477,2.9314823150634766
chronos_2_erratic_features_plus_external,erratic,2025-04-01,71711M66L005PK,0.0,0.9036558866500854,0.9036558866500854
chronos_2_erratic_features_plus_external,erratic,2025-04-01,71711M67P00799,2.0,3.36164927482605,1.3616492748260498
chronos_2_erratic_features_plus_external,erratic,2025-04-01,71711M68K00799,2.0,0.5146427154541016,1.4853572845458984
chronos_2_erratic_features_plus_external,erratic,2025-04-01,71711M73T115PK,5.0,1.1699129343032837,3.8300870656967163
chronos_2_erratic_features_plus_external,erratic,2025-04-01,71711M74L00799,4.0,1.0275921821594238,2.972407817840576
chronos_2_erratic_features_plus_external,erratic,2025-04-01,71711M75L00799,3.0,0.7670732736587524,2.2329267263412476
chronos_2_erratic_features_plus_external,erratic,2025-04-01,71711M76M10799,1.0,4.04619836807251,3.0461983680725098
chronos_2_erratic_features_plus_external,erratic,2025-04-01,71711M76T00N49,2.0,1.7631704807281494,0.23682951927185059
chronos_2_erratic_features_plus_external,erratic,2025-04-01,71711M79M00799,0.0,3.0776479244232178,3.0776479244232178
chronos_2_erratic_features_plus_external,erratic,2025-04-01,71712M54T00000,2.0,2.4113173484802246,0.4113173484802246
chronos_2_erratic_features_plus_external,erratic,2025-04-01,71712M55T00000,6.0,6.863587379455566,0.8635873794555664
chronos_2_erratic_features_plus_external,erratic,2025-04-01,71712M56R00000,4.0,3.839972734451294,0.16002726554870605
chronos_2_erratic_features_plus_external,erratic,2025-04-01,71712M79M00000,1.0,0.5849883556365967,0.4150116443634033
chronos_2_erratic_features_plus_external,erratic,2025-04-01,71720M76M005PK,3.0,2.114757776260376,0.885242223739624
chronos_2_erratic_features_plus_external,erratic,2025-04-01,7172160K005PK,0.0,3.275296211242676,3.275296211242676
chronos_2_erratic_features_plus_external,erratic,2025-04-01,7172161P005PK,1.0,2.6589694023132324,1.6589694023132324
chronos_2_erratic_features_plus_external,erratic,2025-04-01,7172177MJ05PK,1.0,0.9514521956443787,0.04854780435562134
chronos_2_erratic_features_plus_external,erratic,2025-04-01,7172179P005PK,3.0,1.544714331626892,1.455285668373108
chronos_2_erratic_features_plus_external,erratic,2025-04-01,7172186R105PK,0.0,1.9025232791900635,1.9025232791900635
chronos_2_erratic_features_plus_external,erratic,2025-04-01,71721M56R005PK,0.0,3.9838037490844727,3.9838037490844727
chronos_2_erratic_features_plus_external,erratic,2025-04-01,71721M60MA05PK,1.0,2.2012336254119873,1.2012336254119873
chronos_2_erratic_features_plus_external,erratic,2025-04-01,71721M74T005PK,4.0,4.3597002029418945,0.35970020294189453
chronos_2_erratic_features_plus_external,erratic,2025-04-01,71721M75L005PK,2.0,1.15159273147583,0.8484072685241699
chronos_2_erratic_features_plus_external,erratic,2025-04-01,71721M75T005PK,2.0,0.0,2.0
chronos_2_erratic_features_plus_external,erratic,2025-04-01,71721M78R005PK,2.0,1.914718747138977,0.08528125286102295
chronos_2_erratic_features_plus_external,erratic,2025-04-01,71721M84P005PK,1.0,0.4687590003013611,0.5312409996986389
chronos_2_erratic_features_plus_external,erratic,2025-04-01,7173154GA0000,8.0,2.6080663204193115,5.3919336795806885
chronos_2_erratic_features_plus_external,erratic,2025-04-01,7173163J20000,2.0,0.39733266830444336,1.6026673316955566
chronos_2_erratic_features_plus_external,erratic,2025-04-01,7173171L00000,7.0,4.1804046630859375,2.8195953369140625
chronos_2_erratic_features_plus_external,erratic,2025-04-01,71731M53M00000,8.0,0.6721022129058838,7.327897787094116
chronos_2_erratic_features_plus_external,erratic,2025-04-01,71731M53MB0000,0.0,2.632236957550049,2.632236957550049
chronos_2_erratic_features_plus_external,erratic,2025-04-01,71731M66L005PK,1.0,0.8859113454818726,0.11408865451812744
chronos_2_erratic_features_plus_external,erratic,2025-04-01,71731M67P00000,2.0,2.143411874771118,0.14341187477111816
chronos_2_erratic_features_plus_external,erratic,2025-04-01,71731M68K00000,5.0,3.4400219917297363,1.5599780082702637
chronos_2_erratic_features_plus_external,erratic,2025-04-01,7173262R00000,3.0,1.2099831104278564,1.7900168895721436
chronos_2_erratic_features_plus_external,erratic,2025-04-01,7173263J20000,1.0,0.10714459419250488,0.8928554058074951
chronos_2_erratic_features_plus_external,erratic,2025-04-01,7173271L00000,6.0,4.330198764801025,1.6698012351989746
chronos_2_erratic_features_plus_external,erratic,2025-04-01,71732M53M00000,6.0,3.2841410636901855,2.7158589363098145
chronos_2_erratic_features_plus_external,erratic,2025-04-01,71732M66L005PK,0.0,0.9052984714508057,0.9052984714508057
chronos_2_erratic_features_plus_external,erratic,2025-04-01,71732M67P00000,6.0,1.990797996520996,4.009202003479004
chronos_2_erratic_features_plus_external,erratic,2025-04-01,71732M68K00000,5.0,4.1490020751953125,0.8509979248046875
chronos_2_erratic_features_plus_external,erratic,2025-04-01,71732M74T00000,1.0,1.4638701677322388,0.46387016773223877
chronos_2_erratic_features_plus_external,erratic,2025-04-01,71733M55T00000,9.0,9.075196266174316,0.0751962661743164
chronos_2_erratic_features_plus_external,erratic,2025-04-01,71733M74L00000,0.0,0.874103307723999,0.874103307723999
chronos_2_erratic_features_plus_external,erratic,2025-04-01,71734M55T00000,3.0,7.089967727661133,4.089967727661133
chronos_2_erratic_features_plus_external,erratic,2025-04-01,71734M68L00000,1.0,0.06775438785552979,0.9322456121444702
chronos_2_erratic_features_plus_external,erratic,2025-04-01,71734M74T00000,1.0,0.04001498222351074,0.9599850177764893
chronos_2_erratic_features_plus_external,erratic,2025-04-01,7174054L10D2W,1.0,0.5196903944015503,0.4803096055984497
chronos_2_erratic_features_plus_external,erratic,2025-04-01,7174073R10CUG,0.0,1.2889463901519775,1.2889463901519775
chronos_2_erratic_features_plus_external,erratic,2025-04-01,7174079P00C48,3.0,2.867910623550415,0.13208937644958496
chronos_2_erratic_features_plus_external,erratic,2025-04-01,7174079S00C48,5.0,3.63444185256958,1.36555814743042
chronos_2_erratic_features_plus_external,erratic,2025-04-01,71740M55T10C48,20.0,0.18250083923339844,19.8174991607666
chronos_2_erratic_features_plus_external,erratic,2025-04-01,71740M56R00C48,9.0,5.223701477050781,3.7762985229492188
chronos_2_erratic_features_plus_external,erratic,2025-04-01,71740M68T00C48,29.0,35.483787536621094,6.483787536621094
chronos_2_erratic_features_plus_external,erratic,2025-04-01,71740M76MA0C48,11.0,18.593769073486328,7.593769073486328
chronos_2_erratic_features_plus_external,erratic,2025-04-01,71740M76T10KDJ,2.0,1.209748387336731,0.790251612663269
chronos_2_erratic_features_plus_external,erratic,2025-04-01,71740M81R00C48,4.0,1.7461633682250977,2.2538366317749023
chronos_2_erratic_features_plus_external,erratic,2025-04-01,7174160P005PK,3.0,1.7730789184570312,1.2269210815429688
chronos_2_erratic_features_plus_external,erratic,2025-04-01,71741M53M005PK,1.0,0.349733829498291,0.650266170501709
chronos_2_erratic_features_plus_external,erratic,2025-04-01,71741M53MA05PK,2.0,1.9956183433532715,0.004381656646728516
chronos_2_erratic_features_plus_external,erratic,2025-04-01,71741M74L005PK,1.0,0.13747656345367432,0.8625234365463257
chronos_2_erratic_features_plus_external,erratic,2025-04-01,71741M75L005PK,3.0,3.0326287746429443,0.032628774642944336
chronos_2_erratic_features_plus_external,erratic,2025-04-01,71741M75T00W9K,1.0,0.0,1.0
chronos_2_erratic_features_plus_external,erratic,2025-04-01,71741M76M105PK,1.0,2.4743597507476807,1.4743597507476807
chronos_2_erratic_features_plus_external,erratic,2025-04-01,71741M83P005PK,8.0,6.208766460418701,1.7912335395812988
chronos_2_erratic_features_plus_external,erratic,2025-04-01,71743M76M100PG,0.0,0.2556072473526001,0.2556072473526001
chronos_2_erratic_features_plus_external,erratic,2025-04-01,71744M76M100PG,0.0,0.08386015892028809,0.08386015892028809
chronos_2_erratic_features_plus_external,erratic,2025-04-01,7175172S205PK,2.0,2.520080804824829,0.5200808048248291
chronos_2_erratic_features_plus_external,erratic,2025-04-01,7175186R000PG,8.0,4.16046142578125,3.83953857421875
chronos_2_erratic_features_plus_external,erratic,2025-04-01,71751M67P105PK,2.0,0.9613741636276245,1.0386258363723755
chronos_2_erratic_features_plus_external,erratic,2025-04-01,71751M83P105PK,6.0,0.5162537097930908,5.483746290206909
chronos_2_erratic_features_plus_external,erratic,2025-04-01,71752M54T100PG,8.0,4.95662260055542,3.04337739944458
chronos_2_erratic_features_plus_external,erratic,2025-04-01,71752M83P00PWJ,5.0,0.31309986114501953,4.6869001388549805
chronos_2_erratic_features_plus_external,erratic,2025-04-01,7176179P105PK,1.0,1.6954419612884521,0.6954419612884521
chronos_2_erratic_features_plus_external,erratic,2025-04-01,71761M52R105PK,7.0,4.289878845214844,2.7101211547851562
chronos_2_erratic_features_plus_external,erratic,2025-04-01,71761M67P105PK,2.0,1.699169635772705,0.3008303642272949
chronos_2_erratic_features_plus_external,erratic,2025-04-01,71761M68K105PK,1.0,1.7916926145553589,0.7916926145553589
chronos_2_erratic_features_plus_external,erratic,2025-04-01,71761M74T20ZAM,1.0,1.010115146636963,0.01011514663696289
chronos_2_erratic_features_plus_external,erratic,2025-04-01,71761M76MB0Z2S,3.0,3.2636940479278564,0.26369404792785645
chronos_2_erratic_features_plus_external,erratic,2025-04-01,71761M76MB0ZHJ,1.0,0.2847757935523987,0.7152242064476013
chronos_2_erratic_features_plus_external,erratic,2025-04-01,71762M54T100PG,5.0,3.3848891258239746,1.6151108741760254
chronos_2_erratic_features_plus_external,erratic,2025-04-01,7177164R005PK,2.0,0.0,2.0
chronos_2_erratic_features_plus_external,erratic,2025-04-01,7177171L00000,2.0,0.0,2.0
chronos_2_erratic_features_plus_external,erratic,2025-04-01,7177186R000PG,1.0,1.7258622646331787,0.7258622646331787
chronos_2_erratic_features_plus_external,erratic,2025-04-01,71771M55T00000,6.0,6.438573360443115,0.43857336044311523
chronos_2_erratic_features_plus_external,erratic,2025-04-01,71771M56R100PG,10.0,3.9509692192077637,6.049030780792236
chronos_2_erratic_features_plus_external,erratic,2025-04-01,71771M76T00PER,7.0,1.1107800006866455,5.8892199993133545
chronos_2_erratic_features_plus_external,erratic,2025-04-01,71772M55T00000,6.0,2.5205516815185547,3.4794483184814453
chronos_2_erratic_features_plus_external,erratic,2025-04-01,71782M56R100PG,2.0,0.8867881298065186,1.1132118701934814
chronos_2_erratic_features_plus_external,erratic,2025-04-01,71782M66L00000,6.0,1.8616583347320557,4.138341665267944
chronos_2_erratic_features_plus_external,erratic,2025-04-01,7181179P00799,1.0,2.5624566078186035,1.5624566078186035
chronos_2_erratic_features_plus_external,erratic,2025-04-01,71811M53M00799,4.0,2.7778706550598145,1.2221293449401855
chronos_2_erratic_features_plus_external,erratic,2025-04-01,71811M56R00799,4.0,3.27835750579834,0.7216424942016602
chronos_2_erratic_features_plus_external,erratic,2025-04-01,71811M56R10799,2.0,1.6074926853179932,0.39250731468200684
chronos_2_erratic_features_plus_external,erratic,2025-04-01,71811M66L005PK,1.0,1.360022783279419,0.36002278327941895
chronos_2_erratic_features_plus_external,erratic,2025-04-01,71811M67P01799,2.0,5.378730297088623,3.378730297088623
chronos_2_erratic_features_plus_external,erratic,2025-04-01,71811M68K00799,6.0,1.5829665660858154,4.417033433914185
chronos_2_erratic_features_plus_external,erratic,2025-04-01,71811M68P00799,4.0,3.1887104511260986,0.8112895488739014
chronos_2_erratic_features_plus_external,erratic,2025-04-01,71811M74T00799,2.0,1.4255285263061523,0.5744714736938477
chronos_2_erratic_features_plus_external,erratic,2025-04-01,71811M75L00799,1.0,2.2822093963623047,1.2822093963623047
chronos_2_erratic_features_plus_external,erratic,2025-04-01,71811M75T00799,2.0,0.0,2.0
chronos_2_erratic_features_plus_external,erratic,2025-04-01,71811M76M00799,1.0,2.2105159759521484,1.2105159759521484
chronos_2_erratic_features_plus_external,erratic,2025-04-01,71811M80T105PK,5.0,0.9754801988601685,4.0245198011398315
chronos_2_erratic_features_plus_external,erratic,2025-04-01,7181365L00000,1.0,22.63081169128418,21.63081169128418
chronos_2_erratic_features_plus_external,erratic,2025-04-01,7182173K10000,3.0,2.7993671894073486,0.20063281059265137
chronos_2_erratic_features_plus_external,erratic,2025-04-01,7182179P00000,3.0,2.8046014308929443,0.19539856910705566
chronos_2_erratic_features_plus_external,erratic,2025-04-01,71821M68K00000,7.0,0.7392967939376831,6.260703206062317
chronos_2_erratic_features_plus_external,erratic,2025-04-01,71821M79M00000,4.0,0.2815171480178833,3.7184828519821167
chronos_2_erratic_features_plus_external,erratic,2025-04-01,7182273K10000,2.0,2.8633503913879395,0.8633503913879395
chronos_2_erratic_features_plus_external,erratic,2025-04-01,7182279P00000,4.0,2.3926401138305664,1.6073598861694336
chronos_2_erratic_features_plus_external,erratic,2025-04-01,7182280J00000,1.0,0.34940338134765625,0.6505966186523438
chronos_2_erratic_features_plus_external,erratic,2025-04-01,71822M55T00000,3.0,8.089799880981445,5.089799880981445
chronos_2_erratic_features_plus_external,erratic,2025-04-01,71822M68K00000,5.0,1.4389023780822754,3.5610976219177246
chronos_2_erratic_features_plus_external,erratic,2025-04-01,71822M75T00000,2.0,0.0,2.0
chronos_2_erratic_features_plus_external,erratic,2025-04-01,71822M79M00000,4.0,0.28431272506713867,3.7156872749328613
chronos_2_erratic_features_plus_external,erratic,2025-04-01,71823M68L00000,4.0,3.992192268371582,0.007807731628417969
chronos_2_erratic_features_plus_external,erratic,2025-04-01,7187186R000BK,1.0,2.194383144378662,1.194383144378662
chronos_2_erratic_features_plus_external,erratic,2025-04-01,72310M68K00000,0.0,0.9418501853942871,0.9418501853942871
chronos_2_erratic_features_plus_external,erratic,2025-04-01,72312M55R00000,12.0,8.314949035644531,3.6850509643554688
chronos_2_erratic_features_plus_external,erratic,2025-04-01,72312M68K00000,7.0,4.361733436584473,2.6382665634155273
chronos_2_erratic_features_plus_external,erratic,2025-04-01,7232154P00000,3.0,2.8819031715393066,0.11809682846069336
chronos_2_erratic_features_plus_external,erratic,2025-04-01,7232171L00000,4.0,1.6954092979431152,2.3045907020568848
chronos_2_erratic_features_plus_external,erratic,2025-04-01,72321M53M00000,4.0,2.773930072784424,1.2260699272155762
chronos_2_erratic_features_plus_external,erratic,2025-04-01,72321M68K00000,4.0,2.3709187507629395,1.6290812492370605
chronos_2_erratic_features_plus_external,erratic,2025-04-01,72321M74L00000,8.0,3.4177260398864746,4.582273960113525
chronos_2_erratic_features_plus_external,erratic,2025-04-01,72321M76M01000,1.0,2.115492105484009,1.1154921054840088
chronos_2_erratic_features_plus_external,erratic,2025-04-01,7232271L00000,5.0,2.1904375553131104,2.8095624446868896
chronos_2_erratic_features_plus_external,erratic,2025-04-01,72322M53M00000,6.0,5.294190406799316,0.7058095932006836
chronos_2_erratic_features_plus_external,erratic,2025-04-01,72322M68K00000,3.0,1.7760871648788452,1.2239128351211548
chronos_2_erratic_features_plus_external,erratic,2025-04-01,72322M74L00000,8.0,5.008487701416016,2.9915122985839844
chronos_2_erratic_features_plus_external,erratic,2025-04-01,72322M76M01000,1.0,4.705947399139404,3.7059473991394043
chronos_2_erratic_features_plus_external,erratic,2025-04-01,72371M74L105PK,0.0,0.12131237983703613,0.12131237983703613
chronos_2_erratic_features_plus_external,erratic,2025-04-01,72380M62S01000,1.0,1.2032686471939087,0.2032686471939087
chronos_2_erratic_features_plus_external,erratic,2025-04-01,72398M68K00000,3.0,0.8264098763465881,2.173590123653412
chronos_2_erratic_features_plus_external,erratic,2025-04-01,72411M74L10000,2.0,0.7039434909820557,1.2960565090179443
chronos_2_erratic_features_plus_external,erratic,2025-04-01,72420M80T00000,0.0,0.25669169425964355,0.25669169425964355
chronos_2_erratic_features_plus_external,erratic,2025-04-01,7242252R00000,3.0,2.1435179710388184,0.8564820289611816
chronos_2_erratic_features_plus_external,erratic,2025-04-01,72431M68L00000,1.0,0.7155058979988098,0.2844941020011902
chronos_2_erratic_features_plus_external,erratic,2025-04-01,72433M56R00000,5.0,1.7847743034362793,3.2152256965637207
chronos_2_erratic_features_plus_external,erratic,2025-04-01,72437M68L00000,1.0,1.3682639598846436,0.36826395988464355
chronos_2_erratic_features_plus_external,erratic,2025-04-01,7248265J00000,2.0,3.1716041564941406,1.1716041564941406
chronos_2_erratic_features_plus_external,erratic,2025-04-01,7282165J00Z2S,2.0,3.6617705821990967,1.6617705821990967
chronos_2_erratic_features_plus_external,erratic,2025-04-01,73110M68P50ZCA,2.0,0.8177446126937866,1.1822553873062134
chronos_2_erratic_features_plus_external,erratic,2025-04-01,7343061J00P4Z,5.0,1.3932487964630127,3.6067512035369873
chronos_2_erratic_features_plus_external,erratic,2025-04-01,73430M75J00P4Z,1.0,1.6611003875732422,0.6611003875732422
chronos_2_erratic_features_plus_external,erratic,2025-04-01,73821M62S205PK,2.0,3.445798873901367,1.4457988739013672
chronos_2_erratic_features_plus_external,erratic,2025-04-01,73821M67P305PK,0.0,0.9462548494338989,0.9462548494338989
chronos_2_erratic_features_plus_external,erratic,2025-04-01,73831M68P005PK,3.0,2.087414503097534,0.9125854969024658
chronos_2_erratic_features_plus_external,erratic,2025-04-01,74120M66L10000,3.0,0.2957577705383301,2.70424222946167
chronos_2_erratic_features_plus_external,erratic,2025-04-01,74461M79M005PK,10.0,6.104094982147217,3.895905017852783
chronos_2_erratic_features_plus_external,erratic,2025-04-01,7619171L005PK,0.0,2.2248494625091553,2.2248494625091553
chronos_2_erratic_features_plus_external,erratic,2025-04-01,7619254P005PK,2.0,3.6093151569366455,1.6093151569366455
chronos_2_erratic_features_plus_external,erratic,2025-04-01,76520M68P10000,3.0,2.0843284130096436,0.9156715869903564
chronos_2_erratic_features_plus_external,erratic,2025-04-01,76520M74K01000,0.0,1.2727019786834717,1.2727019786834717
chronos_2_erratic_features_plus_external,erratic,2025-04-01,77161M68P00000,2.0,1.2727506160736084,0.7272493839263916
chronos_2_erratic_features_plus_external,erratic,2025-04-01,77210M74T005PK,1.0,1.321934461593628,0.32193446159362793
chronos_2_erratic_features_plus_external,erratic,2025-04-01,7726054P005PK,1.0,0.508284330368042,0.491715669631958
chronos_2_erratic_features_plus_external,erratic,2025-04-01,7733061M01000,1.0,2.054319381713867,1.0543193817138672
chronos_2_erratic_features_plus_external,erratic,2025-04-01,77330M81R00000,5.0,3.3522613048553467,1.6477386951446533
chronos_2_erratic_features_plus_external,erratic,2025-04-01,7781158J000PG,1.0,1.239490270614624,0.23949027061462402
chronos_2_erratic_features_plus_external,erratic,2025-04-01,77811M58J000PG,2.0,3.7302005290985107,1.7302005290985107
chronos_2_erratic_features_plus_external,erratic,2025-04-01,77811M63T000PG,1.0,1.3506749868392944,0.35067498683929443
chronos_2_erratic_features_plus_external,erratic,2025-04-01,7783154GB00PG,2.0,2.381507396697998,0.38150739669799805
chronos_2_erratic_features_plus_external,erratic,2025-04-01,77831M68L000PG,2.0,2.928499698638916,0.928499698638916
chronos_2_erratic_features_plus_external,erratic,2025-04-01,77851M54G000PG,0.0,0.7418233156204224,0.7418233156204224
chronos_2_erratic_features_plus_external,erratic,2025-04-01,8185061J01000,0.0,2.6825122833251953,2.6825122833251953
chronos_2_erratic_features_plus_external,erratic,2025-04-01,81850M68K00000,3.0,3.3137269020080566,0.31372690200805664
chronos_2_erratic_features_plus_external,erratic,2025-04-01,81850M68P10000,2.0,1.1331398487091064,0.8668601512908936
chronos_2_erratic_features_plus_external,erratic,2025-04-01,8186061J01000,0.0,2.2837047576904297,2.2837047576904297
chronos_2_erratic_features_plus_external,erratic,2025-04-01,81860M68K00000,3.0,3.3999760150909424,0.3999760150909424
chronos_2_erratic_features_plus_external,erratic,2025-04-01,81860M79G20000,0.0,0.2698585093021393,0.2698585093021393
chronos_2_erratic_features_plus_external,erratic,2025-04-01,8212177K00000,2.0,0.13102495670318604,1.868975043296814
chronos_2_erratic_features_plus_external,erratic,2025-04-01,82801M66L015PK,0.0,4.8355607986450195,4.8355607986450195
chronos_2_erratic_features_plus_external,erratic,2025-04-01,82801M68K005PK,0.0,1.2782281637191772,1.2782281637191772
chronos_2_erratic_features_plus_external,erratic,2025-04-01,82802M66L015PK,7.0,5.642143726348877,1.357856273651123
chronos_2_erratic_features_plus_external,erratic,2025-04-01,82802M68K5026U,4.0,10.953180313110352,6.953180313110352
chronos_2_erratic_features_plus_external,erratic,2025-04-01,82802M81A605PK,4.0,0.38167470693588257,3.6183252930641174
chronos_2_erratic_features_plus_external,erratic,2025-04-01,82850M76M005PK,9.0,8.039399147033691,0.9606008529663086
chronos_2_erratic_features_plus_external,erratic,2025-04-01,8392152R010CE,0.0,1.168337106704712,1.168337106704712
chronos_2_erratic_features_plus_external,erratic,2025-04-01,83921M68P000CB,1.0,3.8450920581817627,2.8450920581817627
chronos_2_erratic_features_plus_external,erratic,2025-04-01,83922M55T000CB,0.0,3.5940139293670654,3.5940139293670654
chronos_2_erratic_features_plus_external,erratic,2025-04-01,8392352R020CE,0.0,1.2478121519088745,1.2478121519088745
chronos_2_erratic_features_plus_external,erratic,2025-04-01,83923M68P000CB,1.0,4.953747749328613,3.9537477493286133
chronos_2_erratic_features_plus_external,erratic,2025-04-01,83924M55T000CB,2.0,2.3549530506134033,0.3549530506134033
chronos_2_erratic_features_plus_external,erratic,2025-04-01,83924M62S000CB,3.0,0.2832033038139343,2.7167966961860657
chronos_2_erratic_features_plus_external,erratic,2025-04-01,83924M68P100CB,4.0,2.87321400642395,1.1267859935760498
chronos_2_erratic_features_plus_external,erratic,2025-04-01,83926M68P000CB,2.0,1.073752999305725,0.9262470006942749
chronos_2_erratic_features_plus_external,erratic,2025-04-01,8393061J005PK,7.0,1.2302196025848389,5.769780397415161
chronos_2_erratic_features_plus_external,erratic,2025-04-01,83932M68P000CB,3.0,1.2325303554534912,1.7674696445465088
chronos_2_erratic_features_plus_external,erratic,2025-04-01,83940M68P100PG,4.0,0.6715371608734131,3.328462839126587
chronos_2_erratic_features_plus_external,erratic,2025-04-01,83940M74L10000,2.0,2.0661861896514893,0.06618618965148926
chronos_2_erratic_features_plus_external,erratic,2025-04-01,83970M68P00000,1.0,1.6729092597961426,0.6729092597961426
chronos_2_erratic_features_plus_external,erratic,2025-04-01,84051M55T01000,3.0,6.324846267700195,3.3248462677001953
chronos_2_erratic_features_plus_external,erratic,2025-04-01,84051M55T11000,3.0,1.475334882736206,1.524665117263794
chronos_2_erratic_features_plus_external,erratic,2025-04-01,8450152R02000,0.0,2.2946224212646484,2.2946224212646484
chronos_2_erratic_features_plus_external,erratic,2025-04-01,84501M55T00000,3.0,1.321457862854004,1.678542137145996
chronos_2_erratic_features_plus_external,erratic,2025-04-01,84501M68P00000,3.0,3.014422655105591,0.01442265510559082
chronos_2_erratic_features_plus_external,erratic,2025-04-01,84502M68P00000,3.0,1.7860863208770752,1.2139136791229248
chronos_2_erratic_features_plus_external,erratic,2025-04-01,84510M74L01000,1.0,1.6010046005249023,0.6010046005249023
chronos_2_erratic_features_plus_external,erratic,2025-04-01,84511M76M10000,0.0,0.7249455451965332,0.7249455451965332
chronos_2_erratic_features_plus_external,erratic,2025-04-01,8470171LVAZMT,1.0,0.1707841157913208,0.8292158842086792
chronos_2_erratic_features_plus_external,erratic,2025-04-01,84701M53M205PK,2.0,2.471778392791748,0.47177839279174805
chronos_2_erratic_features_plus_external,erratic,2025-04-01,84701M55TB0ZHJ,2.0,1.1030945777893066,0.8969054222106934
chronos_2_erratic_features_plus_external,erratic,2025-04-01,84701M68P31ZHJ,4.0,2.060521364212036,1.9394786357879639
chronos_2_erratic_features_plus_external,erratic,2025-04-01,84701M68P515PK,3.0,3.1580443382263184,0.15804433822631836
chronos_2_erratic_features_plus_external,erratic,2025-04-01,84701M74LC15PK,2.0,1.7525506019592285,0.24744939804077148
chronos_2_erratic_features_plus_external,erratic,2025-04-01,8470261J025PK,1.0,2.26587176322937,1.2658717632293701
chronos_2_erratic_features_plus_external,erratic,2025-04-01,84702M53M205PK,6.0,2.7493724822998047,3.2506275177001953
chronos_2_erratic_features_plus_external,erratic,2025-04-01,84702M55TB0ZHJ,2.0,0.7336314916610718,1.2663685083389282
chronos_2_erratic_features_plus_external,erratic,2025-04-01,84702M56R92ZHJ,2.0,1.424225926399231,0.575774073600769
chronos_2_erratic_features_plus_external,erratic,2025-04-01,84702M62S20Z4Q,5.0,2.1333017349243164,2.8666982650756836
chronos_2_erratic_features_plus_external,erratic,2025-04-01,84702M68P31ZHJ,2.0,2.7099783420562744,0.7099783420562744
chronos_2_erratic_features_plus_external,erratic,2025-04-01,84702M68P515PK,5.0,1.6270681619644165,3.3729318380355835
chronos_2_erratic_features_plus_external,erratic,2025-04-01,84702M74LC15PK,1.0,1.9906781911849976,0.9906781911849976
chronos_2_erratic_features_plus_external,erratic,2025-04-01,84702M79G30000,1.0,0.6128995418548584,0.3871004581451416
chronos_2_erratic_features_plus_external,erratic,2025-04-01,84703M79M02000,1.0,9.548362731933594,8.548362731933594
chronos_2_erratic_features_plus_external,erratic,2025-04-01,8471852R20ZVR,3.0,0.6531053185462952,2.346894681453705
chronos_2_erratic_features_plus_external,erratic,2025-04-01,8472852R20ZVR,1.0,3.2989025115966797,2.2989025115966797
chronos_2_erratic_features_plus_external,erratic,2025-04-01,8472865J00Z2S,3.0,0.8479942083358765,2.1520057916641235
chronos_2_erratic_features_plus_external,erratic,2025-04-01,8472880J00Z2S,1.0,0.5356855988502502,0.46431440114974976
chronos_2_erratic_features_plus_external,erratic,2025-04-01,84730M67P10000,0.0,3.1616666316986084,3.1616666316986084
chronos_2_erratic_features_plus_external,erratic,2025-04-01,84730M74LC0000,6.0,6.310695648193359,0.3106956481933594
chronos_2_erratic_features_plus_external,erratic,2025-04-01,84730M79M00000,24.0,8.907125473022461,15.092874526977539
chronos_2_erratic_features_plus_external,erratic,2025-04-01,8474061M00000,4.0,2.4416818618774414,1.5583181381225586
chronos_2_erratic_features_plus_external,erratic,2025-04-01,8474065J00000,1.0,0.6734083890914917,0.3265916109085083
chronos_2_erratic_features_plus_external,erratic,2025-04-01,84740M67P10000,0.0,2.1407108306884766,2.1407108306884766
chronos_2_erratic_features_plus_external,erratic,2025-04-01,84740M74LC0000,9.0,5.4998459815979,3.5001540184020996
chronos_2_erratic_features_plus_external,erratic,2025-04-01,84740M74LE0000,1.0,3.044863700866699,2.044863700866699
chronos_2_erratic_features_plus_external,erratic,2025-04-01,84740M76M00000,12.0,3.2535743713378906,8.74642562866211
chronos_2_erratic_features_plus_external,erratic,2025-04-01,84740M79M00000,17.0,6.403715133666992,10.596284866333008
chronos_2_erratic_features_plus_external,erratic,2025-04-01,84920M68PB1BHE,2.0,0.814821720123291,1.185178279876709
chronos_2_erratic_features_plus_external,erratic,2025-04-01,84940M68PC1BHE,2.0,0.8963955044746399,1.10360449552536
chronos_2_erratic_features_plus_external,erratic,2025-04-01,95130M68K00000,0.0,2.7223196029663086,2.7223196029663086
chronos_2_erratic_features_plus_external,erratic,2025-04-01,95310M53T00000,12.0,3.7225217819213867,8.277478218078613
chronos_2_erratic_features_plus_external,erratic,2025-04-01,95310M55T00000,4.0,3.0424559116363525,0.9575440883636475
chronos_2_erratic_features_plus_external,erratic,2025-04-01,95310M76M00000,2.0,3.0528855323791504,1.0528855323791504
chronos_2_erratic_features_plus_external,erratic,2025-05-01,0911912012000,19.0,54.55323028564453,35.55323028564453
chronos_2_erratic_features_plus_external,erratic,2025-05-01,09140M12040000,19.0,4.830655097961426,14.169344902038574
chronos_2_erratic_features_plus_external,erratic,2025-05-01,0915912057000,0.0,11.918108940124512,11.918108940124512
chronos_2_erratic_features_plus_external,erratic,2025-05-01,09209M09L02000,15.0,6.5431928634643555,8.456807136535645
chronos_2_erratic_features_plus_external,erratic,2025-05-01,0924616021000,4.0,3.0068371295928955,0.9931628704071045
chronos_2_erratic_features_plus_external,erratic,2025-05-01,0928335052000,1.0,2.1577460765838623,1.1577460765838623
chronos_2_erratic_features_plus_external,erratic,2025-05-01,0928348007000,1.0,4.651528835296631,3.651528835296631
chronos_2_erratic_features_plus_external,erratic,2025-05-01,0940907340000,95.0,53.66163635253906,41.33836364746094
chronos_2_erratic_features_plus_external,erratic,2025-05-01,09409M07355000,21.0,34.807029724121094,13.807029724121094
chronos_2_erratic_features_plus_external,erratic,2025-05-01,09409M08006000,105.0,108.62401580810547,3.6240158081054688
chronos_2_erratic_features_plus_external,erratic,2025-05-01,09409M10L04000,12.0,31.585166931152344,19.585166931152344
chronos_2_erratic_features_plus_external,erratic,2025-05-01,11610M53M00000,4.0,3.818800449371338,0.1811995506286621
chronos_2_erratic_features_plus_external,erratic,2025-05-01,11610M68K03000,4.0,1.0987926721572876,2.9012073278427124
chronos_2_erratic_features_plus_external,erratic,2025-05-01,11620M53M00000,1.0,2.067610025405884,1.0676100254058838
chronos_2_erratic_features_plus_external,erratic,2025-05-01,11710M53M00000,0.0,2.3315765857696533,2.3315765857696533
chronos_2_erratic_features_plus_external,erratic,2025-05-01,17100M62S00000,2.0,1.8813426494598389,0.11865735054016113
chronos_2_erratic_features_plus_external,erratic,2025-05-01,17213M76M00000,5.0,2.4670417308807373,2.5329582691192627
chronos_2_erratic_features_plus_external,erratic,2025-05-01,17214M76M10000,1.0,1.2306784391403198,0.23067843914031982
chronos_2_erratic_features_plus_external,erratic,2025-05-01,17700M53M20000,1.0,2.4763574600219727,1.4763574600219727
chronos_2_erratic_features_plus_external,erratic,2025-05-01,17700M76M10000,0.0,2.0282511711120605,2.0282511711120605
chronos_2_erratic_features_plus_external,erratic,2025-05-01,17700M83P00000,3.0,3.122307062149048,0.12230706214904785
chronos_2_erratic_features_plus_external,erratic,2025-05-01,3512065J32000,1.0,4.8258771896362305,3.8258771896362305
chronos_2_erratic_features_plus_external,erratic,2025-05-01,3512071L20000,5.0,1.1656765937805176,3.8343234062194824
chronos_2_erratic_features_plus_external,erratic,2025-05-01,35120M68K20000,3.0,0.9610594511032104,2.0389405488967896
chronos_2_erratic_features_plus_external,erratic,2025-05-01,35121M53MB0000,6.0,3.709883451461792,2.290116548538208
chronos_2_erratic_features_plus_external,erratic,2025-05-01,35121M60M10000,0.0,0.15002202987670898,0.15002202987670898
chronos_2_erratic_features_plus_external,erratic,2025-05-01,35121M62S30000,3.0,8.181714057922363,5.181714057922363
chronos_2_erratic_features_plus_external,erratic,2025-05-01,35121M67P10000,6.0,0.9757020473480225,5.0242979526519775
chronos_2_erratic_features_plus_external,erratic,2025-05-01,35121M74L01000,9.0,4.141901016235352,4.858098983764648
chronos_2_erratic_features_plus_external,erratic,2025-05-01,35121M76M50000,6.0,4.584155082702637,1.4158449172973633
chronos_2_erratic_features_plus_external,erratic,2025-05-01,35153M59K10000,1.0,0.6657628417015076,0.33423715829849243
chronos_2_erratic_features_plus_external,erratic,2025-05-01,35300M74TB1000,0.0,1.2267874479293823,1.2267874479293823
chronos_2_erratic_features_plus_external,erratic,2025-05-01,3532064J31000,1.0,1.2973847389221191,0.29738473892211914
chronos_2_erratic_features_plus_external,erratic,2025-05-01,3532065J32000,4.0,0.9103069305419922,3.089693069458008
chronos_2_erratic_features_plus_external,erratic,2025-05-01,3532071L20000,1.0,1.2665008306503296,0.2665008306503296
chronos_2_erratic_features_plus_external,erratic,2025-05-01,3532079P30000,1.0,2.319673776626587,1.319673776626587
chronos_2_erratic_features_plus_external,erratic,2025-05-01,35321M53MB0000,2.0,3.729527473449707,1.729527473449707
chronos_2_erratic_features_plus_external,erratic,2025-05-01,35321M55T53000,7.0,4.810079097747803,2.1899209022521973
chronos_2_erratic_features_plus_external,erratic,2025-05-01,35321M67P10000,1.0,1.3944073915481567,0.39440739154815674
chronos_2_erratic_features_plus_external,erratic,2025-05-01,35321M68K21000,1.0,1.2585612535476685,0.25856125354766846
chronos_2_erratic_features_plus_external,erratic,2025-05-01,35321M74L01000,9.0,3.3340935707092285,5.6659064292907715
chronos_2_erratic_features_plus_external,erratic,2025-05-01,35321M76M50000,5.0,3.7064175605773926,1.2935824394226074
chronos_2_erratic_features_plus_external,erratic,2025-05-01,3550054P01000,2.0,1.010900855064392,0.9890991449356079
chronos_2_erratic_features_plus_external,erratic,2025-05-01,35501M67P00000,0.0,0.8225002288818359,0.8225002288818359
chronos_2_erratic_features_plus_external,erratic,2025-05-01,3565064J21000,0.0,1.2462958097457886,1.2462958097457886
chronos_2_erratic_features_plus_external,erratic,2025-05-01,3565065J21000,1.0,2.89772367477417,1.89772367477417
chronos_2_erratic_features_plus_external,erratic,2025-05-01,3565077R00000,2.0,2.294262409210205,0.2942624092102051
chronos_2_erratic_features_plus_external,erratic,2025-05-01,3565079P00000,0.0,0.8627364039421082,0.8627364039421082
chronos_2_erratic_features_plus_external,erratic,2025-05-01,35650M53M00000,0.0,4.355132102966309,4.355132102966309
chronos_2_erratic_features_plus_external,erratic,2025-05-01,35650M66L00000,0.0,0.0,0.0
chronos_2_erratic_features_plus_external,erratic,2025-05-01,35650M67P00000,7.0,2.2032408714294434,4.796759128570557
chronos_2_erratic_features_plus_external,erratic,2025-05-01,35650M74L00000,3.0,7.3199310302734375,4.3199310302734375
chronos_2_erratic_features_plus_external,erratic,2025-05-01,35650M75T00000,2.0,0.0,2.0
chronos_2_erratic_features_plus_external,erratic,2025-05-01,35651M68K00000,2.0,0.9265909194946289,1.073409080505371
chronos_2_erratic_features_plus_external,erratic,2025-05-01,35651M75L00000,4.0,0.4946705102920532,3.5053294897079468
chronos_2_erratic_features_plus_external,erratic,2025-05-01,35651M76M00000,1.0,2.71962571144104,1.71962571144104
chronos_2_erratic_features_plus_external,erratic,2025-05-01,3567060K00000,1.0,3.5044796466827393,2.5044796466827393
chronos_2_erratic_features_plus_external,erratic,2025-05-01,3567061M10000,2.0,2.558023691177368,0.5580236911773682
chronos_2_erratic_features_plus_external,erratic,2025-05-01,3567064J20000,2.0,1.8881609439849854,0.11183905601501465
chronos_2_erratic_features_plus_external,erratic,2025-05-01,3567071L00000,2.0,2.7781760692596436,0.7781760692596436
chronos_2_erratic_features_plus_external,erratic,2025-05-01,3567079P00000,0.0,1.233532190322876,1.233532190322876
chronos_2_erratic_features_plus_external,erratic,2025-05-01,35670M74L00000,2.0,5.5051422119140625,3.5051422119140625
chronos_2_erratic_features_plus_external,erratic,2025-05-01,35671M68K00000,2.0,1.2465593814849854,0.7534406185150146
chronos_2_erratic_features_plus_external,erratic,2025-05-01,35671M75L00000,1.0,0.6766774654388428,0.3233225345611572
chronos_2_erratic_features_plus_external,erratic,2025-05-01,35750M53M00000,0.0,1.880171298980713,1.880171298980713
chronos_2_erratic_features_plus_external,erratic,2025-05-01,35750M66L00000,0.0,0.0,0.0
chronos_2_erratic_features_plus_external,erratic,2025-05-01,35750M67P00000,2.0,3.8705806732177734,1.8705806732177734
chronos_2_erratic_features_plus_external,erratic,2025-05-01,35750M75T00000,3.0,0.0,3.0
chronos_2_erratic_features_plus_external,erratic,2025-05-01,3591075F12000,0.0,0.4412292242050171,0.4412292242050171
chronos_2_erratic_features_plus_external,erratic,2025-05-01,36250M74T15000,2.0,1.6290791034698486,0.37092089653015137
chronos_2_erratic_features_plus_external,erratic,2025-05-01,3625479P01000,0.0,1.2815649509429932,1.2815649509429932
chronos_2_erratic_features_plus_external,erratic,2025-05-01,3625486R20000,2.0,0.4347922205924988,1.5652077794075012
chronos_2_erratic_features_plus_external,erratic,2025-05-01,36410M67K00000,6.0,2.068070650100708,3.931929349899292
chronos_2_erratic_features_plus_external,erratic,2025-05-01,38450M68K00000,1.0,0.043276309967041016,0.956723690032959
chronos_2_erratic_features_plus_external,erratic,2025-05-01,38450M74L10000,4.0,0.0,4.0
chronos_2_erratic_features_plus_external,erratic,2025-05-01,38450M76M00000,5.0,1.5124337673187256,3.4875662326812744
chronos_2_erratic_features_plus_external,erratic,2025-05-01,38453M75000000,1.0,1.3741453886032104,0.37414538860321045
chronos_2_erratic_features_plus_external,erratic,2025-05-01,3925164J00000,3.0,2.529235363006592,0.4707646369934082
chronos_2_erratic_features_plus_external,erratic,2025-05-01,3932152R00000,1.0,0.9342854022979736,0.06571459770202637
chronos_2_erratic_features_plus_external,erratic,2025-05-01,39321M62S10000,2.0,3.0603702068328857,1.0603702068328857
chronos_2_erratic_features_plus_external,erratic,2025-05-01,3932252R00000,1.0,0.9972206354141235,0.002779364585876465
chronos_2_erratic_features_plus_external,erratic,2025-05-01,41710M74L00000,0.0,0.10015654563903809,0.10015654563903809
chronos_2_erratic_features_plus_external,erratic,2025-05-01,4243163J10000,12.0,17.526416778564453,5.526416778564453
chronos_2_erratic_features_plus_external,erratic,2025-05-01,4321078R010BK,1.0,2.021746873855591,1.0217468738555908
chronos_2_erratic_features_plus_external,erratic,2025-05-01,43210M55T5027N,4.0,1.6111854314804077,2.3888145685195923
chronos_2_erratic_features_plus_external,erratic,2025-05-01,43210M55T60QC8,9.0,4.862317085266113,4.137682914733887
chronos_2_erratic_features_plus_external,erratic,2025-05-01,43210M68P1009L,1.0,1.670526146888733,0.6705261468887329
chronos_2_erratic_features_plus_external,erratic,2025-05-01,43210M68P60ZMQ,7.0,3.0717153549194336,3.9282846450805664
chronos_2_erratic_features_plus_external,erratic,2025-05-01,43210M75T60QC8,0.0,0.0,0.0
chronos_2_erratic_features_plus_external,erratic,2025-05-01,43210M79G5309L,7.0,1.5005645751953125,5.4994354248046875
chronos_2_erratic_features_plus_external,erratic,2025-05-01,43250M62S0027N,8.0,9.379043579101562,1.3790435791015625
chronos_2_erratic_features_plus_external,erratic,2025-05-01,43250M67K0027N,5.0,12.023884773254395,7.0238847732543945
chronos_2_erratic_features_plus_external,erratic,2025-05-01,43250M75T0027N,3.0,0.0,3.0
chronos_2_erratic_features_plus_external,erratic,2025-05-01,43250M81R1027N,1.0,0.7685942053794861,0.23140579462051392
chronos_2_erratic_features_plus_external,erratic,2025-05-01,43250M83P0027N,3.0,2.943558931350708,0.05644106864929199
chronos_2_erratic_features_plus_external,erratic,2025-05-01,4325283S000PG,6.0,1.8348767757415771,4.165123224258423
chronos_2_erratic_features_plus_external,erratic,2025-05-01,43252M67L00AQY,2.0,0.9193058013916016,1.0806941986083984
chronos_2_erratic_features_plus_external,erratic,2025-05-01,48150M68P10C48,1.0,1.095678448677063,0.09567844867706299
chronos_2_erratic_features_plus_external,erratic,2025-05-01,5730065811000,4.0,3.231627941131592,0.7683720588684082
chronos_2_erratic_features_plus_external,erratic,2025-05-01,57300M53M00000,2.0,0.467646062374115,1.532353937625885
chronos_2_erratic_features_plus_external,erratic,2025-05-01,57300M67P00000,2.0,1.946642279624939,0.053357720375061035
chronos_2_erratic_features_plus_external,erratic,2025-05-01,57300M74L00000,7.0,2.4956929683685303,4.50430703163147
chronos_2_erratic_features_plus_external,erratic,2025-05-01,57300M76M00000,4.0,1.8784260749816895,2.1215739250183105
chronos_2_erratic_features_plus_external,erratic,2025-05-01,57410M62S00000,2.0,2.144665479660034,0.14466547966003418
chronos_2_erratic_features_plus_external,erratic,2025-05-01,57410M74L00000,4.0,1.0411417484283447,2.9588582515716553
chronos_2_erratic_features_plus_external,erratic,2025-05-01,57410M76M00000,1.0,2.430154800415039,1.430154800415039
chronos_2_erratic_features_plus_external,erratic,2025-05-01,57410M79G00000,1.0,0.5522329211235046,0.44776707887649536
chronos_2_erratic_features_plus_external,erratic,2025-05-01,5742054P00000,1.0,1.3254668712615967,0.3254668712615967
chronos_2_erratic_features_plus_external,erratic,2025-05-01,57420M62S00000,3.0,1.4257296323776245,1.5742703676223755
chronos_2_erratic_features_plus_external,erratic,2025-05-01,57420M67P00000,0.0,0.7317010164260864,0.7317010164260864
chronos_2_erratic_features_plus_external,erratic,2025-05-01,57420M74L00000,3.0,1.956317663192749,1.043682336807251
chronos_2_erratic_features_plus_external,erratic,2025-05-01,57420M76M00000,1.0,2.430154800415039,1.430154800415039
chronos_2_erratic_features_plus_external,erratic,2025-05-01,57420M79G00000,1.0,0.6294924020767212,0.3705075979232788
chronos_2_erratic_features_plus_external,erratic,2025-05-01,5761065J10000,8.0,2.9657578468322754,5.034242153167725
chronos_2_erratic_features_plus_external,erratic,2025-05-01,5761154P00000,2.0,0.588919997215271,1.411080002784729
chronos_2_erratic_features_plus_external,erratic,2025-05-01,57611M53M00000,1.0,0.1653096079826355,0.8346903920173645
chronos_2_erratic_features_plus_external,erratic,2025-05-01,57611M55T00000,8.0,13.749593734741211,5.749593734741211
chronos_2_erratic_features_plus_external,erratic,2025-05-01,57611M67P01000,5.0,2.3432421684265137,2.6567578315734863
chronos_2_erratic_features_plus_external,erratic,2025-05-01,57611M75T10000,2.0,1.5,0.5
chronos_2_erratic_features_plus_external,erratic,2025-05-01,5771065J10000,4.0,1.1540557146072388,2.8459442853927612
chronos_2_erratic_features_plus_external,erratic,2025-05-01,57711M53M00000,3.0,1.153494954109192,1.846505045890808
chronos_2_erratic_features_plus_external,erratic,2025-05-01,57711M67P01000,0.0,2.0243659019470215,2.0243659019470215
chronos_2_erratic_features_plus_external,erratic,2025-05-01,57711M68K10000,4.0,2.2240138053894043,1.7759861946105957
chronos_2_erratic_features_plus_external,erratic,2025-05-01,57711M71P00000,1.0,1.033319115638733,0.03331911563873291
chronos_2_erratic_features_plus_external,erratic,2025-05-01,57711M75T10000,1.0,0.0,1.0
chronos_2_erratic_features_plus_external,erratic,2025-05-01,57711M76M00000,1.0,2.1597774028778076,1.1597774028778076
chronos_2_erratic_features_plus_external,erratic,2025-05-01,58121M53M00000,0.0,1.1094032526016235,1.1094032526016235
chronos_2_erratic_features_plus_external,erratic,2025-05-01,58200M80T00000,5.0,1.6946061849594116,3.3053938150405884
chronos_2_erratic_features_plus_external,erratic,2025-05-01,5823052R00000,1.0,0.9464855790138245,0.05351442098617554
chronos_2_erratic_features_plus_external,erratic,2025-05-01,58230M53M00000,0.0,0.7846086025238037,0.7846086025238037
chronos_2_erratic_features_plus_external,erratic,2025-05-01,58230M62S00000,3.0,1.6865545511245728,1.3134454488754272
chronos_2_erratic_features_plus_external,erratic,2025-05-01,58230M68K01000,0.0,0.6420656442642212,0.6420656442642212
chronos_2_erratic_features_plus_external,erratic,2025-05-01,5826077K00000,2.0,2.156757354736328,0.15675735473632812
chronos_2_erratic_features_plus_external,erratic,2025-05-01,58270M68K00000,2.0,2.847684144973755,0.8476841449737549
chronos_2_erratic_features_plus_external,erratic,2025-05-01,58270M76M01000,2.0,2.4569742679595947,0.4569742679595947
chronos_2_erratic_features_plus_external,erratic,2025-05-01,58280M68K00000,0.0,1.4830234050750732,1.4830234050750732
chronos_2_erratic_features_plus_external,erratic,2025-05-01,58811M78R00000,2.0,0.0728713870048523,1.9271286129951477
chronos_2_erratic_features_plus_external,erratic,2025-05-01,65500M55T10000,5.0,3.5590498447418213,1.4409501552581787
chronos_2_erratic_features_plus_external,erratic,2025-05-01,65561M74L00000,2.0,1.366503119468689,0.633496880531311
chronos_2_erratic_features_plus_external,erratic,2025-05-01,68001M55T20000,9.0,1.9120204448699951,7.087979555130005
chronos_2_erratic_features_plus_external,erratic,2025-05-01,68001M62S12000,7.0,1.269525408744812,5.730474591255188
chronos_2_erratic_features_plus_external,erratic,2025-05-01,68002M55T20000,14.0,1.1883612871170044,12.811638712882996
chronos_2_erratic_features_plus_external,erratic,2025-05-01,69100M53M00000,0.0,2.819352865219116,2.819352865219116
chronos_2_erratic_features_plus_external,erratic,2025-05-01,69100M67P10000,1.0,0.9828712940216064,0.017128705978393555
chronos_2_erratic_features_plus_external,erratic,2025-05-01,71079M74T00000,1.0,0.7124720811843872,0.2875279188156128
chronos_2_erratic_features_plus_external,erratic,2025-05-01,7171064R00ZQ4,2.0,4.377695560455322,2.3776955604553223
chronos_2_erratic_features_plus_external,erratic,2025-05-01,7171154L10799,0.0,0.6019046306610107,0.6019046306610107
chronos_2_erratic_features_plus_external,erratic,2025-05-01,7171161P00799,2.0,0.604867696762085,1.395132303237915
chronos_2_erratic_features_plus_external,erratic,2025-05-01,7171178R015PK,3.0,2.5638225078582764,0.43617749214172363
chronos_2_erratic_features_plus_external,erratic,2025-05-01,7171179P00799,3.0,1.6983718872070312,1.3016281127929688
chronos_2_erratic_features_plus_external,erratic,2025-05-01,71711M53MA05PK,0.0,0.4059755802154541,0.4059755802154541
chronos_2_erratic_features_plus_external,erratic,2025-05-01,71711M53MA0799,2.0,0.49956613779067993,1.50043386220932
chronos_2_erratic_features_plus_external,erratic,2025-05-01,71711M53MB05PK,1.0,0.9415625333786011,0.058437466621398926
chronos_2_erratic_features_plus_external,erratic,2025-05-01,71711M56R00799,8.0,4.26754093170166,3.73245906829834
chronos_2_erratic_features_plus_external,erratic,2025-05-01,71711M62S005PK,10.0,11.415092468261719,1.4150924682617188
chronos_2_erratic_features_plus_external,erratic,2025-05-01,71711M66L005PK,1.0,0.48524391651153564,0.5147560834884644
chronos_2_erratic_features_plus_external,erratic,2025-05-01,71711M67P00799,3.0,1.8398975133895874,1.1601024866104126
chronos_2_erratic_features_plus_external,erratic,2025-05-01,71711M68K00799,5.0,1.6965911388397217,3.3034088611602783
chronos_2_erratic_features_plus_external,erratic,2025-05-01,71711M73T115PK,4.0,3.612186908721924,0.38781309127807617
chronos_2_erratic_features_plus_external,erratic,2025-05-01,71711M74L00799,4.0,3.71042799949646,0.28957200050354004
chronos_2_erratic_features_plus_external,erratic,2025-05-01,71711M75L00799,4.0,0.8140749931335449,3.185925006866455
chronos_2_erratic_features_plus_external,erratic,2025-05-01,71711M76M10799,3.0,1.904521107673645,1.095478892326355
chronos_2_erratic_features_plus_external,erratic,2025-05-01,71711M76T00N49,4.0,2.726811408996582,1.273188591003418
chronos_2_erratic_features_plus_external,erratic,2025-05-01,71711M79M00799,1.0,2.975574493408203,1.9755744934082031
chronos_2_erratic_features_plus_external,erratic,2025-05-01,71712M54T00000,13.0,3.0435032844543457,9.956496715545654
chronos_2_erratic_features_plus_external,erratic,2025-05-01,71712M55T00000,5.0,8.800801277160645,3.8008012771606445
chronos_2_erratic_features_plus_external,erratic,2025-05-01,71712M56R00000,2.0,1.764009714126587,0.23599028587341309
chronos_2_erratic_features_plus_external,erratic,2025-05-01,71712M79M00000,1.0,0.03773927688598633,0.9622607231140137
chronos_2_erratic_features_plus_external,erratic,2025-05-01,71720M76M005PK,2.0,0.8354676961898804,1.1645323038101196
chronos_2_erratic_features_plus_external,erratic,2025-05-01,7172160K005PK,0.0,2.1398372650146484,2.1398372650146484
chronos_2_erratic_features_plus_external,erratic,2025-05-01,7172161P005PK,6.0,4.27235746383667,1.72764253616333
chronos_2_erratic_features_plus_external,erratic,2025-05-01,7172177MJ05PK,4.0,0.7103846669197083,3.2896153330802917
chronos_2_erratic_features_plus_external,erratic,2025-05-01,7172179P005PK,2.0,1.9166768789291382,0.08332312107086182
chronos_2_erratic_features_plus_external,erratic,2025-05-01,7172186R105PK,1.0,2.1403136253356934,1.1403136253356934
chronos_2_erratic_features_plus_external,erratic,2025-05-01,71721M56R005PK,8.0,3.7796578407287598,4.22034215927124
chronos_2_erratic_features_plus_external,erratic,2025-05-01,71721M60MA05PK,0.0,3.1575839519500732,3.1575839519500732
chronos_2_erratic_features_plus_external,erratic,2025-05-01,71721M74T005PK,7.0,4.363635063171387,2.6363649368286133
chronos_2_erratic_features_plus_external,erratic,2025-05-01,71721M75L005PK,2.0,0.41844940185546875,1.5815505981445312
chronos_2_erratic_features_plus_external,erratic,2025-05-01,71721M75T005PK,4.0,1.0,3.0
chronos_2_erratic_features_plus_external,erratic,2025-05-01,71721M78R005PK,1.0,1.6221301555633545,0.6221301555633545
chronos_2_erratic_features_plus_external,erratic,2025-05-01,71721M84P005PK,1.0,0.973127543926239,0.026872456073760986
chronos_2_erratic_features_plus_external,erratic,2025-05-01,7173154GA0000,2.0,1.4752659797668457,0.5247340202331543
chronos_2_erratic_features_plus_external,erratic,2025-05-01,7173163J20000,1.0,1.3473247289657593,0.3473247289657593
chronos_2_erratic_features_plus_external,erratic,2025-05-01,7173171L00000,7.0,3.6194498538970947,3.3805501461029053
chronos_2_erratic_features_plus_external,erratic,2025-05-01,71731M53M00000,7.0,1.7573031187057495,5.2426968812942505
chronos_2_erratic_features_plus_external,erratic,2025-05-01,71731M53MB0000,1.0,3.4019508361816406,2.4019508361816406
chronos_2_erratic_features_plus_external,erratic,2025-05-01,71731M66L005PK,0.0,0.9851430654525757,0.9851430654525757
chronos_2_erratic_features_plus_external,erratic,2025-05-01,71731M67P00000,3.0,3.720684051513672,0.7206840515136719
chronos_2_erratic_features_plus_external,erratic,2025-05-01,71731M68K00000,5.0,4.134683609008789,0.8653163909912109
chronos_2_erratic_features_plus_external,erratic,2025-05-01,7173262R00000,0.0,1.1477452516555786,1.1477452516555786
chronos_2_erratic_features_plus_external,erratic,2025-05-01,7173263J20000,1.0,0.8985016345977783,0.10149836540222168
chronos_2_erratic_features_plus_external,erratic,2025-05-01,7173271L00000,5.0,4.858035564422607,0.14196443557739258
chronos_2_erratic_features_plus_external,erratic,2025-05-01,71732M53M00000,6.0,3.3353428840637207,2.6646571159362793
chronos_2_erratic_features_plus_external,erratic,2025-05-01,71732M66L005PK,1.0,0.3870069980621338,0.6129930019378662
chronos_2_erratic_features_plus_external,erratic,2025-05-01,71732M67P00000,3.0,2.431455373764038,0.5685446262359619
chronos_2_erratic_features_plus_external,erratic,2025-05-01,71732M68K00000,6.0,5.05914306640625,0.94085693359375
chronos_2_erratic_features_plus_external,erratic,2025-05-01,71732M74T00000,1.0,1.5526223182678223,0.5526223182678223
chronos_2_erratic_features_plus_external,erratic,2025-05-01,71733M55T00000,5.0,6.778833866119385,1.7788338661193848
chronos_2_erratic_features_plus_external,erratic,2025-05-01,71733M74L00000,2.0,0.42384403944015503,1.576155960559845
chronos_2_erratic_features_plus_external,erratic,2025-05-01,71734M55T00000,1.0,6.976034164428711,5.976034164428711
chronos_2_erratic_features_plus_external,erratic,2025-05-01,71734M68L00000,4.0,0.4837602972984314,3.5162397027015686
chronos_2_erratic_features_plus_external,erratic,2025-05-01,71734M74T00000,0.0,1.0485596656799316,1.0485596656799316
chronos_2_erratic_features_plus_external,erratic,2025-05-01,7174054L10D2W,0.0,0.7779242992401123,0.7779242992401123
chronos_2_erratic_features_plus_external,erratic,2025-05-01,7174073R10CUG,3.0,1.091839075088501,1.908160924911499
chronos_2_erratic_features_plus_external,erratic,2025-05-01,7174079P00C48,3.0,1.4158520698547363,1.5841479301452637
chronos_2_erratic_features_plus_external,erratic,2025-05-01,7174079S00C48,6.0,3.326277256011963,2.673722743988037
chronos_2_erratic_features_plus_external,erratic,2025-05-01,71740M55T10C48,6.0,16.36126136779785,10.361261367797852
chronos_2_erratic_features_plus_external,erratic,2025-05-01,71740M56R00C48,11.0,7.435298442840576,3.564701557159424
chronos_2_erratic_features_plus_external,erratic,2025-05-01,71740M68T00C48,41.0,28.62117576599121,12.378824234008789
chronos_2_erratic_features_plus_external,erratic,2025-05-01,71740M76MA0C48,8.0,10.335131645202637,2.3351316452026367
chronos_2_erratic_features_plus_external,erratic,2025-05-01,71740M76T10KDJ,2.0,4.07280969619751,2.0728096961975098
chronos_2_erratic_features_plus_external,erratic,2025-05-01,71740M81R00C48,1.0,1.1796655654907227,0.17966556549072266
chronos_2_erratic_features_plus_external,erratic,2025-05-01,7174160P005PK,4.0,1.5303326845169067,2.4696673154830933
chronos_2_erratic_features_plus_external,erratic,2025-05-01,71741M53M005PK,0.0,0.1325221061706543,0.1325221061706543
chronos_2_erratic_features_plus_external,erratic,2025-05-01,71741M53MA05PK,3.0,1.1756367683410645,1.8243632316589355
chronos_2_erratic_features_plus_external,erratic,2025-05-01,71741M74L005PK,2.0,1.3888338804244995,0.6111661195755005
chronos_2_erratic_features_plus_external,erratic,2025-05-01,71741M75L005PK,1.0,1.3077752590179443,0.30777525901794434
chronos_2_erratic_features_plus_external,erratic,2025-05-01,71741M75T00W9K,2.0,1.0,1.0
chronos_2_erratic_features_plus_external,erratic,2025-05-01,71741M76M105PK,1.0,2.415306568145752,1.415306568145752
chronos_2_erratic_features_plus_external,erratic,2025-05-01,71741M83P005PK,8.0,5.744841575622559,2.2551584243774414
chronos_2_erratic_features_plus_external,erratic,2025-05-01,71743M76M100PG,1.0,1.4314274787902832,0.4314274787902832
chronos_2_erratic_features_plus_external,erratic,2025-05-01,71744M76M100PG,1.0,0.13319718837738037,0.8668028116226196
chronos_2_erratic_features_plus_external,erratic,2025-05-01,7175172S205PK,2.0,1.3108856678009033,0.6891143321990967
chronos_2_erratic_features_plus_external,erratic,2025-05-01,7175186R000PG,7.0,3.641085386276245,3.358914613723755
chronos_2_erratic_features_plus_external,erratic,2025-05-01,71751M67P105PK,3.0,1.9469501972198486,1.0530498027801514
chronos_2_erratic_features_plus_external,erratic,2025-05-01,71751M83P105PK,3.0,0.570824146270752,2.429175853729248
chronos_2_erratic_features_plus_external,erratic,2025-05-01,71752M54T100PG,1.0,4.040318489074707,3.040318489074707
chronos_2_erratic_features_plus_external,erratic,2025-05-01,71752M83P00PWJ,2.0,0.0,2.0
chronos_2_erratic_features_plus_external,erratic,2025-05-01,7176179P105PK,0.0,2.3299951553344727,2.3299951553344727
chronos_2_erratic_features_plus_external,erratic,2025-05-01,71761M52R105PK,1.0,2.5523321628570557,1.5523321628570557
chronos_2_erratic_features_plus_external,erratic,2025-05-01,71761M67P105PK,2.0,2.281646728515625,0.281646728515625
chronos_2_erratic_features_plus_external,erratic,2025-05-01,71761M68K105PK,3.0,1.4396145343780518,1.5603854656219482
chronos_2_erratic_features_plus_external,erratic,2025-05-01,71761M74T20ZAM,1.0,2.4743189811706543,1.4743189811706543
chronos_2_erratic_features_plus_external,erratic,2025-05-01,71761M76MB0Z2S,1.0,1.8943530321121216,0.8943530321121216
chronos_2_erratic_features_plus_external,erratic,2025-05-01,71761M76MB0ZHJ,0.0,0.7711098194122314,0.7711098194122314
chronos_2_erratic_features_plus_external,erratic,2025-05-01,71762M54T100PG,5.0,0.9565062522888184,4.043493747711182
chronos_2_erratic_features_plus_external,erratic,2025-05-01,7177164R005PK,0.0,2.2604119777679443,2.2604119777679443
chronos_2_erratic_features_plus_external,erratic,2025-05-01,7177171L00000,0.0,0.6363843083381653,0.6363843083381653
chronos_2_erratic_features_plus_external,erratic,2025-05-01,7177186R000PG,3.0,2.3343706130981445,0.6656293869018555
chronos_2_erratic_features_plus_external,erratic,2025-05-01,71771M55T00000,11.0,5.858119010925293,5.141880989074707
chronos_2_erratic_features_plus_external,erratic,2025-05-01,71771M56R100PG,2.0,6.427960395812988,4.427960395812988
chronos_2_erratic_features_plus_external,erratic,2025-05-01,71771M76T00PER,0.0,1.0540919303894043,1.0540919303894043
chronos_2_erratic_features_plus_external,erratic,2025-05-01,71772M55T00000,5.0,3.195774793624878,1.804225206375122
chronos_2_erratic_features_plus_external,erratic,2025-05-01,71782M56R100PG,1.0,1.496992588043213,0.4969925880432129
chronos_2_erratic_features_plus_external,erratic,2025-05-01,71782M66L00000,1.0,1.4864922761917114,0.4864922761917114
chronos_2_erratic_features_plus_external,erratic,2025-05-01,71782M75T00000,1.0,0.0,1.0
chronos_2_erratic_features_plus_external,erratic,2025-05-01,7181179P00799,0.0,4.696793556213379,4.696793556213379
chronos_2_erratic_features_plus_external,erratic,2025-05-01,71811M53M00799,3.0,3.126224994659424,0.12622499465942383
chronos_2_erratic_features_plus_external,erratic,2025-05-01,71811M56R00799,3.0,3.622891902923584,0.622891902923584
chronos_2_erratic_features_plus_external,erratic,2025-05-01,71811M56R10799,2.0,0.801826000213623,1.198173999786377
chronos_2_erratic_features_plus_external,erratic,2025-05-01,71811M66L005PK,1.0,0.9135259985923767,0.08647400140762329
chronos_2_erratic_features_plus_external,erratic,2025-05-01,71811M67P01799,4.0,2.926541805267334,1.073458194732666
chronos_2_erratic_features_plus_external,erratic,2025-05-01,71811M68K00799,5.0,1.222366213798523,3.777633786201477
chronos_2_erratic_features_plus_external,erratic,2025-05-01,71811M68P00799,3.0,2.756903886795044,0.24309611320495605
chronos_2_erratic_features_plus_external,erratic,2025-05-01,71811M74T00799,4.0,4.021568298339844,0.02156829833984375
chronos_2_erratic_features_plus_external,erratic,2025-05-01,71811M75L00799,2.0,1.241631269454956,0.758368730545044
chronos_2_erratic_features_plus_external,erratic,2025-05-01,71811M75T00799,2.0,0.0,2.0
chronos_2_erratic_features_plus_external,erratic,2025-05-01,71811M76M00799,5.0,3.22293758392334,1.7770624160766602
chronos_2_erratic_features_plus_external,erratic,2025-05-01,71811M80T105PK,2.0,1.0630501508712769,0.9369498491287231
chronos_2_erratic_features_plus_external,erratic,2025-05-01,7181365L00000,0.0,0.805255651473999,0.805255651473999
chronos_2_erratic_features_plus_external,erratic,2025-05-01,7182173K10000,3.0,2.8021702766418457,0.1978297233581543
chronos_2_erratic_features_plus_external,erratic,2025-05-01,7182179P00000,5.0,3.600839138031006,1.3991608619689941
chronos_2_erratic_features_plus_external,erratic,2025-05-01,71821M68K00000,3.0,3.85396409034729,0.85396409034729
chronos_2_erratic_features_plus_external,erratic,2025-05-01,71821M75T00000,2.0,0.0,2.0
chronos_2_erratic_features_plus_external,erratic,2025-05-01,71821M79M00000,5.0,1.6736449003219604,3.3263550996780396
chronos_2_erratic_features_plus_external,erratic,2025-05-01,7182273K10000,6.0,2.866168975830078,3.133831024169922
chronos_2_erratic_features_plus_external,erratic,2025-05-01,7182279P00000,2.0,1.7260890007019043,0.2739109992980957
chronos_2_erratic_features_plus_external,erratic,2025-05-01,7182280J00000,1.0,2.085559129714966,1.0855591297149658
chronos_2_erratic_features_plus_external,erratic,2025-05-01,71822M55T00000,20.0,6.365268707275391,13.63473129272461
chronos_2_erratic_features_plus_external,erratic,2025-05-01,71822M68K00000,3.0,2.81003999710083,0.18996000289916992
chronos_2_erratic_features_plus_external,erratic,2025-05-01,71822M75T00000,1.0,0.0,1.0
chronos_2_erratic_features_plus_external,erratic,2025-05-01,71822M79M00000,6.0,0.8121116161346436,5.1878883838653564
chronos_2_erratic_features_plus_external,erratic,2025-05-01,71823M68L00000,4.0,2.4713330268859863,1.5286669731140137
chronos_2_erratic_features_plus_external,erratic,2025-05-01,7187186R000BK,5.0,2.4189653396606445,2.5810346603393555
chronos_2_erratic_features_plus_external,erratic,2025-05-01,72310M68K00000,8.0,1.92881178855896,6.07118821144104
chronos_2_erratic_features_plus_external,erratic,2025-05-01,72312M55R00000,2.0,6.782864570617676,4.782864570617676
chronos_2_erratic_features_plus_external,erratic,2025-05-01,72312M68K00000,17.0,6.329641819000244,10.670358180999756
chronos_2_erratic_features_plus_external,erratic,2025-05-01,7232154P00000,2.0,3.8761801719665527,1.8761801719665527
chronos_2_erratic_features_plus_external,erratic,2025-05-01,7232171L00000,2.0,1.698016881942749,0.301983118057251
chronos_2_erratic_features_plus_external,erratic,2025-05-01,72321M53M00000,5.0,3.6478888988494873,1.3521111011505127
chronos_2_erratic_features_plus_external,erratic,2025-05-01,72321M68K00000,1.0,0.6049385070800781,0.3950614929199219
chronos_2_erratic_features_plus_external,erratic,2025-05-01,72321M74L00000,3.0,3.590973377227783,0.5909733772277832
chronos_2_erratic_features_plus_external,erratic,2025-05-01,72321M76M01000,1.0,1.1649922132492065,0.16499221324920654
chronos_2_erratic_features_plus_external,erratic,2025-05-01,7232271L00000,2.0,2.001652240753174,0.0016522407531738281
chronos_2_erratic_features_plus_external,erratic,2025-05-01,72322M53M00000,5.0,3.442002058029175,1.5579979419708252
chronos_2_erratic_features_plus_external,erratic,2025-05-01,72322M68K00000,5.0,1.3836491107940674,3.6163508892059326
chronos_2_erratic_features_plus_external,erratic,2025-05-01,72322M74L00000,6.0,3.2183656692504883,2.7816343307495117
chronos_2_erratic_features_plus_external,erratic,2025-05-01,72322M76M01000,2.0,0.5028581619262695,1.4971418380737305
chronos_2_erratic_features_plus_external,erratic,2025-05-01,72371M74L105PK,1.0,0.7001421451568604,0.29985785484313965
chronos_2_erratic_features_plus_external,erratic,2025-05-01,72380M62S01000,3.0,1.851755976676941,1.148244023323059
chronos_2_erratic_features_plus_external,erratic,2025-05-01,72398M68K00000,1.0,0.4560243487358093,0.5439756512641907
chronos_2_erratic_features_plus_external,erratic,2025-05-01,72411M74L10000,3.0,0.21725702285766602,2.782742977142334
chronos_2_erratic_features_plus_external,erratic,2025-05-01,72420M80T00000,3.0,0.15542644262313843,2.8445735573768616
chronos_2_erratic_features_plus_external,erratic,2025-05-01,7242252R00000,1.0,1.9818147420883179,0.9818147420883179
chronos_2_erratic_features_plus_external,erratic,2025-05-01,72431M68L00000,4.0,0.347078800201416,3.652921199798584
chronos_2_erratic_features_plus_external,erratic,2025-05-01,72433M56R00000,4.0,3.94301700592041,0.056982994079589844
chronos_2_erratic_features_plus_external,erratic,2025-05-01,72437M68L00000,4.0,0.6220901608467102,3.37790983915329
chronos_2_erratic_features_plus_external,erratic,2025-05-01,7248265J00000,3.0,4.277552604675293,1.277552604675293
chronos_2_erratic_features_plus_external,erratic,2025-05-01,7282165J00Z2S,4.0,3.5539045333862305,0.44609546661376953
chronos_2_erratic_features_plus_external,erratic,2025-05-01,73110M68P50ZCA,1.0,0.3218931555747986,0.6781068444252014
chronos_2_erratic_features_plus_external,erratic,2025-05-01,7343061J00P4Z,0.0,3.8244950771331787,3.8244950771331787
chronos_2_erratic_features_plus_external,erratic,2025-05-01,73430M75J00P4Z,2.0,1.8640937805175781,0.13590621948242188
chronos_2_erratic_features_plus_external,erratic,2025-05-01,73821M62S205PK,1.0,2.1575801372528076,1.1575801372528076
chronos_2_erratic_features_plus_external,erratic,2025-05-01,73821M67P305PK,0.0,1.4662551879882812,1.4662551879882812
chronos_2_erratic_features_plus_external,erratic,2025-05-01,73831M68P005PK,1.0,1.0928891897201538,0.09288918972015381
chronos_2_erratic_features_plus_external,erratic,2025-05-01,74120M66L10000,5.0,0.9861890077590942,4.013810992240906
chronos_2_erratic_features_plus_external,erratic,2025-05-01,74461M79M005PK,0.0,5.4150309562683105,5.4150309562683105
chronos_2_erratic_features_plus_external,erratic,2025-05-01,7619171L005PK,2.0,1.9939457178115845,0.006054282188415527
chronos_2_erratic_features_plus_external,erratic,2025-05-01,7619254P005PK,5.0,3.8334884643554688,1.1665115356445312
chronos_2_erratic_features_plus_external,erratic,2025-05-01,76520M68P10000,1.0,2.800781726837158,1.8007817268371582
chronos_2_erratic_features_plus_external,erratic,2025-05-01,76520M74K01000,4.0,3.917698860168457,0.08230113983154297
chronos_2_erratic_features_plus_external,erratic,2025-05-01,77161M68P00000,1.0,0.8147321939468384,0.18526780605316162
chronos_2_erratic_features_plus_external,erratic,2025-05-01,77210M74T005PK,8.0,2.5110316276550293,5.488968372344971
chronos_2_erratic_features_plus_external,erratic,2025-05-01,7726054P005PK,2.0,1.7115097045898438,0.28849029541015625
chronos_2_erratic_features_plus_external,erratic,2025-05-01,7733061M01000,5.0,3.39164137840271,1.60835862159729
chronos_2_erratic_features_plus_external,erratic,2025-05-01,77330M81R00000,10.0,4.136052131652832,5.863947868347168
chronos_2_erratic_features_plus_external,erratic,2025-05-01,7781158J000PG,5.0,1.6094610691070557,3.3905389308929443
chronos_2_erratic_features_plus_external,erratic,2025-05-01,77811M58J000PG,5.0,2.735325574874878,2.264674425125122
chronos_2_erratic_features_plus_external,erratic,2025-05-01,77811M63T000PG,1.0,1.1753267049789429,0.17532670497894287
chronos_2_erratic_features_plus_external,erratic,2025-05-01,7783154GB00PG,5.0,2.0069427490234375,2.9930572509765625
chronos_2_erratic_features_plus_external,erratic,2025-05-01,77831M68L000PG,2.0,1.2336933612823486,0.7663066387176514
chronos_2_erratic_features_plus_external,erratic,2025-05-01,77851M54G000PG,0.0,0.846928596496582,0.846928596496582
chronos_2_erratic_features_plus_external,erratic,2025-05-01,8185061J01000,0.0,2.033872127532959,2.033872127532959
chronos_2_erratic_features_plus_external,erratic,2025-05-01,81850M68K00000,2.0,1.7670600414276123,0.2329399585723877
chronos_2_erratic_features_plus_external,erratic,2025-05-01,81850M68P10000,6.0,1.7065984010696411,4.293401598930359
chronos_2_erratic_features_plus_external,erratic,2025-05-01,8186061J01000,0.0,1.8163714408874512,1.8163714408874512
chronos_2_erratic_features_plus_external,erratic,2025-05-01,81860M68K00000,2.0,1.9755167961120605,0.024483203887939453
chronos_2_erratic_features_plus_external,erratic,2025-05-01,81860M79G20000,1.0,0.6439857482910156,0.3560142517089844
chronos_2_erratic_features_plus_external,erratic,2025-05-01,8212177K00000,1.0,1.3351507186889648,0.33515071868896484
chronos_2_erratic_features_plus_external,erratic,2025-05-01,82801M66L015PK,3.0,5.373122692108154,2.3731226921081543
chronos_2_erratic_features_plus_external,erratic,2025-05-01,82801M68K005PK,5.0,2.9432945251464844,2.0567054748535156
chronos_2_erratic_features_plus_external,erratic,2025-05-01,82802M66L015PK,6.0,6.003940105438232,0.003940105438232422
chronos_2_erratic_features_plus_external,erratic,2025-05-01,82802M68K5026U,3.0,13.098565101623535,10.098565101623535
chronos_2_erratic_features_plus_external,erratic,2025-05-01,82802M81A605PK,1.0,0.4023011326789856,0.5976988673210144
chronos_2_erratic_features_plus_external,erratic,2025-05-01,82850M76M005PK,7.0,1.3242952823638916,5.675704717636108
chronos_2_erratic_features_plus_external,erratic,2025-05-01,8392152R010CE,3.0,1.6183247566223145,1.3816752433776855
chronos_2_erratic_features_plus_external,erratic,2025-05-01,83921M68P000CB,5.0,2.9760684967041016,2.0239315032958984
chronos_2_erratic_features_plus_external,erratic,2025-05-01,83922M55T000CB,1.0,2.067429780960083,1.067429780960083
chronos_2_erratic_features_plus_external,erratic,2025-05-01,8392352R020CE,3.0,1.1984096765518188,1.8015903234481812
chronos_2_erratic_features_plus_external,erratic,2025-05-01,83923M68P000CB,5.0,2.9952502250671387,2.0047497749328613
chronos_2_erratic_features_plus_external,erratic,2025-05-01,83924M55T000CB,4.0,6.139204978942871,2.139204978942871
chronos_2_erratic_features_plus_external,erratic,2025-05-01,83924M62S000CB,0.0,1.5738224983215332,1.5738224983215332
chronos_2_erratic_features_plus_external,erratic,2025-05-01,83924M68P100CB,4.0,2.8246753215789795,1.1753246784210205
chronos_2_erratic_features_plus_external,erratic,2025-05-01,83926M68P000CB,6.0,2.462627410888672,3.537372589111328
chronos_2_erratic_features_plus_external,erratic,2025-05-01,8393061J005PK,2.0,0.17434310913085938,1.8256568908691406
chronos_2_erratic_features_plus_external,erratic,2025-05-01,83932M68P000CB,6.0,2.178476333618164,3.821523666381836
chronos_2_erratic_features_plus_external,erratic,2025-05-01,83940M68P100PG,0.0,1.2222247123718262,1.2222247123718262
chronos_2_erratic_features_plus_external,erratic,2025-05-01,83940M74L10000,4.0,0.8376847505569458,3.162315249443054
chronos_2_erratic_features_plus_external,erratic,2025-05-01,83970M68P00000,0.0,1.1211645603179932,1.1211645603179932
chronos_2_erratic_features_plus_external,erratic,2025-05-01,84051M55T01000,7.0,0.6640034914016724,6.335996508598328
chronos_2_erratic_features_plus_external,erratic,2025-05-01,84051M55T11000,4.0,3.137925624847412,0.8620743751525879
chronos_2_erratic_features_plus_external,erratic,2025-05-01,8450152R02000,0.0,1.512249231338501,1.512249231338501
chronos_2_erratic_features_plus_external,erratic,2025-05-01,84501M55T00000,2.0,0.3936309814453125,1.6063690185546875
chronos_2_erratic_features_plus_external,erratic,2025-05-01,84501M68P00000,0.0,2.5070528984069824,2.5070528984069824
chronos_2_erratic_features_plus_external,erratic,2025-05-01,84502M68P00000,4.0,2.189152479171753,1.810847520828247
chronos_2_erratic_features_plus_external,erratic,2025-05-01,84510M74L01000,1.0,0.8176628351211548,0.18233716487884521
chronos_2_erratic_features_plus_external,erratic,2025-05-01,84511M75T10000,1.0,0.0,1.0
chronos_2_erratic_features_plus_external,erratic,2025-05-01,84511M76M10000,0.0,0.3427051901817322,0.3427051901817322
chronos_2_erratic_features_plus_external,erratic,2025-05-01,8470171LVAZMT,4.0,0.9508011341094971,3.049198865890503
chronos_2_erratic_features_plus_external,erratic,2025-05-01,84701M53M205PK,2.0,3.0734188556671143,1.0734188556671143
chronos_2_erratic_features_plus_external,erratic,2025-05-01,84701M55TB0ZHJ,6.0,2.340902805328369,3.659097194671631
chronos_2_erratic_features_plus_external,erratic,2025-05-01,84701M68P31ZHJ,5.0,2.6928415298461914,2.3071584701538086
chronos_2_erratic_features_plus_external,erratic,2025-05-01,84701M68P515PK,0.0,2.439171552658081,2.439171552658081
chronos_2_erratic_features_plus_external,erratic,2025-05-01,84701M74LC15PK,0.0,1.5242652893066406,1.5242652893066406
chronos_2_erratic_features_plus_external,erratic,2025-05-01,8470261J025PK,3.0,2.1503915786743164,0.8496084213256836
chronos_2_erratic_features_plus_external,erratic,2025-05-01,84702M53M205PK,5.0,3.1945583820343018,1.8054416179656982
chronos_2_erratic_features_plus_external,erratic,2025-05-01,84702M55TB0ZHJ,1.0,3.5963969230651855,2.5963969230651855
chronos_2_erratic_features_plus_external,erratic,2025-05-01,84702M56R92ZHJ,2.0,1.719200849533081,0.28079915046691895
chronos_2_erratic_features_plus_external,erratic,2025-05-01,84702M62S20Z4Q,6.0,3.386845111846924,2.613154888153076
chronos_2_erratic_features_plus_external,erratic,2025-05-01,84702M68P31ZHJ,1.0,1.6711512804031372,0.6711512804031372
chronos_2_erratic_features_plus_external,erratic,2025-05-01,84702M68P515PK,3.0,2.4180188179016113,0.5819811820983887
chronos_2_erratic_features_plus_external,erratic,2025-05-01,84702M74LC15PK,2.0,0.16061091423034668,1.8393890857696533
chronos_2_erratic_features_plus_external,erratic,2025-05-01,84702M79G30000,1.0,0.7734198570251465,0.22658014297485352
chronos_2_erratic_features_plus_external,erratic,2025-05-01,84703M79M02000,4.0,6.770451545715332,2.770451545715332
chronos_2_erratic_features_plus_external,erratic,2025-05-01,8471852R20ZVR,1.0,0.8637529611587524,0.13624703884124756
chronos_2_erratic_features_plus_external,erratic,2025-05-01,8472852R20ZVR,0.0,1.2370142936706543,1.2370142936706543
chronos_2_erratic_features_plus_external,erratic,2025-05-01,8472865J00Z2S,2.0,1.470539927482605,0.529460072517395
chronos_2_erratic_features_plus_external,erratic,2025-05-01,8472880J00Z2S,2.0,1.2408448457717896,0.7591551542282104
chronos_2_erratic_features_plus_external,erratic,2025-05-01,84730M67P10000,0.0,2.0948665142059326,2.0948665142059326
chronos_2_erratic_features_plus_external,erratic,2025-05-01,84730M74LC0000,16.0,6.923800468444824,9.076199531555176
chronos_2_erratic_features_plus_external,erratic,2025-05-01,84730M79M00000,12.0,6.506715774536133,5.493284225463867
chronos_2_erratic_features_plus_external,erratic,2025-05-01,8474061M00000,2.0,5.092121601104736,3.0921216011047363
chronos_2_erratic_features_plus_external,erratic,2025-05-01,8474065J00000,6.0,0.7416720390319824,5.258327960968018
chronos_2_erratic_features_plus_external,erratic,2025-05-01,84740M67P10000,1.0,3.1698851585388184,2.1698851585388184
chronos_2_erratic_features_plus_external,erratic,2025-05-01,84740M74LC0000,2.0,3.520037889480591,1.5200378894805908
chronos_2_erratic_features_plus_external,erratic,2025-05-01,84740M74LE0000,3.0,1.4399375915527344,1.5600624084472656
chronos_2_erratic_features_plus_external,erratic,2025-05-01,84740M76M00000,8.0,2.723524570465088,5.276475429534912
chronos_2_erratic_features_plus_external,erratic,2025-05-01,84740M79M00000,13.0,2.8079066276550293,10.19209337234497
chronos_2_erratic_features_plus_external,erratic,2025-05-01,84920M68PB1BHE,2.0,0.3774939775466919,1.622506022453308
chronos_2_erratic_features_plus_external,erratic,2025-05-01,84940M68PC1BHE,3.0,0.21841275691986084,2.781587243080139
chronos_2_erratic_features_plus_external,erratic,2025-05-01,95130M68K00000,1.0,2.8848538398742676,1.8848538398742676
chronos_2_erratic_features_plus_external,erratic,2025-05-01,95310M53T00000,2.0,4.74595308303833,2.74595308303833
chronos_2_erratic_features_plus_external,erratic,2025-05-01,95310M55T00000,6.0,5.816144943237305,0.1838550567626953
chronos_2_erratic_features_plus_external,erratic,2025-05-01,95310M76M00000,0.0,2.9627647399902344,2.9627647399902344
chronos_2_erratic_features_plus_external,erratic,2025-06-01,0911912012000,4.0,57.71428680419922,53.71428680419922
chronos_2_erratic_features_plus_external,erratic,2025-06-01,09140M12040000,13.0,16.455066680908203,3.455066680908203
chronos_2_erratic_features_plus_external,erratic,2025-06-01,0915912057000,0.0,19.878398895263672,19.878398895263672
chronos_2_erratic_features_plus_external,erratic,2025-06-01,09209M09L02000,13.0,6.826271057128906,6.173728942871094
chronos_2_erratic_features_plus_external,erratic,2025-06-01,0924616021000,4.0,1.940779209136963,2.059220790863037
chronos_2_erratic_features_plus_external,erratic,2025-06-01,0928335052000,2.0,1.3781781196594238,0.6218218803405762
chronos_2_erratic_features_plus_external,erratic,2025-06-01,0928348007000,5.0,4.484847068786621,0.5151529312133789
chronos_2_erratic_features_plus_external,erratic,2025-06-01,0940907340000,60.0,45.24103546142578,14.758964538574219
chronos_2_erratic_features_plus_external,erratic,2025-06-01,09409M07355000,52.0,37.896034240722656,14.103965759277344
chronos_2_erratic_features_plus_external,erratic,2025-06-01,09409M08006000,219.0,52.467628479003906,166.5323715209961
chronos_2_erratic_features_plus_external,erratic,2025-06-01,09409M10L04000,100.0,3.2882843017578125,96.71171569824219
chronos_2_erratic_features_plus_external,erratic,2025-06-01,11610M53M00000,2.0,3.3629183769226074,1.3629183769226074
chronos_2_erratic_features_plus_external,erratic,2025-06-01,11610M68K03000,0.0,1.5064892768859863,1.5064892768859863
chronos_2_erratic_features_plus_external,erratic,2025-06-01,11620M53M00000,1.0,1.6551941633224487,0.6551941633224487
chronos_2_erratic_features_plus_external,erratic,2025-06-01,11710M53M00000,2.0,3.186241388320923,1.1862413883209229
chronos_2_erratic_features_plus_external,erratic,2025-06-01,17100M62S00000,1.0,1.6326688528060913,0.6326688528060913
chronos_2_erratic_features_plus_external,erratic,2025-06-01,17213M76M00000,1.0,1.0295523405075073,0.029552340507507324
chronos_2_erratic_features_plus_external,erratic,2025-06-01,17214M76M10000,0.0,1.053252100944519,1.053252100944519
chronos_2_erratic_features_plus_external,erratic,2025-06-01,17700M53M20000,1.0,3.8314220905303955,2.8314220905303955
chronos_2_erratic_features_plus_external,erratic,2025-06-01,17700M76M10000,2.0,1.3803277015686035,0.6196722984313965
chronos_2_erratic_features_plus_external,erratic,2025-06-01,17700M83P00000,1.0,1.9971669912338257,0.9971669912338257
chronos_2_erratic_features_plus_external,erratic,2025-06-01,3512065J32000,2.0,3.6277270317077637,1.6277270317077637
chronos_2_erratic_features_plus_external,erratic,2025-06-01,3512071L20000,2.0,1.4696534872055054,0.5303465127944946
chronos_2_erratic_features_plus_external,erratic,2025-06-01,35120M68K20000,3.0,0.9634440541267395,2.0365559458732605
chronos_2_erratic_features_plus_external,erratic,2025-06-01,35121M53MB0000,0.0,2.4669439792633057,2.4669439792633057
chronos_2_erratic_features_plus_external,erratic,2025-06-01,35121M60M10000,0.0,0.7372608184814453,0.7372608184814453
chronos_2_erratic_features_plus_external,erratic,2025-06-01,35121M62S30000,3.0,6.390074729919434,3.3900747299194336
chronos_2_erratic_features_plus_external,erratic,2025-06-01,35121M67P10000,0.0,1.048218011856079,1.048218011856079
chronos_2_erratic_features_plus_external,erratic,2025-06-01,35121M74L01000,5.0,4.90690803527832,0.09309196472167969
chronos_2_erratic_features_plus_external,erratic,2025-06-01,35121M76M50000,7.0,4.021923542022705,2.978076457977295
chronos_2_erratic_features_plus_external,erratic,2025-06-01,35153M59K10000,16.0,0.3100917339324951,15.689908266067505
chronos_2_erratic_features_plus_external,erratic,2025-06-01,35300M74TB1000,3.0,0.3602217435836792,2.639778256416321
chronos_2_erratic_features_plus_external,erratic,2025-06-01,3532064J31000,5.0,1.7911834716796875,3.2088165283203125
chronos_2_erratic_features_plus_external,erratic,2025-06-01,3532065J32000,6.0,2.7486629486083984,3.2513370513916016
chronos_2_erratic_features_plus_external,erratic,2025-06-01,3532071L20000,5.0,2.081955671310425,2.918044328689575
chronos_2_erratic_features_plus_external,erratic,2025-06-01,3532079P30000,1.0,2.8791592121124268,1.8791592121124268
chronos_2_erratic_features_plus_external,erratic,2025-06-01,35321M53MB0000,4.0,3.2551584243774414,0.7448415756225586
chronos_2_erratic_features_plus_external,erratic,2025-06-01,35321M55T53000,7.0,8.119731903076172,1.1197319030761719
chronos_2_erratic_features_plus_external,erratic,2025-06-01,35321M67P10000,2.0,1.5248732566833496,0.4751267433166504
chronos_2_erratic_features_plus_external,erratic,2025-06-01,35321M68K21000,2.0,1.2463184595108032,0.7536815404891968
chronos_2_erratic_features_plus_external,erratic,2025-06-01,35321M74L01000,3.0,3.277318000793457,0.27731800079345703
chronos_2_erratic_features_plus_external,erratic,2025-06-01,35321M76M50000,5.0,3.8477349281311035,1.1522650718688965
chronos_2_erratic_features_plus_external,erratic,2025-06-01,3550054P01000,1.0,0.24312925338745117,0.7568707466125488
chronos_2_erratic_features_plus_external,erratic,2025-06-01,35501M67P00000,4.0,1.0120351314544678,2.9879648685455322
chronos_2_erratic_features_plus_external,erratic,2025-06-01,3565064J21000,3.0,1.7755897045135498,1.2244102954864502
chronos_2_erratic_features_plus_external,erratic,2025-06-01,3565065J21000,3.0,3.3065366744995117,0.3065366744995117
chronos_2_erratic_features_plus_external,erratic,2025-06-01,3565077R00000,3.0,1.3562508821487427,1.6437491178512573
chronos_2_erratic_features_plus_external,erratic,2025-06-01,3565079P00000,1.0,0.9597644805908203,0.04023551940917969
chronos_2_erratic_features_plus_external,erratic,2025-06-01,35650M53M00000,3.0,0.8891403675079346,2.1108596324920654
chronos_2_erratic_features_plus_external,erratic,2025-06-01,35650M66L00000,0.0,0.6071875691413879,0.6071875691413879
chronos_2_erratic_features_plus_external,erratic,2025-06-01,35650M67P00000,2.0,2.620713710784912,0.6207137107849121
chronos_2_erratic_features_plus_external,erratic,2025-06-01,35650M74L00000,5.0,3.0227580070495605,1.9772419929504395
chronos_2_erratic_features_plus_external,erratic,2025-06-01,35650M75T00000,2.0,1.0,1.0
chronos_2_erratic_features_plus_external,erratic,2025-06-01,35651M68K00000,1.0,1.0065460205078125,0.0065460205078125
chronos_2_erratic_features_plus_external,erratic,2025-06-01,35651M75L00000,0.0,1.0542417764663696,1.0542417764663696
chronos_2_erratic_features_plus_external,erratic,2025-06-01,35651M76M00000,4.0,1.647168755531311,2.352831244468689
chronos_2_erratic_features_plus_external,erratic,2025-06-01,3567060K00000,2.0,5.535269260406494,3.535269260406494
chronos_2_erratic_features_plus_external,erratic,2025-06-01,3567061M10000,3.0,2.136697769165039,0.8633022308349609
chronos_2_erratic_features_plus_external,erratic,2025-06-01,3567064J20000,1.0,2.3693323135375977,1.3693323135375977
chronos_2_erratic_features_plus_external,erratic,2025-06-01,3567071L00000,3.0,1.4964542388916016,1.5035457611083984
chronos_2_erratic_features_plus_external,erratic,2025-06-01,3567079P00000,0.0,0.5215084552764893,0.5215084552764893
chronos_2_erratic_features_plus_external,erratic,2025-06-01,35670M74L00000,6.0,11.933568954467773,5.933568954467773
chronos_2_erratic_features_plus_external,erratic,2025-06-01,35671M68K00000,2.0,1.033171534538269,0.966828465461731
chronos_2_erratic_features_plus_external,erratic,2025-06-01,35671M75L00000,1.0,0.8362327814102173,0.16376721858978271
chronos_2_erratic_features_plus_external,erratic,2025-06-01,35750M53M00000,4.0,1.7700544595718384,2.2299455404281616
chronos_2_erratic_features_plus_external,erratic,2025-06-01,35750M66L00000,1.0,0.0,1.0
chronos_2_erratic_features_plus_external,erratic,2025-06-01,35750M67P00000,2.0,3.1842331886291504,1.1842331886291504
chronos_2_erratic_features_plus_external,erratic,2025-06-01,35750M75T00000,3.0,1.0,2.0
chronos_2_erratic_features_plus_external,erratic,2025-06-01,3591075F12000,3.0,1.2254620790481567,1.7745379209518433
chronos_2_erratic_features_plus_external,erratic,2025-06-01,36250M74T15000,4.0,3.9264023303985596,0.07359766960144043
chronos_2_erratic_features_plus_external,erratic,2025-06-01,3625479P01000,2.0,2.788853883743286,0.7888538837432861
chronos_2_erratic_features_plus_external,erratic,2025-06-01,3625486R20000,2.0,0.6620728373527527,1.3379271626472473
chronos_2_erratic_features_plus_external,erratic,2025-06-01,36410M67K00000,5.0,3.01132869720459,1.9886713027954102
chronos_2_erratic_features_plus_external,erratic,2025-06-01,38450M68K00000,1.0,0.01948416233062744,0.9805158376693726
chronos_2_erratic_features_plus_external,erratic,2025-06-01,38450M74L10000,3.0,0.7256388664245605,2.2743611335754395
chronos_2_erratic_features_plus_external,erratic,2025-06-01,38450M76M00000,2.0,2.610281229019165,0.610281229019165
chronos_2_erratic_features_plus_external,erratic,2025-06-01,38453M75000000,11.0,2.9483070373535156,8.051692962646484
chronos_2_erratic_features_plus_external,erratic,2025-06-01,3925164J00000,7.0,2.257023811340332,4.742976188659668
chronos_2_erratic_features_plus_external,erratic,2025-06-01,3932152R00000,2.0,0.16245973110198975,1.8375402688980103
chronos_2_erratic_features_plus_external,erratic,2025-06-01,39321M62S10000,3.0,3.4909274578094482,0.49092745780944824
chronos_2_erratic_features_plus_external,erratic,2025-06-01,3932252R00000,2.0,0.3564559817314148,1.6435440182685852
chronos_2_erratic_features_plus_external,erratic,2025-06-01,41710M74L00000,3.0,0.03622889518737793,2.963771104812622
chronos_2_erratic_features_plus_external,erratic,2025-06-01,4243163J10000,33.0,18.666301727294922,14.333698272705078
chronos_2_erratic_features_plus_external,erratic,2025-06-01,4321078R010BK,0.0,1.450783133506775,1.450783133506775
chronos_2_erratic_features_plus_external,erratic,2025-06-01,43210M55T5027N,3.0,3.298811674118042,0.298811674118042
chronos_2_erratic_features_plus_external,erratic,2025-06-01,43210M55T60QC8,6.0,4.537437438964844,1.4625625610351562
chronos_2_erratic_features_plus_external,erratic,2025-06-01,43210M68P1009L,2.0,2.5332322120666504,0.5332322120666504
chronos_2_erratic_features_plus_external,erratic,2025-06-01,43210M68P60ZMQ,5.0,5.909531593322754,0.9095315933227539
chronos_2_erratic_features_plus_external,erratic,2025-06-01,43210M75T60QC8,1.0,3.0,2.0
chronos_2_erratic_features_plus_external,erratic,2025-06-01,43210M79G5309L,0.0,1.7663559913635254,1.7663559913635254
chronos_2_erratic_features_plus_external,erratic,2025-06-01,43250M62S0027N,4.0,10.904603958129883,6.904603958129883
chronos_2_erratic_features_plus_external,erratic,2025-06-01,43250M67K0027N,3.0,9.833669662475586,6.833669662475586
chronos_2_erratic_features_plus_external,erratic,2025-06-01,43250M75T0027N,1.0,1.0,0.0
chronos_2_erratic_features_plus_external,erratic,2025-06-01,43250M81R1027N,2.0,1.6756813526153564,0.32431864738464355
chronos_2_erratic_features_plus_external,erratic,2025-06-01,43250M83P0027N,3.0,4.309508800506592,1.3095088005065918
chronos_2_erratic_features_plus_external,erratic,2025-06-01,4325283S000PG,8.0,1.9226133823394775,6.0773866176605225
chronos_2_erratic_features_plus_external,erratic,2025-06-01,43252M67L00AQY,0.0,2.751143217086792,2.751143217086792
chronos_2_erratic_features_plus_external,erratic,2025-06-01,48150M68P10C48,0.0,0.9791603088378906,0.9791603088378906
chronos_2_erratic_features_plus_external,erratic,2025-06-01,5730065811000,6.0,2.515817642211914,3.484182357788086
chronos_2_erratic_features_plus_external,erratic,2025-06-01,57300M53M00000,1.0,1.3975155353546143,0.39751553535461426
chronos_2_erratic_features_plus_external,erratic,2025-06-01,57300M67P00000,6.0,0.6406887769699097,5.35931122303009
chronos_2_erratic_features_plus_external,erratic,2025-06-01,57300M74L00000,4.0,2.303145408630371,1.696854591369629
chronos_2_erratic_features_plus_external,erratic,2025-06-01,57300M76M00000,5.0,3.1040515899658203,1.8959484100341797
chronos_2_erratic_features_plus_external,erratic,2025-06-01,57410M62S00000,3.0,1.3751143217086792,1.6248856782913208
chronos_2_erratic_features_plus_external,erratic,2025-06-01,57410M74L00000,2.0,1.5085258483886719,0.4914741516113281
chronos_2_erratic_features_plus_external,erratic,2025-06-01,57410M76M00000,1.0,1.4524706602096558,0.45247066020965576
chronos_2_erratic_features_plus_external,erratic,2025-06-01,57410M79G00000,4.0,0.6691290140151978,3.3308709859848022
chronos_2_erratic_features_plus_external,erratic,2025-06-01,5742054P00000,3.0,0.8158321976661682,2.184167802333832
chronos_2_erratic_features_plus_external,erratic,2025-06-01,57420M62S00000,2.0,1.0226982831954956,0.9773017168045044
chronos_2_erratic_features_plus_external,erratic,2025-06-01,57420M67P00000,2.0,0.8671557903289795,1.1328442096710205
chronos_2_erratic_features_plus_external,erratic,2025-06-01,57420M74L00000,1.0,0.7564702033996582,0.2435297966003418
chronos_2_erratic_features_plus_external,erratic,2025-06-01,57420M76M00000,0.0,1.4524706602096558,1.4524706602096558
chronos_2_erratic_features_plus_external,erratic,2025-06-01,57420M79G00000,4.0,0.3261515498161316,3.6738484501838684
chronos_2_erratic_features_plus_external,erratic,2025-06-01,5761065J10000,5.0,3.3974380493164062,1.6025619506835938
chronos_2_erratic_features_plus_external,erratic,2025-06-01,5761154P00000,0.0,0.2940530776977539,0.2940530776977539
chronos_2_erratic_features_plus_external,erratic,2025-06-01,57611M53M00000,0.0,0.644669771194458,0.644669771194458
chronos_2_erratic_features_plus_external,erratic,2025-06-01,57611M55T00000,10.0,10.66482925415039,0.6648292541503906
chronos_2_erratic_features_plus_external,erratic,2025-06-01,57611M67P01000,6.0,2.025604009628296,3.974395990371704
chronos_2_erratic_features_plus_external,erratic,2025-06-01,57611M75T10000,3.0,0.0,3.0
chronos_2_erratic_features_plus_external,erratic,2025-06-01,5771065J10000,7.0,2.6784439086914062,4.321556091308594
chronos_2_erratic_features_plus_external,erratic,2025-06-01,57711M53M00000,2.0,1.5990931987762451,0.4009068012237549
chronos_2_erratic_features_plus_external,erratic,2025-06-01,57711M67P01000,4.0,1.9638501405715942,2.0361498594284058
chronos_2_erratic_features_plus_external,erratic,2025-06-01,57711M68K10000,0.0,1.9155864715576172,1.9155864715576172
chronos_2_erratic_features_plus_external,erratic,2025-06-01,57711M71P00000,0.0,0.40935254096984863,0.40935254096984863
chronos_2_erratic_features_plus_external,erratic,2025-06-01,57711M75T10000,1.0,1.0,0.0
chronos_2_erratic_features_plus_external,erratic,2025-06-01,57711M76M00000,4.0,3.5923264026641846,0.40767359733581543
chronos_2_erratic_features_plus_external,erratic,2025-06-01,58121M53M00000,0.0,1.040189504623413,1.040189504623413
chronos_2_erratic_features_plus_external,erratic,2025-06-01,58200M80T00000,0.0,0.5502317547798157,0.5502317547798157
chronos_2_erratic_features_plus_external,erratic,2025-06-01,5823052R00000,2.0,1.8110686540603638,0.18893134593963623
chronos_2_erratic_features_plus_external,erratic,2025-06-01,58230M53M00000,0.0,1.0805643796920776,1.0805643796920776
chronos_2_erratic_features_plus_external,erratic,2025-06-01,58230M62S00000,0.0,0.27777302265167236,0.27777302265167236
chronos_2_erratic_features_plus_external,erratic,2025-06-01,58230M68K01000,4.0,1.5859404802322388,2.4140595197677612
chronos_2_erratic_features_plus_external,erratic,2025-06-01,5826077K00000,7.0,3.381096124649048,3.618903875350952
chronos_2_erratic_features_plus_external,erratic,2025-06-01,58270M68K00000,2.0,4.298666954040527,2.2986669540405273
chronos_2_erratic_features_plus_external,erratic,2025-06-01,58270M75T00000,1.0,0.0,1.0
chronos_2_erratic_features_plus_external,erratic,2025-06-01,58270M76M01000,7.0,2.770561933517456,4.229438066482544
chronos_2_erratic_features_plus_external,erratic,2025-06-01,58280M68K00000,3.0,1.918918251991272,1.081081748008728
chronos_2_erratic_features_plus_external,erratic,2025-06-01,58811M78R00000,1.0,0.8867479562759399,0.11325204372406006
chronos_2_erratic_features_plus_external,erratic,2025-06-01,65500M55T10000,5.0,2.2690072059631348,2.7309927940368652
chronos_2_erratic_features_plus_external,erratic,2025-06-01,65561M74L00000,3.0,1.8355839252471924,1.1644160747528076
chronos_2_erratic_features_plus_external,erratic,2025-06-01,68001M55T20000,4.0,1.4287018775939941,2.571298122406006
chronos_2_erratic_features_plus_external,erratic,2025-06-01,68001M62S12000,1.0,0.6207659244537354,0.37923407554626465
chronos_2_erratic_features_plus_external,erratic,2025-06-01,68002M55T20000,6.0,3.2036314010620117,2.7963685989379883
chronos_2_erratic_features_plus_external,erratic,2025-06-01,69100M53M00000,0.0,1.8538177013397217,1.8538177013397217
chronos_2_erratic_features_plus_external,erratic,2025-06-01,69100M67P10000,2.0,0.8269856572151184,1.1730143427848816
chronos_2_erratic_features_plus_external,erratic,2025-06-01,71079M74T00000,1.0,1.893207311630249,0.893207311630249
chronos_2_erratic_features_plus_external,erratic,2025-06-01,7171064R00ZQ4,2.0,3.171274185180664,1.171274185180664
chronos_2_erratic_features_plus_external,erratic,2025-06-01,7171154L10799,0.0,0.3006945848464966,0.3006945848464966
chronos_2_erratic_features_plus_external,erratic,2025-06-01,7171161P00799,5.0,1.6575582027435303,3.3424417972564697
chronos_2_erratic_features_plus_external,erratic,2025-06-01,7171178R015PK,2.0,3.912243604660034,1.9122436046600342
chronos_2_erratic_features_plus_external,erratic,2025-06-01,7171179P00799,4.0,2.4583611488342285,1.5416388511657715
chronos_2_erratic_features_plus_external,erratic,2025-06-01,71711M53MA05PK,1.0,0.7070618867874146,0.29293811321258545
chronos_2_erratic_features_plus_external,erratic,2025-06-01,71711M53MA0799,0.0,1.1254199743270874,1.1254199743270874
chronos_2_erratic_features_plus_external,erratic,2025-06-01,71711M53MB05PK,4.0,0.4007294774055481,3.599270522594452
chronos_2_erratic_features_plus_external,erratic,2025-06-01,71711M56R00799,4.0,4.345584869384766,0.3455848693847656
chronos_2_erratic_features_plus_external,erratic,2025-06-01,71711M62S005PK,8.0,9.27979850769043,1.2797985076904297
chronos_2_erratic_features_plus_external,erratic,2025-06-01,71711M66L005PK,0.0,0.05497860908508301,0.05497860908508301
chronos_2_erratic_features_plus_external,erratic,2025-06-01,71711M67P00799,4.0,2.0508508682250977,1.9491491317749023
chronos_2_erratic_features_plus_external,erratic,2025-06-01,71711M68K00799,2.0,1.7608691453933716,0.23913085460662842
chronos_2_erratic_features_plus_external,erratic,2025-06-01,71711M73T115PK,0.0,5.06718635559082,5.06718635559082
chronos_2_erratic_features_plus_external,erratic,2025-06-01,71711M74L00799,4.0,3.041597604751587,0.9584023952484131
chronos_2_erratic_features_plus_external,erratic,2025-06-01,71711M75L00799,1.0,1.7639319896697998,0.7639319896697998
chronos_2_erratic_features_plus_external,erratic,2025-06-01,71711M76M10799,7.0,1.7445464134216309,5.255453586578369
chronos_2_erratic_features_plus_external,erratic,2025-06-01,71711M76T00N49,13.0,2.218064546585083,10.781935453414917
chronos_2_erratic_features_plus_external,erratic,2025-06-01,71711M79M00799,1.0,0.9789341688156128,0.021065831184387207
chronos_2_erratic_features_plus_external,erratic,2025-06-01,71712M54T00000,3.0,2.4305672645568848,0.5694327354431152
chronos_2_erratic_features_plus_external,erratic,2025-06-01,71712M55T00000,7.0,6.194931983947754,0.8050680160522461
chronos_2_erratic_features_plus_external,erratic,2025-06-01,71712M56R00000,2.0,2.7895870208740234,0.7895870208740234
chronos_2_erratic_features_plus_external,erratic,2025-06-01,71712M79M00000,0.0,0.8372411727905273,0.8372411727905273
chronos_2_erratic_features_plus_external,erratic,2025-06-01,71720M76M005PK,2.0,2.1831214427948,0.1831214427947998
chronos_2_erratic_features_plus_external,erratic,2025-06-01,7172160K005PK,3.0,0.8510106801986694,2.1489893198013306
chronos_2_erratic_features_plus_external,erratic,2025-06-01,7172161P005PK,3.0,2.519110679626465,0.48088932037353516
chronos_2_erratic_features_plus_external,erratic,2025-06-01,7172177MJ05PK,1.0,0.6325778961181641,0.36742210388183594
chronos_2_erratic_features_plus_external,erratic,2025-06-01,7172179P005PK,5.0,2.2807819843292236,2.7192180156707764
chronos_2_erratic_features_plus_external,erratic,2025-06-01,7172186R105PK,1.0,1.0647245645523071,0.06472456455230713
chronos_2_erratic_features_plus_external,erratic,2025-06-01,71721M56R005PK,3.0,1.0981814861297607,1.9018185138702393
chronos_2_erratic_features_plus_external,erratic,2025-06-01,71721M60MA05PK,3.0,2.404837131500244,0.5951628684997559
chronos_2_erratic_features_plus_external,erratic,2025-06-01,71721M74T005PK,3.0,4.188459396362305,1.1884593963623047
chronos_2_erratic_features_plus_external,erratic,2025-06-01,71721M75L005PK,3.0,1.2395159006118774,1.7604840993881226
chronos_2_erratic_features_plus_external,erratic,2025-06-01,71721M75T005PK,1.0,1.5,0.5
chronos_2_erratic_features_plus_external,erratic,2025-06-01,71721M78R005PK,4.0,2.0114235877990723,1.9885764122009277
chronos_2_erratic_features_plus_external,erratic,2025-06-01,71721M84P005PK,2.0,0.9416552782058716,1.0583447217941284
chronos_2_erratic_features_plus_external,erratic,2025-06-01,7173154GA0000,0.0,3.6432228088378906,3.6432228088378906
chronos_2_erratic_features_plus_external,erratic,2025-06-01,7173163J20000,1.0,1.7900680303573608,0.7900680303573608
chronos_2_erratic_features_plus_external,erratic,2025-06-01,7173171L00000,14.0,5.734373569488525,8.265626430511475
chronos_2_erratic_features_plus_external,erratic,2025-06-01,71731M53M00000,5.0,4.666214942932129,0.3337850570678711
chronos_2_erratic_features_plus_external,erratic,2025-06-01,71731M53MB0000,2.0,2.4543843269348145,0.45438432693481445
chronos_2_erratic_features_plus_external,erratic,2025-06-01,71731M66L005PK,1.0,0.9328054189682007,0.06719458103179932
chronos_2_erratic_features_plus_external,erratic,2025-06-01,71731M67P00000,9.0,2.3327600955963135,6.6672399044036865
chronos_2_erratic_features_plus_external,erratic,2025-06-01,71731M68K00000,1.0,4.218841075897217,3.218841075897217
chronos_2_erratic_features_plus_external,erratic,2025-06-01,7173262R00000,3.0,1.8269840478897095,1.1730159521102905
chronos_2_erratic_features_plus_external,erratic,2025-06-01,7173263J20000,2.0,1.1476699113845825,0.8523300886154175
chronos_2_erratic_features_plus_external,erratic,2025-06-01,7173271L00000,11.0,5.030557155609131,5.969442844390869
chronos_2_erratic_features_plus_external,erratic,2025-06-01,71732M53M00000,6.0,4.11728048324585,1.8827195167541504
chronos_2_erratic_features_plus_external,erratic,2025-06-01,71732M66L005PK,0.0,0.17512845993041992,0.17512845993041992
chronos_2_erratic_features_plus_external,erratic,2025-06-01,71732M67P00000,5.0,3.1951088905334473,1.8048911094665527
chronos_2_erratic_features_plus_external,erratic,2025-06-01,71732M68K00000,2.0,5.005592346191406,3.0055923461914062
chronos_2_erratic_features_plus_external,erratic,2025-06-01,71732M74T00000,3.0,1.2001667022705078,1.7998332977294922
chronos_2_erratic_features_plus_external,erratic,2025-06-01,71733M55T00000,1.0,8.22943115234375,7.22943115234375
chronos_2_erratic_features_plus_external,erratic,2025-06-01,71733M74L00000,1.0,0.2744022011756897,0.7255977988243103
chronos_2_erratic_features_plus_external,erratic,2025-06-01,71734M55T00000,9.0,3.0268044471740723,5.973195552825928
chronos_2_erratic_features_plus_external,erratic,2025-06-01,71734M68L00000,3.0,1.0241050720214844,1.9758949279785156
chronos_2_erratic_features_plus_external,erratic,2025-06-01,71734M74T00000,1.0,1.0434467792510986,0.04344677925109863
chronos_2_erratic_features_plus_external,erratic,2025-06-01,7174054L10D2W,1.0,0.8854528665542603,0.11454713344573975
chronos_2_erratic_features_plus_external,erratic,2025-06-01,7174073R10CUG,0.0,0.5292607545852661,0.5292607545852661
chronos_2_erratic_features_plus_external,erratic,2025-06-01,7174079P00C48,1.0,2.570742607116699,1.5707426071166992
chronos_2_erratic_features_plus_external,erratic,2025-06-01,7174079S00C48,5.0,4.063741207122803,0.9362587928771973
chronos_2_erratic_features_plus_external,erratic,2025-06-01,71740M55T10C48,20.0,12.911238670349121,7.088761329650879
chronos_2_erratic_features_plus_external,erratic,2025-06-01,71740M56R00C48,6.0,8.337639808654785,2.337639808654785
chronos_2_erratic_features_plus_external,erratic,2025-06-01,71740M68T00C48,37.0,29.463851928710938,7.5361480712890625
chronos_2_erratic_features_plus_external,erratic,2025-06-01,71740M76MA0C48,8.0,10.748006820678711,2.748006820678711
chronos_2_erratic_features_plus_external,erratic,2025-06-01,71740M76T10KDJ,4.0,2.183201551437378,1.816798448562622
chronos_2_erratic_features_plus_external,erratic,2025-06-01,71740M81R00C48,2.0,2.7296483516693115,0.7296483516693115
chronos_2_erratic_features_plus_external,erratic,2025-06-01,7174160P005PK,3.0,2.068490743637085,0.931509256362915
chronos_2_erratic_features_plus_external,erratic,2025-06-01,71741M53M005PK,0.0,0.8014503717422485,0.8014503717422485
chronos_2_erratic_features_plus_external,erratic,2025-06-01,71741M53MA05PK,1.0,1.791712999343872,0.7917129993438721
chronos_2_erratic_features_plus_external,erratic,2025-06-01,71741M74L005PK,5.0,0.9853998422622681,4.014600157737732
chronos_2_erratic_features_plus_external,erratic,2025-06-01,71741M75L005PK,1.0,2.209965229034424,1.2099652290344238
chronos_2_erratic_features_plus_external,erratic,2025-06-01,71741M75T00W9K,2.0,1.0,1.0
chronos_2_erratic_features_plus_external,erratic,2025-06-01,71741M76M105PK,4.0,1.7655506134033203,2.2344493865966797
chronos_2_erratic_features_plus_external,erratic,2025-06-01,71741M83P005PK,12.0,6.150411605834961,5.849588394165039
chronos_2_erratic_features_plus_external,erratic,2025-06-01,71743M76M100PG,3.0,0.3293449878692627,2.6706550121307373
chronos_2_erratic_features_plus_external,erratic,2025-06-01,71744M76M100PG,2.0,0.08172738552093506,1.918272614479065
chronos_2_erratic_features_plus_external,erratic,2025-06-01,71745M75T10000,1.0,0.0,1.0
chronos_2_erratic_features_plus_external,erratic,2025-06-01,7175172S205PK,1.0,1.7401659488677979,0.7401659488677979
chronos_2_erratic_features_plus_external,erratic,2025-06-01,7175186R000PG,8.0,5.022350311279297,2.977649688720703
chronos_2_erratic_features_plus_external,erratic,2025-06-01,71751M67P105PK,3.0,2.001221179962158,0.9987788200378418
chronos_2_erratic_features_plus_external,erratic,2025-06-01,71751M83P105PK,4.0,3.2862582206726074,0.7137417793273926
chronos_2_erratic_features_plus_external,erratic,2025-06-01,71752M54T100PG,6.0,5.067150592803955,0.9328494071960449
chronos_2_erratic_features_plus_external,erratic,2025-06-01,71752M83P00PWJ,1.0,3.485250949859619,2.485250949859619
chronos_2_erratic_features_plus_external,erratic,2025-06-01,7176179P105PK,1.0,1.516447901725769,0.516447901725769
chronos_2_erratic_features_plus_external,erratic,2025-06-01,71761M52R105PK,2.0,5.7744855880737305,3.7744855880737305
chronos_2_erratic_features_plus_external,erratic,2025-06-01,71761M67P105PK,1.0,2.1740639209747314,1.1740639209747314
chronos_2_erratic_features_plus_external,erratic,2025-06-01,71761M68K105PK,0.0,1.2755205631256104,1.2755205631256104
chronos_2_erratic_features_plus_external,erratic,2025-06-01,71761M74T20ZAM,5.0,1.3348220586776733,3.6651779413223267
chronos_2_erratic_features_plus_external,erratic,2025-06-01,71761M76MB0Z2S,0.0,2.858888626098633,2.858888626098633
chronos_2_erratic_features_plus_external,erratic,2025-06-01,71761M76MB0ZHJ,0.0,0.8981435894966125,0.8981435894966125
chronos_2_erratic_features_plus_external,erratic,2025-06-01,71762M54T100PG,1.0,3.6114675998687744,2.6114675998687744
chronos_2_erratic_features_plus_external,erratic,2025-06-01,7177164R005PK,0.0,1.7671351432800293,1.7671351432800293
chronos_2_erratic_features_plus_external,erratic,2025-06-01,7177171L00000,1.0,1.556900143623352,0.556900143623352
chronos_2_erratic_features_plus_external,erratic,2025-06-01,7177186R000PG,1.0,1.468847393989563,0.468847393989563
chronos_2_erratic_features_plus_external,erratic,2025-06-01,71771M55T00000,12.0,5.78845739364624,6.21154260635376
chronos_2_erratic_features_plus_external,erratic,2025-06-01,71771M56R100PG,5.0,8.455730438232422,3.455730438232422
chronos_2_erratic_features_plus_external,erratic,2025-06-01,71771M76T00PER,6.0,3.019106864929199,2.980893135070801
chronos_2_erratic_features_plus_external,erratic,2025-06-01,71772M55T00000,1.0,4.710811138153076,3.710811138153076
chronos_2_erratic_features_plus_external,erratic,2025-06-01,71782M56R100PG,8.0,2.326294422149658,5.673705577850342
chronos_2_erratic_features_plus_external,erratic,2025-06-01,71782M66L00000,1.0,2.2765045166015625,1.2765045166015625
chronos_2_erratic_features_plus_external,erratic,2025-06-01,71782M75T00000,2.0,0.0,2.0
chronos_2_erratic_features_plus_external,erratic,2025-06-01,7181179P00799,2.0,1.8781191110610962,0.12188088893890381
chronos_2_erratic_features_plus_external,erratic,2025-06-01,71811M53M00799,2.0,3.4851531982421875,1.4851531982421875
chronos_2_erratic_features_plus_external,erratic,2025-06-01,71811M56R00799,1.0,3.9355287551879883,2.9355287551879883
chronos_2_erratic_features_plus_external,erratic,2025-06-01,71811M56R10799,0.0,1.1561360359191895,1.1561360359191895
chronos_2_erratic_features_plus_external,erratic,2025-06-01,71811M66L005PK,2.0,1.0460069179534912,0.9539930820465088
chronos_2_erratic_features_plus_external,erratic,2025-06-01,71811M67P01799,2.0,2.304781198501587,0.3047811985015869
chronos_2_erratic_features_plus_external,erratic,2025-06-01,71811M68K00799,1.0,1.7534511089324951,0.7534511089324951
chronos_2_erratic_features_plus_external,erratic,2025-06-01,71811M68P00799,4.0,3.702200412750244,0.29779958724975586
chronos_2_erratic_features_plus_external,erratic,2025-06-01,71811M74T00799,3.0,1.8951609134674072,1.1048390865325928
chronos_2_erratic_features_plus_external,erratic,2025-06-01,71811M75L00799,0.0,0.9841012954711914,0.9841012954711914
chronos_2_erratic_features_plus_external,erratic,2025-06-01,71811M75T00799,3.0,2.0,1.0
chronos_2_erratic_features_plus_external,erratic,2025-06-01,71811M76M00799,5.0,2.4178740978240967,2.5821259021759033
chronos_2_erratic_features_plus_external,erratic,2025-06-01,71811M80T105PK,4.0,2.6071982383728027,1.3928017616271973
chronos_2_erratic_features_plus_external,erratic,2025-06-01,7181365L00000,1.0,0.650620698928833,0.349379301071167
chronos_2_erratic_features_plus_external,erratic,2025-06-01,7182173K10000,1.0,2.4782962799072266,1.4782962799072266
chronos_2_erratic_features_plus_external,erratic,2025-06-01,7182179P00000,1.0,3.3535492420196533,2.3535492420196533
chronos_2_erratic_features_plus_external,erratic,2025-06-01,71821M68K00000,5.0,6.058785438537598,1.0587854385375977
chronos_2_erratic_features_plus_external,erratic,2025-06-01,71821M75T00000,1.0,0.0,1.0
chronos_2_erratic_features_plus_external,erratic,2025-06-01,71821M79M00000,22.0,2.6207547187805176,19.379245281219482
chronos_2_erratic_features_plus_external,erratic,2025-06-01,7182273K10000,2.0,2.35282826423645,0.3528282642364502
chronos_2_erratic_features_plus_external,erratic,2025-06-01,7182279P00000,2.0,2.5793309211730957,0.5793309211730957
chronos_2_erratic_features_plus_external,erratic,2025-06-01,7182280J00000,0.0,1.2944860458374023,1.2944860458374023
chronos_2_erratic_features_plus_external,erratic,2025-06-01,71822M55T00000,9.0,4.364482879638672,4.635517120361328
chronos_2_erratic_features_plus_external,erratic,2025-06-01,71822M68K00000,4.0,3.1553051471710205,0.8446948528289795
chronos_2_erratic_features_plus_external,erratic,2025-06-01,71822M75T00000,2.0,2.0,0.0
chronos_2_erratic_features_plus_external,erratic,2025-06-01,71822M79M00000,22.0,2.283280372619629,19.71671962738037
chronos_2_erratic_features_plus_external,erratic,2025-06-01,71823M68L00000,6.0,3.0723938941955566,2.9276061058044434
chronos_2_erratic_features_plus_external,erratic,2025-06-01,7187186R000BK,1.0,1.8522881269454956,0.8522881269454956
chronos_2_erratic_features_plus_external,erratic,2025-06-01,72310M68K00000,8.0,1.0357699394226074,6.964230060577393
chronos_2_erratic_features_plus_external,erratic,2025-06-01,72312M55R00000,0.0,8.973283767700195,8.973283767700195
chronos_2_erratic_features_plus_external,erratic,2025-06-01,72312M68K00000,14.0,6.6848859786987305,7.3151140213012695
chronos_2_erratic_features_plus_external,erratic,2025-06-01,7232154P00000,1.0,3.296879768371582,2.296879768371582
chronos_2_erratic_features_plus_external,erratic,2025-06-01,7232171L00000,3.0,2.71644926071167,0.2835507392883301
chronos_2_erratic_features_plus_external,erratic,2025-06-01,72321M53M00000,7.0,3.494020700454712,3.505979299545288
chronos_2_erratic_features_plus_external,erratic,2025-06-01,72321M68K00000,1.0,2.51741361618042,1.51741361618042
chronos_2_erratic_features_plus_external,erratic,2025-06-01,72321M74L00000,3.0,6.804264068603516,3.8042640686035156
chronos_2_erratic_features_plus_external,erratic,2025-06-01,72321M76M01000,4.0,0.8471114635467529,3.152888536453247
chronos_2_erratic_features_plus_external,erratic,2025-06-01,7232271L00000,4.0,2.889594078063965,1.1104059219360352
chronos_2_erratic_features_plus_external,erratic,2025-06-01,72322M53M00000,7.0,4.154204845428467,2.845795154571533
chronos_2_erratic_features_plus_external,erratic,2025-06-01,72322M68K00000,2.0,2.2128055095672607,0.21280550956726074
chronos_2_erratic_features_plus_external,erratic,2025-06-01,72322M74L00000,3.0,5.3040924072265625,2.3040924072265625
chronos_2_erratic_features_plus_external,erratic,2025-06-01,72322M76M01000,2.0,1.4573818445205688,0.5426181554794312
chronos_2_erratic_features_plus_external,erratic,2025-06-01,72371M74L105PK,4.0,0.11740279197692871,3.8825972080230713
chronos_2_erratic_features_plus_external,erratic,2025-06-01,72380M62S01000,3.0,1.196713924407959,1.803286075592041
chronos_2_erratic_features_plus_external,erratic,2025-06-01,72398M68K00000,5.0,0.6887048482894897,4.31129515171051
chronos_2_erratic_features_plus_external,erratic,2025-06-01,72411M74L10000,0.0,1.3952052593231201,1.3952052593231201
chronos_2_erratic_features_plus_external,erratic,2025-06-01,72420M80T00000,1.0,0.027913689613342285,0.9720863103866577
chronos_2_erratic_features_plus_external,erratic,2025-06-01,7242252R00000,1.0,2.630887508392334,1.630887508392334
chronos_2_erratic_features_plus_external,erratic,2025-06-01,72431M68L00000,2.0,0.7762123346328735,1.2237876653671265
chronos_2_erratic_features_plus_external,erratic,2025-06-01,72433M56R00000,2.0,4.345547676086426,2.345547676086426
chronos_2_erratic_features_plus_external,erratic,2025-06-01,72437M68L00000,0.0,0.7536574006080627,0.7536574006080627
chronos_2_erratic_features_plus_external,erratic,2025-06-01,7248265J00000,4.0,2.973208427429199,1.0267915725708008
chronos_2_erratic_features_plus_external,erratic,2025-06-01,7282165J00Z2S,3.0,2.441702127456665,0.558297872543335
chronos_2_erratic_features_plus_external,erratic,2025-06-01,73110M68P50ZCA,1.0,0.8493837118148804,0.15061628818511963
chronos_2_erratic_features_plus_external,erratic,2025-06-01,7343061J00P4Z,0.0,4.406591892242432,4.406591892242432
chronos_2_erratic_features_plus_external,erratic,2025-06-01,73430M75J00P4Z,2.0,1.2204093933105469,0.7795906066894531
chronos_2_erratic_features_plus_external,erratic,2025-06-01,73821M62S205PK,2.0,2.015045166015625,0.015045166015625
chronos_2_erratic_features_plus_external,erratic,2025-06-01,73821M67P305PK,1.0,0.6875668168067932,0.3124331831932068
chronos_2_erratic_features_plus_external,erratic,2025-06-01,73831M68P005PK,1.0,1.6584995985031128,0.6584995985031128
chronos_2_erratic_features_plus_external,erratic,2025-06-01,74120M66L10000,0.0,2.501389741897583,2.501389741897583
chronos_2_erratic_features_plus_external,erratic,2025-06-01,74461M79M005PK,5.0,7.966187477111816,2.9661874771118164
chronos_2_erratic_features_plus_external,erratic,2025-06-01,7619171L005PK,1.0,1.1883141994476318,0.18831419944763184
chronos_2_erratic_features_plus_external,erratic,2025-06-01,7619254P005PK,0.0,3.167772054672241,3.167772054672241
chronos_2_erratic_features_plus_external,erratic,2025-06-01,76520M68P10000,2.0,2.720324993133545,0.7203249931335449
chronos_2_erratic_features_plus_external,erratic,2025-06-01,76520M74K01000,5.0,1.3980642557144165,3.6019357442855835
chronos_2_erratic_features_plus_external,erratic,2025-06-01,77161M68P00000,3.0,1.3336913585662842,1.6663086414337158
chronos_2_erratic_features_plus_external,erratic,2025-06-01,77210M74T005PK,1.0,1.728445053100586,0.7284450531005859
chronos_2_erratic_features_plus_external,erratic,2025-06-01,7726054P005PK,1.0,0.9058783054351807,0.09412169456481934
chronos_2_erratic_features_plus_external,erratic,2025-06-01,7733061M01000,0.0,2.4087183475494385,2.4087183475494385
chronos_2_erratic_features_plus_external,erratic,2025-06-01,77330M81R00000,14.0,4.519026756286621,9.480973243713379
chronos_2_erratic_features_plus_external,erratic,2025-06-01,7781158J000PG,1.0,1.3537697792053223,0.35376977920532227
chronos_2_erratic_features_plus_external,erratic,2025-06-01,77811M58J000PG,4.0,2.412222146987915,1.587777853012085
chronos_2_erratic_features_plus_external,erratic,2025-06-01,77811M63T000PG,1.0,1.1229336261749268,0.12293362617492676
chronos_2_erratic_features_plus_external,erratic,2025-06-01,7783154GB00PG,2.0,2.0985217094421387,0.09852170944213867
chronos_2_erratic_features_plus_external,erratic,2025-06-01,77831M68L000PG,2.0,1.936311960220337,0.06368803977966309
chronos_2_erratic_features_plus_external,erratic,2025-06-01,77851M54G000PG,3.0,0.40713775157928467,2.5928622484207153
chronos_2_erratic_features_plus_external,erratic,2025-06-01,8185061J01000,2.0,0.8014456033706665,1.1985543966293335
chronos_2_erratic_features_plus_external,erratic,2025-06-01,81850M68K00000,1.0,2.457972526550293,1.457972526550293
chronos_2_erratic_features_plus_external,erratic,2025-06-01,81850M68P10000,2.0,1.7734050750732422,0.2265949249267578
chronos_2_erratic_features_plus_external,erratic,2025-06-01,8186061J01000,2.0,0.7959007024765015,1.2040992975234985
chronos_2_erratic_features_plus_external,erratic,2025-06-01,81860M68K00000,1.0,2.472635269165039,1.472635269165039
chronos_2_erratic_features_plus_external,erratic,2025-06-01,81860M79G20000,1.0,0.12045282125473022,0.8795471787452698
chronos_2_erratic_features_plus_external,erratic,2025-06-01,8212177K00000,1.0,1.5871732234954834,0.5871732234954834
chronos_2_erratic_features_plus_external,erratic,2025-06-01,82801M66L015PK,6.0,3.4383316040039062,2.5616683959960938
chronos_2_erratic_features_plus_external,erratic,2025-06-01,82801M68K005PK,7.0,1.5319689512252808,5.468031048774719
chronos_2_erratic_features_plus_external,erratic,2025-06-01,82802M66L015PK,4.0,6.661502361297607,2.6615023612976074
chronos_2_erratic_features_plus_external,erratic,2025-06-01,82802M68K5026U,2.0,10.097413063049316,8.097413063049316
chronos_2_erratic_features_plus_external,erratic,2025-06-01,82802M81A605PK,0.0,0.9102677702903748,0.9102677702903748
chronos_2_erratic_features_plus_external,erratic,2025-06-01,82850M76M005PK,1.0,6.067050933837891,5.067050933837891
chronos_2_erratic_features_plus_external,erratic,2025-06-01,8392152R010CE,2.0,0.6949138641357422,1.3050861358642578
chronos_2_erratic_features_plus_external,erratic,2025-06-01,83921M68P000CB,0.0,2.2868518829345703,2.2868518829345703
chronos_2_erratic_features_plus_external,erratic,2025-06-01,83922M55T000CB,1.0,0.5191912651062012,0.48080873489379883
chronos_2_erratic_features_plus_external,erratic,2025-06-01,8392352R020CE,2.0,0.978593647480011,1.021406352519989
chronos_2_erratic_features_plus_external,erratic,2025-06-01,83923M68P000CB,0.0,2.470947504043579,2.470947504043579
chronos_2_erratic_features_plus_external,erratic,2025-06-01,83924M55T000CB,5.0,2.1386959552764893,2.8613040447235107
chronos_2_erratic_features_plus_external,erratic,2025-06-01,83924M62S000CB,2.0,1.6867198944091797,0.3132801055908203
chronos_2_erratic_features_plus_external,erratic,2025-06-01,83924M68P100CB,5.0,3.700901508331299,1.2990984916687012
chronos_2_erratic_features_plus_external,erratic,2025-06-01,83926M68P000CB,4.0,2.0588185787200928,1.9411814212799072
chronos_2_erratic_features_plus_external,erratic,2025-06-01,8393061J005PK,0.0,4.456408500671387,4.456408500671387
chronos_2_erratic_features_plus_external,erratic,2025-06-01,83932M68P000CB,3.0,2.5883333683013916,0.4116666316986084
chronos_2_erratic_features_plus_external,erratic,2025-06-01,83940M68P100PG,0.0,2.2010321617126465,2.2010321617126465
chronos_2_erratic_features_plus_external,erratic,2025-06-01,83940M74L10000,1.0,1.9875400066375732,0.9875400066375732
chronos_2_erratic_features_plus_external,erratic,2025-06-01,83970M68P00000,3.0,1.0841078758239746,1.9158921241760254
chronos_2_erratic_features_plus_external,erratic,2025-06-01,84051M55T01000,4.0,2.7753665447235107,1.2246334552764893
chronos_2_erratic_features_plus_external,erratic,2025-06-01,84051M55T11000,2.0,2.769329786300659,0.7693297863006592
chronos_2_erratic_features_plus_external,erratic,2025-06-01,8450152R02000,1.0,0.5961974263191223,0.4038025736808777
chronos_2_erratic_features_plus_external,erratic,2025-06-01,84501M55T00000,1.0,1.6376609802246094,0.6376609802246094
chronos_2_erratic_features_plus_external,erratic,2025-06-01,84501M68P00000,4.0,2.482738971710205,1.517261028289795
chronos_2_erratic_features_plus_external,erratic,2025-06-01,84502M68P00000,0.0,2.483334541320801,2.483334541320801
chronos_2_erratic_features_plus_external,erratic,2025-06-01,84510M74L01000,1.0,1.0182589292526245,0.01825892925262451
chronos_2_erratic_features_plus_external,erratic,2025-06-01,84511M75T10000,1.0,0.0,1.0
chronos_2_erratic_features_plus_external,erratic,2025-06-01,84511M76M10000,2.0,0.0,2.0
chronos_2_erratic_features_plus_external,erratic,2025-06-01,8470171LVAZMT,2.0,0.7768688201904297,1.2231311798095703
chronos_2_erratic_features_plus_external,erratic,2025-06-01,84701M53M205PK,3.0,2.5448431968688965,0.4551568031311035
chronos_2_erratic_features_plus_external,erratic,2025-06-01,84701M55TB0ZHJ,1.0,2.2397913932800293,1.2397913932800293
chronos_2_erratic_features_plus_external,erratic,2025-06-01,84701M68P31ZHJ,0.0,3.434054374694824,3.434054374694824
chronos_2_erratic_features_plus_external,erratic,2025-06-01,84701M68P515PK,3.0,2.9366238117218018,0.06337618827819824
chronos_2_erratic_features_plus_external,erratic,2025-06-01,84701M74LC15PK,2.0,1.6972544193267822,0.3027455806732178
chronos_2_erratic_features_plus_external,erratic,2025-06-01,8470261J025PK,0.0,1.6944702863693237,1.6944702863693237
chronos_2_erratic_features_plus_external,erratic,2025-06-01,84702M53M205PK,2.0,4.243135452270508,2.243135452270508
chronos_2_erratic_features_plus_external,erratic,2025-06-01,84702M55TB0ZHJ,2.0,1.7504651546478271,0.24953484535217285
chronos_2_erratic_features_plus_external,erratic,2025-06-01,84702M56R92ZHJ,3.0,1.8749083280563354,1.1250916719436646
chronos_2_erratic_features_plus_external,erratic,2025-06-01,84702M62S20Z4Q,7.0,4.095582962036133,2.904417037963867
chronos_2_erratic_features_plus_external,erratic,2025-06-01,84702M68P31ZHJ,1.0,1.9830855131149292,0.9830855131149292
chronos_2_erratic_features_plus_external,erratic,2025-06-01,84702M68P515PK,1.0,3.6006717681884766,2.6006717681884766
chronos_2_erratic_features_plus_external,erratic,2025-06-01,84702M74LC15PK,1.0,0.6183291673660278,0.38167083263397217
chronos_2_erratic_features_plus_external,erratic,2025-06-01,84702M79G30000,2.0,0.847902238368988,1.152097761631012
chronos_2_erratic_features_plus_external,erratic,2025-06-01,84703M79M02000,0.0,2.6835081577301025,2.6835081577301025
chronos_2_erratic_features_plus_external,erratic,2025-06-01,8471852R20ZVR,1.0,1.4151254892349243,0.4151254892349243
chronos_2_erratic_features_plus_external,erratic,2025-06-01,8472852R20ZVR,1.0,1.131126880645752,0.13112688064575195
chronos_2_erratic_features_plus_external,erratic,2025-06-01,8472865J00Z2S,3.0,2.7568607330322266,0.24313926696777344
chronos_2_erratic_features_plus_external,erratic,2025-06-01,8472880J00Z2S,1.0,1.1239299774169922,0.12392997741699219
chronos_2_erratic_features_plus_external,erratic,2025-06-01,84730M67P10000,0.0,0.48864126205444336,0.48864126205444336
chronos_2_erratic_features_plus_external,erratic,2025-06-01,84730M74LC0000,0.0,6.425144672393799,6.425144672393799
chronos_2_erratic_features_plus_external,erratic,2025-06-01,84730M79M00000,1.0,13.659196853637695,12.659196853637695
chronos_2_erratic_features_plus_external,erratic,2025-06-01,8474061M00000,0.0,4.338950157165527,4.338950157165527
chronos_2_erratic_features_plus_external,erratic,2025-06-01,8474065J00000,1.0,0.9250644445419312,0.07493555545806885
chronos_2_erratic_features_plus_external,erratic,2025-06-01,84740M67P10000,4.0,1.0442094802856445,2.9557905197143555
chronos_2_erratic_features_plus_external,erratic,2025-06-01,84740M74LC0000,0.0,5.058432102203369,5.058432102203369
chronos_2_erratic_features_plus_external,erratic,2025-06-01,84740M74LE0000,0.0,1.1282591819763184,1.1282591819763184
chronos_2_erratic_features_plus_external,erratic,2025-06-01,84740M76M00000,2.0,9.456303596496582,7.456303596496582
chronos_2_erratic_features_plus_external,erratic,2025-06-01,84740M79M00000,2.0,11.615934371948242,9.615934371948242
chronos_2_erratic_features_plus_external,erratic,2025-06-01,84920M68PB1BHE,0.0,1.0739786624908447,1.0739786624908447
chronos_2_erratic_features_plus_external,erratic,2025-06-01,84940M68PC1BHE,1.0,1.0067130327224731,0.0067130327224731445
chronos_2_erratic_features_plus_external,erratic,2025-06-01,95130M68K00000,0.0,1.2376413345336914,1.2376413345336914
chronos_2_erratic_features_plus_external,erratic,2025-06-01,95310M53T00000,2.0,7.664323806762695,5.664323806762695
chronos_2_erratic_features_plus_external,erratic,2025-06-01,95310M55T00000,5.0,4.44539737701416,0.5546026229858398
chronos_2_erratic_features_plus_external,erratic,2025-06-01,95310M76M00000,1.0,2.379300594329834,1.379300594329834
chronos_2_erratic_features_plus_external,erratic,2025-07-01,0911912012000,40.0,38.83811950683594,1.1618804931640625
chronos_2_erratic_features_plus_external,erratic,2025-07-01,09140M12040000,13.0,16.02916717529297,3.0291671752929688
chronos_2_erratic_features_plus_external,erratic,2025-07-01,0915912057000,10.0,4.600707054138184,5.399292945861816
chronos_2_erratic_features_plus_external,erratic,2025-07-01,09209M09L02000,9.0,9.589193344116211,0.5891933441162109
chronos_2_erratic_features_plus_external,erratic,2025-07-01,0924616021000,2.0,3.3009657859802246,1.3009657859802246
chronos_2_erratic_features_plus_external,erratic,2025-07-01,0928335052000,2.0,0.930903434753418,1.069096565246582
chronos_2_erratic_features_plus_external,erratic,2025-07-01,0928348007000,0.0,3.4167604446411133,3.4167604446411133
chronos_2_erratic_features_plus_external,erratic,2025-07-01,0940907340000,0.0,63.359466552734375,63.359466552734375
chronos_2_erratic_features_plus_external,erratic,2025-07-01,09409M07355000,1.0,28.065223693847656,27.065223693847656
chronos_2_erratic_features_plus_external,erratic,2025-07-01,09409M08006000,99.0,87.32759857177734,11.672401428222656
chronos_2_erratic_features_plus_external,erratic,2025-07-01,09409M10L04000,0.0,3.868091583251953,3.868091583251953
chronos_2_erratic_features_plus_external,erratic,2025-07-01,11610M53M00000,0.0,4.638962268829346,4.638962268829346
chronos_2_erratic_features_plus_external,erratic,2025-07-01,11610M68K03000,0.0,2.045222282409668,2.045222282409668
chronos_2_erratic_features_plus_external,erratic,2025-07-01,11620M53M00000,0.0,1.4039040803909302,1.4039040803909302
chronos_2_erratic_features_plus_external,erratic,2025-07-01,11710M53M00000,0.0,1.0471165180206299,1.0471165180206299
chronos_2_erratic_features_plus_external,erratic,2025-07-01,17100M62S00000,5.0,1.932937741279602,3.067062258720398
chronos_2_erratic_features_plus_external,erratic,2025-07-01,17213M76M00000,1.0,3.3154819011688232,2.3154819011688232
chronos_2_erratic_features_plus_external,erratic,2025-07-01,17214M76M10000,0.0,1.0088475942611694,1.0088475942611694
chronos_2_erratic_features_plus_external,erratic,2025-07-01,17700M53M20000,1.0,2.4211249351501465,1.4211249351501465
chronos_2_erratic_features_plus_external,erratic,2025-07-01,17700M76M10000,4.0,0.4958162307739258,3.504183769226074
chronos_2_erratic_features_plus_external,erratic,2025-07-01,17700M83P00000,1.0,2.5322413444519043,1.5322413444519043
chronos_2_erratic_features_plus_external,erratic,2025-07-01,3512065J32000,3.0,2.5729293823242188,0.42707061767578125
chronos_2_erratic_features_plus_external,erratic,2025-07-01,3512071L20000,1.0,2.939241886138916,1.939241886138916
chronos_2_erratic_features_plus_external,erratic,2025-07-01,35120M68K20000,0.0,1.6285501718521118,1.6285501718521118
chronos_2_erratic_features_plus_external,erratic,2025-07-01,35121M53MB0000,1.0,3.8164784908294678,2.8164784908294678
chronos_2_erratic_features_plus_external,erratic,2025-07-01,35121M60M10000,1.0,0.2452998161315918,0.7547001838684082
chronos_2_erratic_features_plus_external,erratic,2025-07-01,35121M62S30000,17.0,5.306216239929199,11.6937837600708
chronos_2_erratic_features_plus_external,erratic,2025-07-01,35121M67P10000,0.0,2.3922252655029297,2.3922252655029297
chronos_2_erratic_features_plus_external,erratic,2025-07-01,35121M74L01000,6.0,6.270692825317383,0.2706928253173828
chronos_2_erratic_features_plus_external,erratic,2025-07-01,35121M76M50000,7.0,4.471033573150635,2.5289664268493652
chronos_2_erratic_features_plus_external,erratic,2025-07-01,35153M59K10000,1.0,0.5769702196121216,0.4230297803878784
chronos_2_erratic_features_plus_external,erratic,2025-07-01,35300M74TB1000,8.0,0.07509112358093262,7.924908876419067
chronos_2_erratic_features_plus_external,erratic,2025-07-01,3532064J31000,2.0,1.2430007457733154,0.7569992542266846
chronos_2_erratic_features_plus_external,erratic,2025-07-01,3532065J32000,2.0,3.1165974140167236,1.1165974140167236
chronos_2_erratic_features_plus_external,erratic,2025-07-01,3532071L20000,3.0,1.4331107139587402,1.5668892860412598
chronos_2_erratic_features_plus_external,erratic,2025-07-01,3532079P30000,0.0,1.341740608215332,1.341740608215332
chronos_2_erratic_features_plus_external,erratic,2025-07-01,35321M53MB0000,6.0,2.9367313385009766,3.0632686614990234
chronos_2_erratic_features_plus_external,erratic,2025-07-01,35321M55T53000,15.0,7.199465274810791,7.800534725189209
chronos_2_erratic_features_plus_external,erratic,2025-07-01,35321M67P10000,1.0,1.145383596420288,0.14538359642028809
chronos_2_erratic_features_plus_external,erratic,2025-07-01,35321M68K21000,0.0,1.0523200035095215,1.0523200035095215
chronos_2_erratic_features_plus_external,erratic,2025-07-01,35321M74L01000,4.0,5.707866668701172,1.7078666687011719
chronos_2_erratic_features_plus_external,erratic,2025-07-01,35321M76M50000,8.0,4.237957954406738,3.7620420455932617
chronos_2_erratic_features_plus_external,erratic,2025-07-01,3550054P01000,1.0,1.2438576221466064,0.24385762214660645
chronos_2_erratic_features_plus_external,erratic,2025-07-01,35501M67P00000,1.0,0.45906513929367065,0.5409348607063293
chronos_2_erratic_features_plus_external,erratic,2025-07-01,3565064J21000,2.0,0.5258114337921143,1.4741885662078857
chronos_2_erratic_features_plus_external,erratic,2025-07-01,3565065J21000,1.0,1.863150715827942,0.8631507158279419
chronos_2_erratic_features_plus_external,erratic,2025-07-01,3565077R00000,0.0,1.9741543531417847,1.9741543531417847
chronos_2_erratic_features_plus_external,erratic,2025-07-01,3565079P00000,0.0,0.19676977396011353,0.19676977396011353
chronos_2_erratic_features_plus_external,erratic,2025-07-01,35650M53M00000,6.0,0.32636046409606934,5.673639535903931
chronos_2_erratic_features_plus_external,erratic,2025-07-01,35650M66L00000,0.0,0.10448634624481201,0.10448634624481201
chronos_2_erratic_features_plus_external,erratic,2025-07-01,35650M67P00000,1.0,5.062289237976074,4.062289237976074
chronos_2_erratic_features_plus_external,erratic,2025-07-01,35650M74L00000,4.0,3.4386520385742188,0.5613479614257812
chronos_2_erratic_features_plus_external,erratic,2025-07-01,35650M75T00000,17.0,1.5,15.5
chronos_2_erratic_features_plus_external,erratic,2025-07-01,35651M68K00000,0.0,1.3980355262756348,1.3980355262756348
chronos_2_erratic_features_plus_external,erratic,2025-07-01,35651M75L00000,5.0,2.4572548866271973,2.5427451133728027
chronos_2_erratic_features_plus_external,erratic,2025-07-01,35651M76M00000,2.0,1.2409389019012451,0.7590610980987549
chronos_2_erratic_features_plus_external,erratic,2025-07-01,3567060K00000,2.0,1.7322494983673096,0.26775050163269043
chronos_2_erratic_features_plus_external,erratic,2025-07-01,3567061M10000,3.0,2.2261409759521484,0.7738590240478516
chronos_2_erratic_features_plus_external,erratic,2025-07-01,3567064J20000,2.0,2.2744529247283936,0.27445292472839355
chronos_2_erratic_features_plus_external,erratic,2025-07-01,3567071L00000,2.0,1.7313215732574463,0.2686784267425537
chronos_2_erratic_features_plus_external,erratic,2025-07-01,3567079P00000,2.0,0.3289716839790344,1.6710283160209656
chronos_2_erratic_features_plus_external,erratic,2025-07-01,35670M74L00000,8.0,3.530272960662842,4.469727039337158
chronos_2_erratic_features_plus_external,erratic,2025-07-01,35671M68K00000,1.0,1.5950584411621094,0.5950584411621094
chronos_2_erratic_features_plus_external,erratic,2025-07-01,35671M75L00000,4.0,0.8787341117858887,3.1212658882141113
chronos_2_erratic_features_plus_external,erratic,2025-07-01,35750M53M00000,11.0,0.5907866954803467,10.409213304519653
chronos_2_erratic_features_plus_external,erratic,2025-07-01,35750M66L00000,1.0,0.0,1.0
chronos_2_erratic_features_plus_external,erratic,2025-07-01,35750M67P00000,3.0,2.5202550888061523,0.47974491119384766
chronos_2_erratic_features_plus_external,erratic,2025-07-01,35750M75T00000,3.0,2.0,1.0
chronos_2_erratic_features_plus_external,erratic,2025-07-01,3591075F12000,4.0,0.15966761112213135,3.8403323888778687
chronos_2_erratic_features_plus_external,erratic,2025-07-01,36250M74T15000,1.0,2.1305012702941895,1.1305012702941895
chronos_2_erratic_features_plus_external,erratic,2025-07-01,3625479P01000,0.0,0.9717639684677124,0.9717639684677124
chronos_2_erratic_features_plus_external,erratic,2025-07-01,3625486R20000,2.0,0.949734091758728,1.050265908241272
chronos_2_erratic_features_plus_external,erratic,2025-07-01,36410M67K00000,6.0,4.456062316894531,1.5439376831054688
chronos_2_erratic_features_plus_external,erratic,2025-07-01,38450M68K00000,1.0,0.20068785548210144,0.7993121445178986
chronos_2_erratic_features_plus_external,erratic,2025-07-01,38450M74L10000,9.0,3.3428878784179688,5.657112121582031
chronos_2_erratic_features_plus_external,erratic,2025-07-01,38450M76M00000,5.0,3.467315673828125,1.532684326171875
chronos_2_erratic_features_plus_external,erratic,2025-07-01,38453M75000000,2.0,1.3177918195724487,0.6822081804275513
chronos_2_erratic_features_plus_external,erratic,2025-07-01,3925164J00000,3.0,2.4714534282684326,0.5285465717315674
chronos_2_erratic_features_plus_external,erratic,2025-07-01,3932152R00000,2.0,1.1124612092971802,0.8875387907028198
chronos_2_erratic_features_plus_external,erratic,2025-07-01,39321M62S10000,7.0,2.9531445503234863,4.046855449676514
chronos_2_erratic_features_plus_external,erratic,2025-07-01,3932252R00000,2.0,0.797155499458313,1.202844500541687
chronos_2_erratic_features_plus_external,erratic,2025-07-01,41710M74L00000,0.0,0.038410186767578125,0.038410186767578125
chronos_2_erratic_features_plus_external,erratic,2025-07-01,4243163J10000,10.0,15.926905632019043,5.926905632019043
chronos_2_erratic_features_plus_external,erratic,2025-07-01,4321078R010BK,0.0,1.33536696434021,1.33536696434021
chronos_2_erratic_features_plus_external,erratic,2025-07-01,43210M55T5027N,4.0,3.0919761657714844,0.9080238342285156
chronos_2_erratic_features_plus_external,erratic,2025-07-01,43210M55T60QC8,11.0,11.389301300048828,0.3893013000488281
chronos_2_erratic_features_plus_external,erratic,2025-07-01,43210M68P1009L,2.0,1.5993385314941406,0.4006614685058594
chronos_2_erratic_features_plus_external,erratic,2025-07-01,43210M68P60ZMQ,6.0,6.126389980316162,0.1263899803161621
chronos_2_erratic_features_plus_external,erratic,2025-07-01,43210M75T60QC8,1.0,1.5,0.5
chronos_2_erratic_features_plus_external,erratic,2025-07-01,43210M79G5309L,1.0,2.5288329124450684,1.5288329124450684
chronos_2_erratic_features_plus_external,erratic,2025-07-01,43250M62S0027N,9.0,8.976638793945312,0.0233612060546875
chronos_2_erratic_features_plus_external,erratic,2025-07-01,43250M67K0027N,10.0,6.787003040313721,3.2129969596862793
chronos_2_erratic_features_plus_external,erratic,2025-07-01,43250M75T0027N,2.0,2.0,0.0
chronos_2_erratic_features_plus_external,erratic,2025-07-01,43250M81R1027N,1.0,1.1142818927764893,0.11428189277648926
chronos_2_erratic_features_plus_external,erratic,2025-07-01,43250M83P0027N,5.0,3.3629140853881836,1.6370859146118164
chronos_2_erratic_features_plus_external,erratic,2025-07-01,4325283S000PG,6.0,3.278196096420288,2.721803903579712
chronos_2_erratic_features_plus_external,erratic,2025-07-01,43252M67L00AQY,2.0,2.0717906951904297,0.07179069519042969
chronos_2_erratic_features_plus_external,erratic,2025-07-01,48150M68P10C48,1.0,1.0174148082733154,0.01741480827331543
chronos_2_erratic_features_plus_external,erratic,2025-07-01,5730065811000,7.0,3.539329767227173,3.460670232772827
chronos_2_erratic_features_plus_external,erratic,2025-07-01,57300M53M00000,3.0,1.154356837272644,1.845643162727356
chronos_2_erratic_features_plus_external,erratic,2025-07-01,57300M67P00000,0.0,1.6313035488128662,1.6313035488128662
chronos_2_erratic_features_plus_external,erratic,2025-07-01,57300M74L00000,2.0,3.6551566123962402,1.6551566123962402
chronos_2_erratic_features_plus_external,erratic,2025-07-01,57300M76M00000,5.0,3.8973546028137207,1.1026453971862793
chronos_2_erratic_features_plus_external,erratic,2025-07-01,57410M62S00000,4.0,1.9103552103042603,2.0896447896957397
chronos_2_erratic_features_plus_external,erratic,2025-07-01,57410M74L00000,1.0,2.228625774383545,1.228625774383545
chronos_2_erratic_features_plus_external,erratic,2025-07-01,57410M76M00000,2.0,1.209483027458191,0.7905169725418091
chronos_2_erratic_features_plus_external,erratic,2025-07-01,57410M79G00000,1.0,1.1369109153747559,0.13691091537475586
chronos_2_erratic_features_plus_external,erratic,2025-07-01,5742054P00000,1.0,0.8722027540206909,0.12779724597930908
chronos_2_erratic_features_plus_external,erratic,2025-07-01,57420M62S00000,2.0,2.5982015132904053,0.5982015132904053
chronos_2_erratic_features_plus_external,erratic,2025-07-01,57420M67P00000,0.0,0.40483683347702026,0.40483683347702026
chronos_2_erratic_features_plus_external,erratic,2025-07-01,57420M74L00000,0.0,2.011599063873291,2.011599063873291
chronos_2_erratic_features_plus_external,erratic,2025-07-01,57420M76M00000,2.0,1.209483027458191,0.7905169725418091
chronos_2_erratic_features_plus_external,erratic,2025-07-01,57420M79G00000,1.0,0.7163909077644348,0.2836090922355652
chronos_2_erratic_features_plus_external,erratic,2025-07-01,5761065J10000,4.0,5.205327987670898,1.2053279876708984
chronos_2_erratic_features_plus_external,erratic,2025-07-01,5761154P00000,1.0,0.9719294309616089,0.028070569038391113
chronos_2_erratic_features_plus_external,erratic,2025-07-01,57611M53M00000,0.0,0.9000158309936523,0.9000158309936523
chronos_2_erratic_features_plus_external,erratic,2025-07-01,57611M55T00000,15.0,8.096368789672852,6.903631210327148
chronos_2_erratic_features_plus_external,erratic,2025-07-01,57611M67P01000,0.0,3.3897464275360107,3.3897464275360107
chronos_2_erratic_features_plus_external,erratic,2025-07-01,57611M75T10000,4.0,1.3225376605987549,2.677462339401245
chronos_2_erratic_features_plus_external,erratic,2025-07-01,5771065J10000,2.0,3.079500675201416,1.079500675201416
chronos_2_erratic_features_plus_external,erratic,2025-07-01,57711M53M00000,2.0,2.6889474391937256,0.6889474391937256
chronos_2_erratic_features_plus_external,erratic,2025-07-01,57711M67P01000,3.0,1.1332576274871826,1.8667423725128174
chronos_2_erratic_features_plus_external,erratic,2025-07-01,57711M68K10000,0.0,2.7416396141052246,2.7416396141052246
chronos_2_erratic_features_plus_external,erratic,2025-07-01,57711M71P00000,0.0,0.7620878219604492,0.7620878219604492
chronos_2_erratic_features_plus_external,erratic,2025-07-01,57711M75T10000,2.0,1.0,1.0
chronos_2_erratic_features_plus_external,erratic,2025-07-01,57711M76M00000,6.0,2.209144115447998,3.790855884552002
chronos_2_erratic_features_plus_external,erratic,2025-07-01,58121M53M00000,1.0,0.33999764919281006,0.6600023508071899
chronos_2_erratic_features_plus_external,erratic,2025-07-01,58200M80T00000,7.0,2.0944724082946777,4.905527591705322
chronos_2_erratic_features_plus_external,erratic,2025-07-01,5823052R00000,1.0,0.892131507396698,0.107868492603302
chronos_2_erratic_features_plus_external,erratic,2025-07-01,58230M53M00000,1.0,0.7534464597702026,0.24655354022979736
chronos_2_erratic_features_plus_external,erratic,2025-07-01,58230M62S00000,0.0,1.5875478982925415,1.5875478982925415
chronos_2_erratic_features_plus_external,erratic,2025-07-01,58230M68K01000,0.0,0.9147402048110962,0.9147402048110962
chronos_2_erratic_features_plus_external,erratic,2025-07-01,5826077K00000,1.0,2.091578722000122,1.091578722000122
chronos_2_erratic_features_plus_external,erratic,2025-07-01,58270M68K00000,1.0,2.6130661964416504,1.6130661964416504
chronos_2_erratic_features_plus_external,erratic,2025-07-01,58270M75T00000,0.0,0.0,0.0
chronos_2_erratic_features_plus_external,erratic,2025-07-01,58270M76M01000,7.0,2.2250096797943115,4.7749903202056885
chronos_2_erratic_features_plus_external,erratic,2025-07-01,58280M68K00000,1.0,1.3199055194854736,0.31990551948547363
chronos_2_erratic_features_plus_external,erratic,2025-07-01,58811M78R00000,4.0,1.5926264524459839,2.407373547554016
chronos_2_erratic_features_plus_external,erratic,2025-07-01,65500M55T10000,8.0,4.3038554191589355,3.6961445808410645
chronos_2_erratic_features_plus_external,erratic,2025-07-01,65561M74L00000,1.0,1.8573391437530518,0.8573391437530518
chronos_2_erratic_features_plus_external,erratic,2025-07-01,68001M55T20000,4.0,3.7781338691711426,0.22186613082885742
chronos_2_erratic_features_plus_external,erratic,2025-07-01,68001M62S12000,1.0,2.284547805786133,1.2845478057861328
chronos_2_erratic_features_plus_external,erratic,2025-07-01,68002M55T20000,3.0,14.31326675415039,11.31326675415039
chronos_2_erratic_features_plus_external,erratic,2025-07-01,69100M53M00000,3.0,0.6193912029266357,2.3806087970733643
chronos_2_erratic_features_plus_external,erratic,2025-07-01,69100M67P10000,1.0,1.0112968683242798,0.011296868324279785
chronos_2_erratic_features_plus_external,erratic,2025-07-01,71079M74T00000,0.0,1.071686029434204,1.071686029434204
chronos_2_erratic_features_plus_external,erratic,2025-07-01,7171064R00ZQ4,1.0,2.4627604484558105,1.4627604484558105
chronos_2_erratic_features_plus_external,erratic,2025-07-01,7171154L10799,1.0,0.10054153203964233,0.8994584679603577
chronos_2_erratic_features_plus_external,erratic,2025-07-01,7171161P00799,6.0,1.78733229637146,4.21266770362854
chronos_2_erratic_features_plus_external,erratic,2025-07-01,7171178R015PK,3.0,3.0825071334838867,0.08250713348388672
chronos_2_erratic_features_plus_external,erratic,2025-07-01,7171179P00799,3.0,2.5070888996124268,0.49291110038757324
chronos_2_erratic_features_plus_external,erratic,2025-07-01,71711M53MA05PK,3.0,0.3630175292491913,2.6369824707508087
chronos_2_erratic_features_plus_external,erratic,2025-07-01,71711M53MA0799,0.0,1.4157962799072266,1.4157962799072266
chronos_2_erratic_features_plus_external,erratic,2025-07-01,71711M53MB05PK,6.0,0.6445796489715576,5.355420351028442
chronos_2_erratic_features_plus_external,erratic,2025-07-01,71711M56R00799,13.0,5.736753940582275,7.263246059417725
chronos_2_erratic_features_plus_external,erratic,2025-07-01,71711M62S005PK,12.0,9.769807815551758,2.230192184448242
chronos_2_erratic_features_plus_external,erratic,2025-07-01,71711M66L005PK,3.0,0.6075436472892761,2.392456352710724
chronos_2_erratic_features_plus_external,erratic,2025-07-01,71711M67P00799,1.0,2.4334425926208496,1.4334425926208496
chronos_2_erratic_features_plus_external,erratic,2025-07-01,71711M68K00799,0.0,3.2586498260498047,3.2586498260498047
chronos_2_erratic_features_plus_external,erratic,2025-07-01,71711M73T115PK,0.0,4.0077691078186035,4.0077691078186035
chronos_2_erratic_features_plus_external,erratic,2025-07-01,71711M74L00799,3.0,3.549992799758911,0.5499927997589111
chronos_2_erratic_features_plus_external,erratic,2025-07-01,71711M75L00799,3.0,2.7927849292755127,0.2072150707244873
chronos_2_erratic_features_plus_external,erratic,2025-07-01,71711M76M10799,2.0,1.8320345878601074,0.16796541213989258
chronos_2_erratic_features_plus_external,erratic,2025-07-01,71711M76T00N49,4.0,3.136638641357422,0.8633613586425781
chronos_2_erratic_features_plus_external,erratic,2025-07-01,71711M79M00799,1.0,0.7833743095397949,0.21662569046020508
chronos_2_erratic_features_plus_external,erratic,2025-07-01,71712M54T00000,2.0,5.164520263671875,3.164520263671875
chronos_2_erratic_features_plus_external,erratic,2025-07-01,71712M55T00000,4.0,5.344539165496826,1.3445391654968262
chronos_2_erratic_features_plus_external,erratic,2025-07-01,71712M56R00000,2.0,2.1958346366882324,0.19583463668823242
chronos_2_erratic_features_plus_external,erratic,2025-07-01,71712M79M00000,6.0,1.057119607925415,4.942880392074585
chronos_2_erratic_features_plus_external,erratic,2025-07-01,71720M76M005PK,3.0,1.8829209804534912,1.1170790195465088
chronos_2_erratic_features_plus_external,erratic,2025-07-01,7172160K005PK,3.0,0.24610352516174316,2.753896474838257
chronos_2_erratic_features_plus_external,erratic,2025-07-01,7172161P005PK,10.0,3.7513785362243652,6.248621463775635
chronos_2_erratic_features_plus_external,erratic,2025-07-01,7172177MJ05PK,0.0,1.7227011919021606,1.7227011919021606
chronos_2_erratic_features_plus_external,erratic,2025-07-01,7172179P005PK,2.0,2.020770788192749,0.020770788192749023
chronos_2_erratic_features_plus_external,erratic,2025-07-01,7172186R105PK,2.0,1.0954315662384033,0.9045684337615967
chronos_2_erratic_features_plus_external,erratic,2025-07-01,71721M56R005PK,8.0,4.697806358337402,3.3021936416625977
chronos_2_erratic_features_plus_external,erratic,2025-07-01,71721M60MA05PK,4.0,0.6010962724685669,3.398903727531433
chronos_2_erratic_features_plus_external,erratic,2025-07-01,71721M74T005PK,9.0,5.577191352844238,3.4228086471557617
chronos_2_erratic_features_plus_external,erratic,2025-07-01,71721M75L005PK,3.0,1.8036555051803589,1.1963444948196411
chronos_2_erratic_features_plus_external,erratic,2025-07-01,71721M75T005PK,2.0,4.525225639343262,2.5252256393432617
chronos_2_erratic_features_plus_external,erratic,2025-07-01,71721M78R005PK,2.0,0.9379422664642334,1.0620577335357666
chronos_2_erratic_features_plus_external,erratic,2025-07-01,71721M84P005PK,1.0,0.9458454251289368,0.05415457487106323
chronos_2_erratic_features_plus_external,erratic,2025-07-01,7173154GA0000,4.0,2.502758026123047,1.4972419738769531
chronos_2_erratic_features_plus_external,erratic,2025-07-01,7173163J20000,1.0,1.223905086517334,0.22390508651733398
chronos_2_erratic_features_plus_external,erratic,2025-07-01,7173171L00000,5.0,5.388590335845947,0.38859033584594727
chronos_2_erratic_features_plus_external,erratic,2025-07-01,71731M53M00000,4.0,5.456106185913086,1.456106185913086
chronos_2_erratic_features_plus_external,erratic,2025-07-01,71731M53MB0000,1.0,1.5718536376953125,0.5718536376953125
chronos_2_erratic_features_plus_external,erratic,2025-07-01,71731M66L005PK,3.0,0.013726294040679932,2.98627370595932
chronos_2_erratic_features_plus_external,erratic,2025-07-01,71731M67P00000,0.0,2.7795791625976562,2.7795791625976562
chronos_2_erratic_features_plus_external,erratic,2025-07-01,71731M68K00000,8.0,4.617494583129883,3.382505416870117
chronos_2_erratic_features_plus_external,erratic,2025-07-01,7173262R00000,1.0,0.974856436252594,0.025143563747406006
chronos_2_erratic_features_plus_external,erratic,2025-07-01,7173263J20000,0.0,0.9822492599487305,0.9822492599487305
chronos_2_erratic_features_plus_external,erratic,2025-07-01,7173271L00000,8.0,4.708775520324707,3.291224479675293
chronos_2_erratic_features_plus_external,erratic,2025-07-01,71732M53M00000,2.0,4.705470561981201,2.705470561981201
chronos_2_erratic_features_plus_external,erratic,2025-07-01,71732M66L005PK,1.0,0.7521486282348633,0.24785137176513672
chronos_2_erratic_features_plus_external,erratic,2025-07-01,71732M67P00000,2.0,2.971146821975708,0.971146821975708
chronos_2_erratic_features_plus_external,erratic,2025-07-01,71732M68K00000,9.0,5.344592094421387,3.6554079055786133
chronos_2_erratic_features_plus_external,erratic,2025-07-01,71732M74T00000,6.0,1.1798362731933594,4.820163726806641
chronos_2_erratic_features_plus_external,erratic,2025-07-01,71733M55T00000,7.0,6.1415181159973145,0.8584818840026855
chronos_2_erratic_features_plus_external,erratic,2025-07-01,71733M74L00000,1.0,0.31863605976104736,0.6813639402389526
chronos_2_erratic_features_plus_external,erratic,2025-07-01,71734M55T00000,13.0,0.6920769214630127,12.307923078536987
chronos_2_erratic_features_plus_external,erratic,2025-07-01,71734M68L00000,1.0,2.535449266433716,1.5354492664337158
chronos_2_erratic_features_plus_external,erratic,2025-07-01,71734M74T00000,1.0,0.10116517543792725,0.8988348245620728
chronos_2_erratic_features_plus_external,erratic,2025-07-01,7174054L10D2W,4.0,0.6353029012680054,3.3646970987319946
chronos_2_erratic_features_plus_external,erratic,2025-07-01,7174073R10CUG,1.0,1.149847149848938,0.149847149848938
chronos_2_erratic_features_plus_external,erratic,2025-07-01,7174079P00C48,3.0,2.6727218627929688,0.32727813720703125
chronos_2_erratic_features_plus_external,erratic,2025-07-01,7174079S00C48,4.0,5.2178635597229,1.2178635597229004
chronos_2_erratic_features_plus_external,erratic,2025-07-01,71740M55T10C48,19.0,6.795657157897949,12.20434284210205
chronos_2_erratic_features_plus_external,erratic,2025-07-01,71740M56R00C48,11.0,9.165630340576172,1.8343696594238281
chronos_2_erratic_features_plus_external,erratic,2025-07-01,71740M68T00C48,28.0,34.739688873291016,6.739688873291016
chronos_2_erratic_features_plus_external,erratic,2025-07-01,71740M76MA0C48,19.0,8.698091506958008,10.301908493041992
chronos_2_erratic_features_plus_external,erratic,2025-07-01,71740M76T10KDJ,2.0,1.9282350540161133,0.07176494598388672
chronos_2_erratic_features_plus_external,erratic,2025-07-01,71740M81R00C48,3.0,1.7619860172271729,1.2380139827728271
chronos_2_erratic_features_plus_external,erratic,2025-07-01,7174160P005PK,4.0,2.3123679161071777,1.6876320838928223
chronos_2_erratic_features_plus_external,erratic,2025-07-01,71741M53M005PK,1.0,0.12215161323547363,0.8778483867645264
chronos_2_erratic_features_plus_external,erratic,2025-07-01,71741M53MA05PK,1.0,2.5345849990844727,1.5345849990844727
chronos_2_erratic_features_plus_external,erratic,2025-07-01,71741M74L005PK,1.0,1.6928373575210571,0.6928373575210571
chronos_2_erratic_features_plus_external,erratic,2025-07-01,71741M75L005PK,1.0,1.436431884765625,0.436431884765625
chronos_2_erratic_features_plus_external,erratic,2025-07-01,71741M75T00W9K,3.0,2.035454273223877,0.964545726776123
chronos_2_erratic_features_plus_external,erratic,2025-07-01,71741M76M105PK,2.0,1.2450623512268066,0.7549376487731934
chronos_2_erratic_features_plus_external,erratic,2025-07-01,71741M83P005PK,6.0,7.798899173736572,1.7988991737365723
chronos_2_erratic_features_plus_external,erratic,2025-07-01,71743M76M100PG,2.0,0.8607822060585022,1.1392177939414978
chronos_2_erratic_features_plus_external,erratic,2025-07-01,71744M76M100PG,3.0,1.401366949081421,1.598633050918579
chronos_2_erratic_features_plus_external,erratic,2025-07-01,71745M75T10000,0.0,0.0,0.0
chronos_2_erratic_features_plus_external,erratic,2025-07-01,7175172S205PK,3.0,1.7137701511383057,1.2862298488616943
chronos_2_erratic_features_plus_external,erratic,2025-07-01,7175186R000PG,3.0,5.717061996459961,2.717061996459961
chronos_2_erratic_features_plus_external,erratic,2025-07-01,71751M67P105PK,0.0,2.764962673187256,2.764962673187256
chronos_2_erratic_features_plus_external,erratic,2025-07-01,71751M83P105PK,2.0,2.8013362884521484,0.8013362884521484
chronos_2_erratic_features_plus_external,erratic,2025-07-01,71752M54T100PG,6.0,3.4629406929016113,2.5370593070983887
chronos_2_erratic_features_plus_external,erratic,2025-07-01,71752M83P00PWJ,2.0,1.9870728254318237,0.01292717456817627
chronos_2_erratic_features_plus_external,erratic,2025-07-01,7176179P105PK,1.0,0.3841860890388489,0.6158139109611511
chronos_2_erratic_features_plus_external,erratic,2025-07-01,71761M52R105PK,3.0,2.715196132659912,0.2848038673400879
chronos_2_erratic_features_plus_external,erratic,2025-07-01,71761M67P105PK,2.0,2.1650235652923584,0.1650235652923584
chronos_2_erratic_features_plus_external,erratic,2025-07-01,71761M68K105PK,3.0,1.6766018867492676,1.3233981132507324
chronos_2_erratic_features_plus_external,erratic,2025-07-01,71761M74T20ZAM,10.0,1.0559087991714478,8.944091200828552
chronos_2_erratic_features_plus_external,erratic,2025-07-01,71761M76MB0Z2S,5.0,1.197584629058838,3.802415370941162
chronos_2_erratic_features_plus_external,erratic,2025-07-01,71761M76MB0ZHJ,2.0,0.5139365196228027,1.4860634803771973
chronos_2_erratic_features_plus_external,erratic,2025-07-01,71762M54T100PG,3.0,4.273608684539795,1.273608684539795
chronos_2_erratic_features_plus_external,erratic,2025-07-01,7177164R005PK,2.0,0.49115484952926636,1.5088451504707336
chronos_2_erratic_features_plus_external,erratic,2025-07-01,7177171L00000,1.0,0.3780539035797119,0.6219460964202881
chronos_2_erratic_features_plus_external,erratic,2025-07-01,7177186R000PG,2.0,2.3185677528381348,0.31856775283813477
chronos_2_erratic_features_plus_external,erratic,2025-07-01,71771M55T00000,15.0,8.314593315124512,6.685406684875488
chronos_2_erratic_features_plus_external,erratic,2025-07-01,71771M56R100PG,8.0,4.073249816894531,3.9267501831054688
chronos_2_erratic_features_plus_external,erratic,2025-07-01,71771M76T00PER,4.0,0.6031501889228821,3.396849811077118
chronos_2_erratic_features_plus_external,erratic,2025-07-01,71772M55T00000,11.0,4.853732585906982,6.146267414093018
chronos_2_erratic_features_plus_external,erratic,2025-07-01,71782M56R100PG,1.0,1.4045491218566895,0.40454912185668945
chronos_2_erratic_features_plus_external,erratic,2025-07-01,71782M66L00000,3.0,1.45001220703125,1.54998779296875
chronos_2_erratic_features_plus_external,erratic,2025-07-01,71782M75T00000,1.0,1.0,0.0
chronos_2_erratic_features_plus_external,erratic,2025-07-01,7181179P00799,2.0,1.5347083806991577,0.4652916193008423
chronos_2_erratic_features_plus_external,erratic,2025-07-01,71811M53M00799,3.0,2.9476258754730225,0.05237412452697754
chronos_2_erratic_features_plus_external,erratic,2025-07-01,71811M56R00799,1.0,3.2823104858398438,2.2823104858398438
chronos_2_erratic_features_plus_external,erratic,2025-07-01,71811M56R10799,1.0,1.686949372291565,0.6869493722915649
chronos_2_erratic_features_plus_external,erratic,2025-07-01,71811M66L005PK,0.0,0.87729811668396,0.87729811668396
chronos_2_erratic_features_plus_external,erratic,2025-07-01,71811M67P01799,2.0,3.2403624057769775,1.2403624057769775
chronos_2_erratic_features_plus_external,erratic,2025-07-01,71811M68K00799,0.0,3.8569653034210205,3.8569653034210205
chronos_2_erratic_features_plus_external,erratic,2025-07-01,71811M68P00799,16.0,3.0302813053131104,12.96971869468689
chronos_2_erratic_features_plus_external,erratic,2025-07-01,71811M74T00799,5.0,3.084305763244629,1.915694236755371
chronos_2_erratic_features_plus_external,erratic,2025-07-01,71811M75L00799,1.0,1.4824885129928589,0.4824885129928589
chronos_2_erratic_features_plus_external,erratic,2025-07-01,71811M75T00799,3.0,2.0,1.0
chronos_2_erratic_features_plus_external,erratic,2025-07-01,71811M76M00799,5.0,3.3457748889923096,1.6542251110076904
chronos_2_erratic_features_plus_external,erratic,2025-07-01,71811M80T105PK,2.0,1.8872716426849365,0.11272835731506348
chronos_2_erratic_features_plus_external,erratic,2025-07-01,7181365L00000,6.0,0.4448775053024292,5.555122494697571
chronos_2_erratic_features_plus_external,erratic,2025-07-01,7182173K10000,4.0,2.753612995147705,1.246387004852295
chronos_2_erratic_features_plus_external,erratic,2025-07-01,7182179P00000,0.0,4.557997703552246,4.557997703552246
chronos_2_erratic_features_plus_external,erratic,2025-07-01,71821M68K00000,0.0,2.0983574390411377,2.0983574390411377
chronos_2_erratic_features_plus_external,erratic,2025-07-01,71821M75T00000,3.0,2.0,1.0
chronos_2_erratic_features_plus_external,erratic,2025-07-01,71821M79M00000,1.0,3.9183754920959473,2.9183754920959473
chronos_2_erratic_features_plus_external,erratic,2025-07-01,7182273K10000,0.0,3.484511613845825,3.484511613845825
chronos_2_erratic_features_plus_external,erratic,2025-07-01,7182279P00000,0.0,2.2279975414276123,2.2279975414276123
chronos_2_erratic_features_plus_external,erratic,2025-07-01,7182280J00000,1.0,0.9734799861907959,0.0265200138092041
chronos_2_erratic_features_plus_external,erratic,2025-07-01,71822M55T00000,13.0,12.566001892089844,0.43399810791015625
chronos_2_erratic_features_plus_external,erratic,2025-07-01,71822M68K00000,0.0,3.249829053878784,3.249829053878784
chronos_2_erratic_features_plus_external,erratic,2025-07-01,71822M75T00000,0.0,1.5,1.5
chronos_2_erratic_features_plus_external,erratic,2025-07-01,71822M79M00000,1.0,4.351601600646973,3.3516016006469727
chronos_2_erratic_features_plus_external,erratic,2025-07-01,71823M68L00000,1.0,3.5639986991882324,2.5639986991882324
chronos_2_erratic_features_plus_external,erratic,2025-07-01,7187186R000BK,2.0,2.9565887451171875,0.9565887451171875
chronos_2_erratic_features_plus_external,erratic,2025-07-01,72310M68K00000,1.0,2.2921175956726074,1.2921175956726074
chronos_2_erratic_features_plus_external,erratic,2025-07-01,72312M55R00000,6.0,4.885717868804932,1.1142821311950684
chronos_2_erratic_features_plus_external,erratic,2025-07-01,72312M68K00000,18.0,10.396377563476562,7.6036224365234375
chronos_2_erratic_features_plus_external,erratic,2025-07-01,7232154P00000,4.0,2.296191453933716,1.7038085460662842
chronos_2_erratic_features_plus_external,erratic,2025-07-01,7232171L00000,5.0,2.156400680541992,2.843599319458008
chronos_2_erratic_features_plus_external,erratic,2025-07-01,72321M53M00000,2.0,4.3609466552734375,2.3609466552734375
chronos_2_erratic_features_plus_external,erratic,2025-07-01,72321M68K00000,1.0,1.617883324623108,0.6178833246231079
chronos_2_erratic_features_plus_external,erratic,2025-07-01,72321M74L00000,3.0,3.757565975189209,0.757565975189209
chronos_2_erratic_features_plus_external,erratic,2025-07-01,72321M76M01000,3.0,0.7842297554016113,2.2157702445983887
chronos_2_erratic_features_plus_external,erratic,2025-07-01,7232271L00000,5.0,2.5392911434173584,2.4607088565826416
chronos_2_erratic_features_plus_external,erratic,2025-07-01,72322M53M00000,4.0,4.618124961853027,0.6181249618530273
chronos_2_erratic_features_plus_external,erratic,2025-07-01,72322M68K00000,1.0,3.021423816680908,2.021423816680908
chronos_2_erratic_features_plus_external,erratic,2025-07-01,72322M74L00000,4.0,6.7660369873046875,2.7660369873046875
chronos_2_erratic_features_plus_external,erratic,2025-07-01,72322M76M01000,3.0,1.3492246866226196,1.6507753133773804
chronos_2_erratic_features_plus_external,erratic,2025-07-01,72371M74L105PK,1.0,0.6782572865486145,0.3217427134513855
chronos_2_erratic_features_plus_external,erratic,2025-07-01,72380M62S01000,3.0,2.032575845718384,0.9674241542816162
chronos_2_erratic_features_plus_external,erratic,2025-07-01,72398M68K00000,0.0,0.9275825619697571,0.9275825619697571
chronos_2_erratic_features_plus_external,erratic,2025-07-01,72411M74L10000,2.0,2.299560070037842,0.2995600700378418
chronos_2_erratic_features_plus_external,erratic,2025-07-01,72420M80T00000,4.0,1.8190147876739502,2.18098521232605
chronos_2_erratic_features_plus_external,erratic,2025-07-01,7242252R00000,0.0,1.5018644332885742,1.5018644332885742
chronos_2_erratic_features_plus_external,erratic,2025-07-01,72431M68L00000,4.0,2.945544719696045,1.054455280303955
chronos_2_erratic_features_plus_external,erratic,2025-07-01,72433M56R00000,3.0,3.871690511703491,0.8716905117034912
chronos_2_erratic_features_plus_external,erratic,2025-07-01,72437M68L00000,2.0,2.042647123336792,0.04264712333679199
chronos_2_erratic_features_plus_external,erratic,2025-07-01,7248265J00000,3.0,2.8894476890563965,0.11055231094360352
chronos_2_erratic_features_plus_external,erratic,2025-07-01,7282165J00Z2S,2.0,3.598672866821289,1.598672866821289
chronos_2_erratic_features_plus_external,erratic,2025-07-01,73110M68P50ZCA,1.0,0.9266839623451233,0.07331603765487671
chronos_2_erratic_features_plus_external,erratic,2025-07-01,7343061J00P4Z,9.0,2.6433494091033936,6.3566505908966064
chronos_2_erratic_features_plus_external,erratic,2025-07-01,73430M75J00P4Z,0.0,1.7096965312957764,1.7096965312957764
chronos_2_erratic_features_plus_external,erratic,2025-07-01,73821M62S205PK,6.0,1.5666629076004028,4.433337092399597
chronos_2_erratic_features_plus_external,erratic,2025-07-01,73821M67P305PK,0.0,0.3267630934715271,0.3267630934715271
chronos_2_erratic_features_plus_external,erratic,2025-07-01,73831M68P005PK,3.0,1.3012127876281738,1.6987872123718262
chronos_2_erratic_features_plus_external,erratic,2025-07-01,74120M66L10000,5.0,4.467677116394043,0.532322883605957
chronos_2_erratic_features_plus_external,erratic,2025-07-01,74461M79M005PK,6.0,3.5441455841064453,2.4558544158935547
chronos_2_erratic_features_plus_external,erratic,2025-07-01,7619171L005PK,1.0,1.6244169473648071,0.6244169473648071
chronos_2_erratic_features_plus_external,erratic,2025-07-01,7619254P005PK,2.0,3.804861545562744,1.8048615455627441
chronos_2_erratic_features_plus_external,erratic,2025-07-01,76520M68P10000,3.0,1.0473525524139404,1.9526474475860596
chronos_2_erratic_features_plus_external,erratic,2025-07-01,76520M74K01000,2.0,2.0938568115234375,0.0938568115234375
chronos_2_erratic_features_plus_external,erratic,2025-07-01,77161M68P00000,1.0,1.0861812829971313,0.08618128299713135
chronos_2_erratic_features_plus_external,erratic,2025-07-01,77210M74T005PK,4.0,3.6988329887390137,0.30116701126098633
chronos_2_erratic_features_plus_external,erratic,2025-07-01,7726054P005PK,3.0,1.6085519790649414,1.3914480209350586
chronos_2_erratic_features_plus_external,erratic,2025-07-01,7733061M01000,8.0,2.961735725402832,5.038264274597168
chronos_2_erratic_features_plus_external,erratic,2025-07-01,77330M81R00000,6.0,7.419546127319336,1.419546127319336
chronos_2_erratic_features_plus_external,erratic,2025-07-01,7781158J000PG,4.0,1.539872407913208,2.460127592086792
chronos_2_erratic_features_plus_external,erratic,2025-07-01,77811M58J000PG,1.0,3.261908531188965,2.261908531188965
chronos_2_erratic_features_plus_external,erratic,2025-07-01,77811M63T000PG,3.0,1.0301640033721924,1.9698359966278076
chronos_2_erratic_features_plus_external,erratic,2025-07-01,7783154GB00PG,5.0,2.6017682552337646,2.3982317447662354
chronos_2_erratic_features_plus_external,erratic,2025-07-01,77831M68L000PG,0.0,1.9669594764709473,1.9669594764709473
chronos_2_erratic_features_plus_external,erratic,2025-07-01,77851M54G000PG,0.0,0.24091428518295288,0.24091428518295288
chronos_2_erratic_features_plus_external,erratic,2025-07-01,8185061J01000,2.0,0.16272997856140137,1.8372700214385986
chronos_2_erratic_features_plus_external,erratic,2025-07-01,81850M68K00000,3.0,2.1717987060546875,0.8282012939453125
chronos_2_erratic_features_plus_external,erratic,2025-07-01,81850M68P10000,2.0,3.2485547065734863,1.2485547065734863
chronos_2_erratic_features_plus_external,erratic,2025-07-01,8186061J01000,2.0,0.18782258033752441,1.8121774196624756
chronos_2_erratic_features_plus_external,erratic,2025-07-01,81860M68K00000,3.0,2.203627586364746,0.7963724136352539
chronos_2_erratic_features_plus_external,erratic,2025-07-01,81860M79G20000,2.0,0.6207903623580933,1.3792096376419067
chronos_2_erratic_features_plus_external,erratic,2025-07-01,8212177K00000,2.0,1.0880664587020874,0.9119335412979126
chronos_2_erratic_features_plus_external,erratic,2025-07-01,82801M66L015PK,5.0,3.0555059909820557,1.9444940090179443
chronos_2_erratic_features_plus_external,erratic,2025-07-01,82801M68K005PK,1.0,2.5067358016967773,1.5067358016967773
chronos_2_erratic_features_plus_external,erratic,2025-07-01,82802M66L015PK,6.0,5.97231388092041,0.027686119079589844
chronos_2_erratic_features_plus_external,erratic,2025-07-01,82802M68K5026U,12.0,4.2316155433654785,7.7683844566345215
chronos_2_erratic_features_plus_external,erratic,2025-07-01,82802M81A605PK,1.0,1.4535202980041504,0.4535202980041504
chronos_2_erratic_features_plus_external,erratic,2025-07-01,82850M76M005PK,0.0,5.574170112609863,5.574170112609863
chronos_2_erratic_features_plus_external,erratic,2025-07-01,8392152R010CE,3.0,1.5540292263031006,1.4459707736968994
chronos_2_erratic_features_plus_external,erratic,2025-07-01,83921M68P000CB,3.0,3.0572891235351562,0.05728912353515625
chronos_2_erratic_features_plus_external,erratic,2025-07-01,83922M55T000CB,5.0,0.9969141483306885,4.0030858516693115
chronos_2_erratic_features_plus_external,erratic,2025-07-01,8392352R020CE,3.0,0.7361364364624023,2.2638635635375977
chronos_2_erratic_features_plus_external,erratic,2025-07-01,83923M68P000CB,5.0,3.364429235458374,1.635570764541626
chronos_2_erratic_features_plus_external,erratic,2025-07-01,83924M55T000CB,3.0,3.089212417602539,0.08921241760253906
chronos_2_erratic_features_plus_external,erratic,2025-07-01,83924M62S000CB,2.0,0.953009843826294,1.046990156173706
chronos_2_erratic_features_plus_external,erratic,2025-07-01,83924M68P100CB,2.0,3.564082384109497,1.564082384109497
chronos_2_erratic_features_plus_external,erratic,2025-07-01,83926M68P000CB,1.0,3.958955764770508,2.958955764770508
chronos_2_erratic_features_plus_external,erratic,2025-07-01,8393061J005PK,2.0,2.1771106719970703,0.1771106719970703
chronos_2_erratic_features_plus_external,erratic,2025-07-01,83932M68P000CB,1.0,4.1350603103637695,3.1350603103637695
chronos_2_erratic_features_plus_external,erratic,2025-07-01,83940M68P100PG,1.0,1.3605973720550537,0.3605973720550537
chronos_2_erratic_features_plus_external,erratic,2025-07-01,83940M74L10000,4.0,3.067697525024414,0.9323024749755859
chronos_2_erratic_features_plus_external,erratic,2025-07-01,83970M68P00000,2.0,0.0,2.0
chronos_2_erratic_features_plus_external,erratic,2025-07-01,84051M55T01000,8.0,5.298111915588379,2.701888084411621
chronos_2_erratic_features_plus_external,erratic,2025-07-01,84051M55T11000,2.0,3.353501558303833,1.353501558303833
chronos_2_erratic_features_plus_external,erratic,2025-07-01,8450152R02000,0.0,0.31933140754699707,0.31933140754699707
chronos_2_erratic_features_plus_external,erratic,2025-07-01,84501M55T00000,1.0,1.754988431930542,0.754988431930542
chronos_2_erratic_features_plus_external,erratic,2025-07-01,84501M68P00000,3.0,1.3537170886993408,1.6462829113006592
chronos_2_erratic_features_plus_external,erratic,2025-07-01,84502M68P00000,1.0,3.0811309814453125,2.0811309814453125
chronos_2_erratic_features_plus_external,erratic,2025-07-01,84510M74L01000,2.0,0.9965510368347168,1.0034489631652832
chronos_2_erratic_features_plus_external,erratic,2025-07-01,84511M75T10000,0.0,1.0,1.0
chronos_2_erratic_features_plus_external,erratic,2025-07-01,84511M76M10000,0.0,0.016692161560058594,0.016692161560058594
chronos_2_erratic_features_plus_external,erratic,2025-07-01,8470171LVAZMT,6.0,2.2832231521606445,3.7167768478393555
chronos_2_erratic_features_plus_external,erratic,2025-07-01,84701M53M205PK,2.0,2.2863316535949707,0.2863316535949707
chronos_2_erratic_features_plus_external,erratic,2025-07-01,84701M55TB0ZHJ,10.0,2.9023959636688232,7.097604036331177
chronos_2_erratic_features_plus_external,erratic,2025-07-01,84701M68P31ZHJ,4.0,4.5239763259887695,0.5239763259887695
chronos_2_erratic_features_plus_external,erratic,2025-07-01,84701M68P515PK,1.0,1.4399791955947876,0.4399791955947876
chronos_2_erratic_features_plus_external,erratic,2025-07-01,84701M74LC15PK,2.0,1.0199987888336182,0.9800012111663818
chronos_2_erratic_features_plus_external,erratic,2025-07-01,8470261J025PK,4.0,1.9373247623443604,2.0626752376556396
chronos_2_erratic_features_plus_external,erratic,2025-07-01,84702M53M205PK,1.0,4.47798490524292,3.47798490524292
chronos_2_erratic_features_plus_external,erratic,2025-07-01,84702M55TB0ZHJ,7.0,1.1277450323104858,5.872254967689514
chronos_2_erratic_features_plus_external,erratic,2025-07-01,84702M56R92ZHJ,1.0,2.003310203552246,1.003310203552246
chronos_2_erratic_features_plus_external,erratic,2025-07-01,84702M62S20Z4Q,5.0,5.025424957275391,0.025424957275390625
chronos_2_erratic_features_plus_external,erratic,2025-07-01,84702M68P31ZHJ,1.0,1.5629947185516357,0.5629947185516357
chronos_2_erratic_features_plus_external,erratic,2025-07-01,84702M68P515PK,1.0,3.183900833129883,2.183900833129883
chronos_2_erratic_features_plus_external,erratic,2025-07-01,84702M74LC15PK,4.0,1.5013525485992432,2.498647451400757
chronos_2_erratic_features_plus_external,erratic,2025-07-01,84702M79G30000,2.0,0.8751561045646667,1.1248438954353333
chronos_2_erratic_features_plus_external,erratic,2025-07-01,84703M79M02000,2.0,3.876781463623047,1.8767814636230469
chronos_2_erratic_features_plus_external,erratic,2025-07-01,8471852R20ZVR,0.0,1.4000798463821411,1.4000798463821411
chronos_2_erratic_features_plus_external,erratic,2025-07-01,8472852R20ZVR,1.0,0.16953039169311523,0.8304696083068848
chronos_2_erratic_features_plus_external,erratic,2025-07-01,8472865J00Z2S,1.0,1.6583868265151978,0.6583868265151978
chronos_2_erratic_features_plus_external,erratic,2025-07-01,8472880J00Z2S,1.0,1.4970252513885498,0.4970252513885498
chronos_2_erratic_features_plus_external,erratic,2025-07-01,84730M67P10000,0.0,0.048767805099487305,0.048767805099487305
chronos_2_erratic_features_plus_external,erratic,2025-07-01,84730M74LC0000,7.0,8.761948585510254,1.761948585510254
chronos_2_erratic_features_plus_external,erratic,2025-07-01,84730M79M00000,2.0,11.139487266540527,9.139487266540527
chronos_2_erratic_features_plus_external,erratic,2025-07-01,8474061M00000,3.0,3.0938055515289307,0.09380555152893066
chronos_2_erratic_features_plus_external,erratic,2025-07-01,8474065J00000,0.0,2.515242099761963,2.515242099761963
chronos_2_erratic_features_plus_external,erratic,2025-07-01,84740M67P10000,0.0,0.9506278038024902,0.9506278038024902
chronos_2_erratic_features_plus_external,erratic,2025-07-01,84740M74LC0000,4.0,4.292095184326172,0.2920951843261719
chronos_2_erratic_features_plus_external,erratic,2025-07-01,84740M74LE0000,0.0,2.0991551876068115,2.0991551876068115
chronos_2_erratic_features_plus_external,erratic,2025-07-01,84740M76M00000,0.0,7.7941365242004395,7.7941365242004395
chronos_2_erratic_features_plus_external,erratic,2025-07-01,84740M79M00000,1.0,10.612213134765625,9.612213134765625
chronos_2_erratic_features_plus_external,erratic,2025-07-01,84920M68PB1BHE,1.0,1.4220669269561768,0.42206692695617676
chronos_2_erratic_features_plus_external,erratic,2025-07-01,84940M68PC1BHE,1.0,2.039184093475342,1.0391840934753418
chronos_2_erratic_features_plus_external,erratic,2025-07-01,95130M68K00000,3.0,1.0157639980316162,1.9842360019683838
chronos_2_erratic_features_plus_external,erratic,2025-07-01,95310M53T00000,5.0,4.32327127456665,0.6767287254333496
chronos_2_erratic_features_plus_external,erratic,2025-07-01,95310M55T00000,13.0,5.295964241027832,7.704035758972168
chronos_2_erratic_features_plus_external,erratic,2025-07-01,95310M76M00000,3.0,1.0962320566177368,1.9037679433822632
chronos_2_erratic_features_plus_external,erratic,2025-08-01,0911912012000,36.0,7.553226470947266,28.446773529052734
chronos_2_erratic_features_plus_external,erratic,2025-08-01,09140M12040000,9.0,13.391074180603027,4.391074180603027
chronos_2_erratic_features_plus_external,erratic,2025-08-01,0915912057000,4.0,1.9856061935424805,2.0143938064575195
chronos_2_erratic_features_plus_external,erratic,2025-08-01,09209M09L02000,15.0,11.214889526367188,3.7851104736328125
chronos_2_erratic_features_plus_external,erratic,2025-08-01,0924616021000,6.0,3.6539487838745117,2.3460512161254883
chronos_2_erratic_features_plus_external,erratic,2025-08-01,0928335052000,22.0,2.6627211570739746,19.337278842926025
chronos_2_erratic_features_plus_external,erratic,2025-08-01,0928348007000,23.0,4.86882209777832,18.13117790222168
chronos_2_erratic_features_plus_external,erratic,2025-08-01,0940907340000,10.0,60.9725456237793,50.9725456237793
chronos_2_erratic_features_plus_external,erratic,2025-08-01,09409M07355000,10.0,38.474952697753906,28.474952697753906
chronos_2_erratic_features_plus_external,erratic,2025-08-01,09409M08006000,128.0,132.72909545898438,4.729095458984375
chronos_2_erratic_features_plus_external,erratic,2025-08-01,09409M10L04000,0.0,26.800891876220703,26.800891876220703
chronos_2_erratic_features_plus_external,erratic,2025-08-01,11610M53M00000,2.0,2.388695478439331,0.38869547843933105
chronos_2_erratic_features_plus_external,erratic,2025-08-01,11610M68K03000,1.0,1.2339632511138916,0.2339632511138916
chronos_2_erratic_features_plus_external,erratic,2025-08-01,11620M53M00000,2.0,1.3546862602233887,0.6453137397766113
chronos_2_erratic_features_plus_external,erratic,2025-08-01,11710M53M00000,1.0,1.7419869899749756,0.7419869899749756
chronos_2_erratic_features_plus_external,erratic,2025-08-01,17100M62S00000,1.0,1.3279750347137451,0.3279750347137451
chronos_2_erratic_features_plus_external,erratic,2025-08-01,17213M76M00000,1.0,1.5381717681884766,0.5381717681884766
chronos_2_erratic_features_plus_external,erratic,2025-08-01,17214M76M10000,1.0,0.3992365002632141,0.6007634997367859
chronos_2_erratic_features_plus_external,erratic,2025-08-01,17700M53M20000,3.0,1.8978080749511719,1.1021919250488281
chronos_2_erratic_features_plus_external,erratic,2025-08-01,17700M76M10000,1.0,1.4307634830474854,0.43076348304748535
chronos_2_erratic_features_plus_external,erratic,2025-08-01,17700M83P00000,4.0,1.1483027935028076,2.8516972064971924
chronos_2_erratic_features_plus_external,erratic,2025-08-01,3512065J32000,2.0,2.349853992462158,0.3498539924621582
chronos_2_erratic_features_plus_external,erratic,2025-08-01,3512071L20000,1.0,2.2513442039489746,1.2513442039489746
chronos_2_erratic_features_plus_external,erratic,2025-08-01,35120M68K20000,1.0,2.373666286468506,1.3736662864685059
chronos_2_erratic_features_plus_external,erratic,2025-08-01,35121M53MB0000,7.0,2.1654088497161865,4.8345911502838135
chronos_2_erratic_features_plus_external,erratic,2025-08-01,35121M60M10000,0.0,0.29082757234573364,0.29082757234573364
chronos_2_erratic_features_plus_external,erratic,2025-08-01,35121M62S30000,5.0,3.8379883766174316,1.1620116233825684
chronos_2_erratic_features_plus_external,erratic,2025-08-01,35121M67P10000,2.0,0.9595777988433838,1.0404222011566162
chronos_2_erratic_features_plus_external,erratic,2025-08-01,35121M74L01000,2.0,5.030862331390381,3.030862331390381
chronos_2_erratic_features_plus_external,erratic,2025-08-01,35121M76M50000,1.0,5.715707778930664,4.715707778930664
chronos_2_erratic_features_plus_external,erratic,2025-08-01,35153M59K10000,0.0,6.689234256744385,6.689234256744385
chronos_2_erratic_features_plus_external,erratic,2025-08-01,35300M74TB1000,8.0,1.7545876502990723,6.245412349700928
chronos_2_erratic_features_plus_external,erratic,2025-08-01,3532064J31000,0.0,2.1898365020751953,2.1898365020751953
chronos_2_erratic_features_plus_external,erratic,2025-08-01,3532065J32000,3.0,4.939000129699707,1.939000129699707
chronos_2_erratic_features_plus_external,erratic,2025-08-01,3532071L20000,1.0,2.2951343059539795,1.2951343059539795
chronos_2_erratic_features_plus_external,erratic,2025-08-01,3532079P30000,2.0,1.2282485961914062,0.7717514038085938
chronos_2_erratic_features_plus_external,erratic,2025-08-01,35321M53MB0000,2.0,3.248790740966797,1.2487907409667969
chronos_2_erratic_features_plus_external,erratic,2025-08-01,35321M55T53000,5.0,6.915658950805664,1.915658950805664
chronos_2_erratic_features_plus_external,erratic,2025-08-01,35321M67P10000,0.0,1.7273478507995605,1.7273478507995605
chronos_2_erratic_features_plus_external,erratic,2025-08-01,35321M68K21000,1.0,1.383164882659912,0.3831648826599121
chronos_2_erratic_features_plus_external,erratic,2025-08-01,35321M74L01000,6.0,3.0731310844421387,2.9268689155578613
chronos_2_erratic_features_plus_external,erratic,2025-08-01,35321M76M50000,6.0,4.355863571166992,1.6441364288330078
chronos_2_erratic_features_plus_external,erratic,2025-08-01,3550054P01000,2.0,1.0583206415176392,0.9416793584823608
chronos_2_erratic_features_plus_external,erratic,2025-08-01,35501M67P00000,3.0,1.338997721672058,1.661002278327942
chronos_2_erratic_features_plus_external,erratic,2025-08-01,3565064J21000,3.0,1.7546226978302002,1.2453773021697998
chronos_2_erratic_features_plus_external,erratic,2025-08-01,3565065J21000,0.0,2.1458256244659424,2.1458256244659424
chronos_2_erratic_features_plus_external,erratic,2025-08-01,3565077R00000,2.0,2.7071685791015625,0.7071685791015625
chronos_2_erratic_features_plus_external,erratic,2025-08-01,3565079P00000,3.0,0.9047497510910034,2.0952502489089966
chronos_2_erratic_features_plus_external,erratic,2025-08-01,35650M53M00000,0.0,2.842714786529541,2.842714786529541
chronos_2_erratic_features_plus_external,erratic,2025-08-01,35650M66L00000,0.0,0.028102993965148926,0.028102993965148926
chronos_2_erratic_features_plus_external,erratic,2025-08-01,35650M67P00000,2.0,2.9991767406463623,0.9991767406463623
chronos_2_erratic_features_plus_external,erratic,2025-08-01,35650M74L00000,0.0,4.025881290435791,4.025881290435791
chronos_2_erratic_features_plus_external,erratic,2025-08-01,35650M75T00000,0.0,1.9864808320999146,1.9864808320999146
chronos_2_erratic_features_plus_external,erratic,2025-08-01,35651M68K00000,1.0,1.0987452268600464,0.09874522686004639
chronos_2_erratic_features_plus_external,erratic,2025-08-01,35651M75L00000,0.0,1.0227344036102295,1.0227344036102295
chronos_2_erratic_features_plus_external,erratic,2025-08-01,35651M76M00000,2.0,2.9764227867126465,0.9764227867126465
chronos_2_erratic_features_plus_external,erratic,2025-08-01,3567060K00000,1.0,2.157142162322998,1.157142162322998
chronos_2_erratic_features_plus_external,erratic,2025-08-01,3567061M10000,1.0,2.3183956146240234,1.3183956146240234
chronos_2_erratic_features_plus_external,erratic,2025-08-01,3567064J20000,1.0,1.7599296569824219,0.7599296569824219
chronos_2_erratic_features_plus_external,erratic,2025-08-01,3567071L00000,1.0,2.2982373237609863,1.2982373237609863
chronos_2_erratic_features_plus_external,erratic,2025-08-01,3567079P00000,4.0,0.052562594413757324,3.9474374055862427
chronos_2_erratic_features_plus_external,erratic,2025-08-01,35670M74L00000,2.0,5.199759483337402,3.1997594833374023
chronos_2_erratic_features_plus_external,erratic,2025-08-01,35671M68K00000,0.0,1.8139801025390625,1.8139801025390625
chronos_2_erratic_features_plus_external,erratic,2025-08-01,35671M75L00000,3.0,1.056215524673462,1.943784475326538
chronos_2_erratic_features_plus_external,erratic,2025-08-01,35750M53M00000,5.0,2.6602838039398193,2.3397161960601807
chronos_2_erratic_features_plus_external,erratic,2025-08-01,35750M66L00000,1.0,0.3465079665184021,0.6534920334815979
chronos_2_erratic_features_plus_external,erratic,2025-08-01,35750M67P00000,3.0,2.1671204566955566,0.8328795433044434
chronos_2_erratic_features_plus_external,erratic,2025-08-01,35750M75T00000,0.0,2.972961664199829,2.972961664199829
chronos_2_erratic_features_plus_external,erratic,2025-08-01,3591075F12000,0.0,1.3679717779159546,1.3679717779159546
chronos_2_erratic_features_plus_external,erratic,2025-08-01,36250M74T15000,1.0,3.1274256706237793,2.1274256706237793
chronos_2_erratic_features_plus_external,erratic,2025-08-01,3625479P01000,1.0,1.269455075263977,0.26945507526397705
chronos_2_erratic_features_plus_external,erratic,2025-08-01,3625486R20000,0.0,1.4042165279388428,1.4042165279388428
chronos_2_erratic_features_plus_external,erratic,2025-08-01,36410M67K00000,3.0,4.094762802124023,1.0947628021240234
chronos_2_erratic_features_plus_external,erratic,2025-08-01,38450M68K00000,0.0,0.4390695095062256,0.4390695095062256
chronos_2_erratic_features_plus_external,erratic,2025-08-01,38450M74L10000,1.0,2.7293989658355713,1.7293989658355713
chronos_2_erratic_features_plus_external,erratic,2025-08-01,38450M76M00000,1.0,2.624890089035034,1.6248900890350342
chronos_2_erratic_features_plus_external,erratic,2025-08-01,38453M75000000,0.0,4.792222023010254,4.792222023010254
chronos_2_erratic_features_plus_external,erratic,2025-08-01,3925164J00000,4.0,3.6182379722595215,0.3817620277404785
chronos_2_erratic_features_plus_external,erratic,2025-08-01,3932152R00000,4.0,1.5902901887893677,2.4097098112106323
chronos_2_erratic_features_plus_external,erratic,2025-08-01,39321M62S10000,4.0,3.1671645641326904,0.8328354358673096
chronos_2_erratic_features_plus_external,erratic,2025-08-01,3932252R00000,4.0,1.3851494789123535,2.6148505210876465
chronos_2_erratic_features_plus_external,erratic,2025-08-01,41710M74L00000,2.0,2.0127274990081787,0.012727499008178711
chronos_2_erratic_features_plus_external,erratic,2025-08-01,4243163J10000,18.0,19.43309783935547,1.4330978393554688
chronos_2_erratic_features_plus_external,erratic,2025-08-01,4321078R010BK,4.0,0.358231782913208,3.641768217086792
chronos_2_erratic_features_plus_external,erratic,2025-08-01,43210M55T5027N,5.0,3.3440968990325928,1.6559031009674072
chronos_2_erratic_features_plus_external,erratic,2025-08-01,43210M55T60QC8,4.0,5.9216718673706055,1.9216718673706055
chronos_2_erratic_features_plus_external,erratic,2025-08-01,43210M68P1009L,2.0,1.7960113286972046,0.2039886713027954
chronos_2_erratic_features_plus_external,erratic,2025-08-01,43210M68P60ZMQ,4.0,4.669998645782471,0.6699986457824707
chronos_2_erratic_features_plus_external,erratic,2025-08-01,43210M75T60QC8,0.0,0.8128517866134644,0.8128517866134644
chronos_2_erratic_features_plus_external,erratic,2025-08-01,43210M79G5309L,8.0,3.1475837230682373,4.852416276931763
chronos_2_erratic_features_plus_external,erratic,2025-08-01,43250M62S0027N,15.0,7.30706787109375,7.69293212890625
chronos_2_erratic_features_plus_external,erratic,2025-08-01,43250M67K0027N,5.0,4.03176736831665,0.9682326316833496
chronos_2_erratic_features_plus_external,erratic,2025-08-01,43250M75T0027N,0.0,1.061253309249878,1.061253309249878
chronos_2_erratic_features_plus_external,erratic,2025-08-01,43250M81R1027N,2.0,1.801522970199585,0.19847702980041504
chronos_2_erratic_features_plus_external,erratic,2025-08-01,43250M83P0027N,6.0,3.0761160850524902,2.9238839149475098
chronos_2_erratic_features_plus_external,erratic,2025-08-01,4325283S000PG,1.0,4.945396423339844,3.9453964233398438
chronos_2_erratic_features_plus_external,erratic,2025-08-01,43252M67L00AQY,2.0,0.39531755447387695,1.604682445526123
chronos_2_erratic_features_plus_external,erratic,2025-08-01,48150M68P10C48,1.0,0.17092472314834595,0.829075276851654
chronos_2_erratic_features_plus_external,erratic,2025-08-01,5730065811000,0.0,5.274479389190674,5.274479389190674
chronos_2_erratic_features_plus_external,erratic,2025-08-01,57300M53M00000,2.0,1.0233118534088135,0.9766881465911865
chronos_2_erratic_features_plus_external,erratic,2025-08-01,57300M67P00000,2.0,3.1766843795776367,1.1766843795776367
chronos_2_erratic_features_plus_external,erratic,2025-08-01,57300M74L00000,1.0,3.751850128173828,2.751850128173828
chronos_2_erratic_features_plus_external,erratic,2025-08-01,57300M76M00000,3.0,4.1697235107421875,1.1697235107421875
chronos_2_erratic_features_plus_external,erratic,2025-08-01,57410M62S00000,0.0,2.3896005153656006,2.3896005153656006
chronos_2_erratic_features_plus_external,erratic,2025-08-01,57410M74L00000,3.0,2.2327146530151367,0.7672853469848633
chronos_2_erratic_features_plus_external,erratic,2025-08-01,57410M76M00000,0.0,1.1088310480117798,1.1088310480117798
chronos_2_erratic_features_plus_external,erratic,2025-08-01,57410M79G00000,2.0,2.276925563812256,0.27692556381225586
chronos_2_erratic_features_plus_external,erratic,2025-08-01,5742054P00000,2.0,1.783018946647644,0.21698105335235596
chronos_2_erratic_features_plus_external,erratic,2025-08-01,57420M62S00000,1.0,2.030014991760254,1.030014991760254
chronos_2_erratic_features_plus_external,erratic,2025-08-01,57420M67P00000,3.0,1.0293627977371216,1.9706372022628784
chronos_2_erratic_features_plus_external,erratic,2025-08-01,57420M74L00000,2.0,1.430195689201355,0.569804310798645
chronos_2_erratic_features_plus_external,erratic,2025-08-01,57420M76M00000,0.0,0.6357942223548889,0.6357942223548889
chronos_2_erratic_features_plus_external,erratic,2025-08-01,57420M79G00000,2.0,1.535674810409546,0.4643251895904541
chronos_2_erratic_features_plus_external,erratic,2025-08-01,5761065J10000,2.0,4.623075485229492,2.623075485229492
chronos_2_erratic_features_plus_external,erratic,2025-08-01,5761154P00000,1.0,0.3921208381652832,0.6078791618347168
chronos_2_erratic_features_plus_external,erratic,2025-08-01,57611M53M00000,2.0,0.45849716663360596,1.541502833366394
chronos_2_erratic_features_plus_external,erratic,2025-08-01,57611M55T00000,11.0,10.972224235534668,0.02777576446533203
chronos_2_erratic_features_plus_external,erratic,2025-08-01,57611M67P01000,2.0,5.150824546813965,3.150824546813965
chronos_2_erratic_features_plus_external,erratic,2025-08-01,57611M75T10000,0.0,2.6516830921173096,2.6516830921173096
chronos_2_erratic_features_plus_external,erratic,2025-08-01,5771065J10000,2.0,5.627785682678223,3.6277856826782227
chronos_2_erratic_features_plus_external,erratic,2025-08-01,57711M53M00000,1.0,1.9993305206298828,0.9993305206298828
chronos_2_erratic_features_plus_external,erratic,2025-08-01,57711M67P01000,1.0,1.543495535850525,0.5434955358505249
chronos_2_erratic_features_plus_external,erratic,2025-08-01,57711M68K10000,1.0,2.105250597000122,1.105250597000122
chronos_2_erratic_features_plus_external,erratic,2025-08-01,57711M71P00000,0.0,0.364269495010376,0.364269495010376
chronos_2_erratic_features_plus_external,erratic,2025-08-01,57711M75T10000,1.0,1.000000238418579,2.384185791015625e-07
chronos_2_erratic_features_plus_external,erratic,2025-08-01,57711M76M00000,6.0,3.0077762603759766,2.9922237396240234
chronos_2_erratic_features_plus_external,erratic,2025-08-01,58121M53M00000,0.0,0.047598838806152344,0.047598838806152344
chronos_2_erratic_features_plus_external,erratic,2025-08-01,58200M80T00000,1.0,0.6961974501609802,0.3038025498390198
chronos_2_erratic_features_plus_external,erratic,2025-08-01,5823052R00000,2.0,1.6847970485687256,0.3152029514312744
chronos_2_erratic_features_plus_external,erratic,2025-08-01,58230M53M00000,0.0,0.3328167200088501,0.3328167200088501
chronos_2_erratic_features_plus_external,erratic,2025-08-01,58230M62S00000,2.0,0.7992749810218811,1.200725018978119
chronos_2_erratic_features_plus_external,erratic,2025-08-01,58230M68K01000,0.0,1.7975051403045654,1.7975051403045654
chronos_2_erratic_features_plus_external,erratic,2025-08-01,5826077K00000,6.0,4.248251914978027,1.7517480850219727
chronos_2_erratic_features_plus_external,erratic,2025-08-01,58270M68K00000,4.0,2.3502955436706543,1.6497044563293457
chronos_2_erratic_features_plus_external,erratic,2025-08-01,58270M75T00000,1.0,1.0,0.0
chronos_2_erratic_features_plus_external,erratic,2025-08-01,58270M76M01000,1.0,4.5403547286987305,3.5403547286987305
chronos_2_erratic_features_plus_external,erratic,2025-08-01,58280M68K00000,1.0,1.2354316711425781,0.23543167114257812
chronos_2_erratic_features_plus_external,erratic,2025-08-01,58811M78R00000,4.0,0.9036242365837097,3.0963757634162903
chronos_2_erratic_features_plus_external,erratic,2025-08-01,65500M55T10000,3.0,4.6414031982421875,1.6414031982421875
chronos_2_erratic_features_plus_external,erratic,2025-08-01,65561M74L00000,1.0,2.512014150619507,1.5120141506195068
chronos_2_erratic_features_plus_external,erratic,2025-08-01,68001M55T20000,3.0,3.059844732284546,0.0598447322845459
chronos_2_erratic_features_plus_external,erratic,2025-08-01,68001M62S12000,1.0,1.0296144485473633,0.02961444854736328
chronos_2_erratic_features_plus_external,erratic,2025-08-01,68002M55T20000,3.0,4.428071022033691,1.4280710220336914
chronos_2_erratic_features_plus_external,erratic,2025-08-01,69100M53M00000,4.0,0.05481433868408203,3.945185661315918
chronos_2_erratic_features_plus_external,erratic,2025-08-01,69100M67P10000,1.0,1.149092674255371,0.1490926742553711
chronos_2_erratic_features_plus_external,erratic,2025-08-01,71079M74T00000,0.0,1.0611761808395386,1.0611761808395386
chronos_2_erratic_features_plus_external,erratic,2025-08-01,7171064R00ZQ4,2.0,2.0241708755493164,0.024170875549316406
chronos_2_erratic_features_plus_external,erratic,2025-08-01,7171154L10799,0.0,0.04219716787338257,0.04219716787338257
chronos_2_erratic_features_plus_external,erratic,2025-08-01,7171161P00799,2.0,3.636894702911377,1.636894702911377
chronos_2_erratic_features_plus_external,erratic,2025-08-01,7171178R015PK,4.0,2.374080181121826,1.6259198188781738
chronos_2_erratic_features_plus_external,erratic,2025-08-01,7171179P00799,2.0,3.1280477046966553,1.1280477046966553
chronos_2_erratic_features_plus_external,erratic,2025-08-01,71711M53MA05PK,0.0,0.6186481714248657,0.6186481714248657
chronos_2_erratic_features_plus_external,erratic,2025-08-01,71711M53MA0799,1.0,1.0100923776626587,0.010092377662658691
chronos_2_erratic_features_plus_external,erratic,2025-08-01,71711M53MB05PK,0.0,1.7795636653900146,1.7795636653900146
chronos_2_erratic_features_plus_external,erratic,2025-08-01,71711M56R00799,2.0,4.7407941818237305,2.7407941818237305
chronos_2_erratic_features_plus_external,erratic,2025-08-01,71711M62S005PK,11.0,8.722128868103027,2.2778711318969727
chronos_2_erratic_features_plus_external,erratic,2025-08-01,71711M66L005PK,3.0,0.23837131261825562,2.7616286873817444
chronos_2_erratic_features_plus_external,erratic,2025-08-01,71711M67P00799,2.0,3.565455913543701,1.5654559135437012
chronos_2_erratic_features_plus_external,erratic,2025-08-01,71711M68K00799,1.0,2.035602569580078,1.0356025695800781
chronos_2_erratic_features_plus_external,erratic,2025-08-01,71711M73T115PK,10.0,0.4060629606246948,9.593937039375305
chronos_2_erratic_features_plus_external,erratic,2025-08-01,71711M74L00799,1.0,3.9754979610443115,2.9754979610443115
chronos_2_erratic_features_plus_external,erratic,2025-08-01,71711M75L00799,2.0,1.6051006317138672,0.3948993682861328
chronos_2_erratic_features_plus_external,erratic,2025-08-01,71711M76M10799,1.0,3.2704412937164307,2.2704412937164307
chronos_2_erratic_features_plus_external,erratic,2025-08-01,71711M76T00N49,3.0,5.069565773010254,2.069565773010254
chronos_2_erratic_features_plus_external,erratic,2025-08-01,71711M79M00799,0.0,1.1037554740905762,1.1037554740905762
chronos_2_erratic_features_plus_external,erratic,2025-08-01,71712M54T00000,2.0,3.958772659301758,1.9587726593017578
chronos_2_erratic_features_plus_external,erratic,2025-08-01,71712M55T00000,5.0,6.966085433959961,1.966085433959961
chronos_2_erratic_features_plus_external,erratic,2025-08-01,71712M56R00000,2.0,2.0018393993377686,0.0018393993377685547
chronos_2_erratic_features_plus_external,erratic,2025-08-01,71712M79M00000,1.0,0.2966320514678955,0.7033679485321045
chronos_2_erratic_features_plus_external,erratic,2025-08-01,71720M76M005PK,3.0,1.7109291553497314,1.2890708446502686
chronos_2_erratic_features_plus_external,erratic,2025-08-01,7172160K005PK,2.0,2.08433198928833,0.08433198928833008
chronos_2_erratic_features_plus_external,erratic,2025-08-01,7172161P005PK,4.0,3.9197020530700684,0.08029794692993164
chronos_2_erratic_features_plus_external,erratic,2025-08-01,7172177MJ05PK,3.0,1.220969557762146,1.779030442237854
chronos_2_erratic_features_plus_external,erratic,2025-08-01,7172179P005PK,0.0,3.5737571716308594,3.5737571716308594
chronos_2_erratic_features_plus_external,erratic,2025-08-01,7172186R105PK,2.0,1.1433207988739014,0.8566792011260986
chronos_2_erratic_features_plus_external,erratic,2025-08-01,71721M56R005PK,1.0,3.8483667373657227,2.8483667373657227
chronos_2_erratic_features_plus_external,erratic,2025-08-01,71721M60MA05PK,1.0,1.7032357454299927,0.7032357454299927
chronos_2_erratic_features_plus_external,erratic,2025-08-01,71721M74T005PK,17.0,3.8761284351348877,13.123871564865112
chronos_2_erratic_features_plus_external,erratic,2025-08-01,71721M75L005PK,2.0,2.7849555015563965,0.7849555015563965
chronos_2_erratic_features_plus_external,erratic,2025-08-01,71721M75T005PK,2.0,0.9348340034484863,1.0651659965515137
chronos_2_erratic_features_plus_external,erratic,2025-08-01,71721M78R005PK,1.0,2.539848804473877,1.539848804473877
chronos_2_erratic_features_plus_external,erratic,2025-08-01,71721M84P005PK,1.0,1.646144151687622,0.6461441516876221
chronos_2_erratic_features_plus_external,erratic,2025-08-01,7173154GA0000,1.0,1.1744235754013062,0.17442357540130615
chronos_2_erratic_features_plus_external,erratic,2025-08-01,7173163J20000,3.0,1.1126102209091187,1.8873897790908813
chronos_2_erratic_features_plus_external,erratic,2025-08-01,7173171L00000,5.0,10.296758651733398,5.296758651733398
chronos_2_erratic_features_plus_external,erratic,2025-08-01,71731M53M00000,3.0,4.754507064819336,1.754507064819336
chronos_2_erratic_features_plus_external,erratic,2025-08-01,71731M53MB0000,3.0,1.887227177619934,1.112772822380066
chronos_2_erratic_features_plus_external,erratic,2025-08-01,71731M66L005PK,2.0,0.8931411504745483,1.1068588495254517
chronos_2_erratic_features_plus_external,erratic,2025-08-01,71731M67P00000,4.0,4.535292148590088,0.5352921485900879
chronos_2_erratic_features_plus_external,erratic,2025-08-01,71731M68K00000,3.0,3.3491077423095703,0.3491077423095703
chronos_2_erratic_features_plus_external,erratic,2025-08-01,7173262R00000,1.0,1.2970980405807495,0.2970980405807495
chronos_2_erratic_features_plus_external,erratic,2025-08-01,7173263J20000,1.0,1.6868016719818115,0.6868016719818115
chronos_2_erratic_features_plus_external,erratic,2025-08-01,7173271L00000,8.0,7.587388038635254,0.4126119613647461
chronos_2_erratic_features_plus_external,erratic,2025-08-01,71732M53M00000,5.0,5.044333457946777,0.044333457946777344
chronos_2_erratic_features_plus_external,erratic,2025-08-01,71732M66L005PK,3.0,0.22340255975723267,2.7765974402427673
chronos_2_erratic_features_plus_external,erratic,2025-08-01,71732M67P00000,1.0,3.7890686988830566,2.7890686988830566
chronos_2_erratic_features_plus_external,erratic,2025-08-01,71732M68K00000,1.0,4.568150520324707,3.568150520324707
chronos_2_erratic_features_plus_external,erratic,2025-08-01,71732M74T00000,2.0,1.9664223194122314,0.033577680587768555
chronos_2_erratic_features_plus_external,erratic,2025-08-01,71733M55T00000,19.0,2.04335355758667,16.95664644241333
chronos_2_erratic_features_plus_external,erratic,2025-08-01,71733M74L00000,1.0,0.9040859937667847,0.09591400623321533
chronos_2_erratic_features_plus_external,erratic,2025-08-01,71734M55T00000,11.0,6.7299957275390625,4.2700042724609375
chronos_2_erratic_features_plus_external,erratic,2025-08-01,71734M68L00000,1.0,3.062547445297241,2.062547445297241
chronos_2_erratic_features_plus_external,erratic,2025-08-01,71734M74T00000,1.0,0.9211173057556152,0.07888269424438477
chronos_2_erratic_features_plus_external,erratic,2025-08-01,7174054L10D2W,0.0,0.588238000869751,0.588238000869751
chronos_2_erratic_features_plus_external,erratic,2025-08-01,7174073R10CUG,1.0,0.7297991514205933,0.27020084857940674
chronos_2_erratic_features_plus_external,erratic,2025-08-01,7174079P00C48,1.0,1.9197171926498413,0.9197171926498413
chronos_2_erratic_features_plus_external,erratic,2025-08-01,7174079S00C48,6.0,4.958585262298584,1.041414737701416
chronos_2_erratic_features_plus_external,erratic,2025-08-01,71740M55T10C48,12.0,14.713112831115723,2.7131128311157227
chronos_2_erratic_features_plus_external,erratic,2025-08-01,71740M56R00C48,3.0,6.694219589233398,3.6942195892333984
chronos_2_erratic_features_plus_external,erratic,2025-08-01,71740M68T00C48,24.0,34.2576904296875,10.2576904296875
chronos_2_erratic_features_plus_external,erratic,2025-08-01,71740M76MA0C48,12.0,8.734147071838379,3.265852928161621
chronos_2_erratic_features_plus_external,erratic,2025-08-01,71740M76T10KDJ,9.0,2.8448076248168945,6.1551923751831055
chronos_2_erratic_features_plus_external,erratic,2025-08-01,71740M81R00C48,5.0,1.777706503868103,3.222293496131897
chronos_2_erratic_features_plus_external,erratic,2025-08-01,7174160P005PK,1.0,2.7068986892700195,1.7068986892700195
chronos_2_erratic_features_plus_external,erratic,2025-08-01,71741M53M005PK,0.0,0.06935906410217285,0.06935906410217285
chronos_2_erratic_features_plus_external,erratic,2025-08-01,71741M53MA05PK,3.0,1.5468010902404785,1.4531989097595215
chronos_2_erratic_features_plus_external,erratic,2025-08-01,71741M74L005PK,1.0,3.4173078536987305,2.4173078536987305
chronos_2_erratic_features_plus_external,erratic,2025-08-01,71741M75L005PK,1.0,1.0018880367279053,0.0018880367279052734
chronos_2_erratic_features_plus_external,erratic,2025-08-01,71741M75T00W9K,5.0,1.9317927360534668,3.068207263946533
chronos_2_erratic_features_plus_external,erratic,2025-08-01,71741M76M105PK,4.0,2.5362257957458496,1.4637742042541504
chronos_2_erratic_features_plus_external,erratic,2025-08-01,71741M83P005PK,5.0,9.82114028930664,4.821140289306641
chronos_2_erratic_features_plus_external,erratic,2025-08-01,71743M76M100PG,1.0,1.5038669109344482,0.5038669109344482
chronos_2_erratic_features_plus_external,erratic,2025-08-01,71744M76M100PG,1.0,2.4326794147491455,1.4326794147491455
chronos_2_erratic_features_plus_external,erratic,2025-08-01,71745M75T10000,1.0,1.0,0.0
chronos_2_erratic_features_plus_external,erratic,2025-08-01,7175172S205PK,0.0,1.2392327785491943,1.2392327785491943
chronos_2_erratic_features_plus_external,erratic,2025-08-01,7175186R000PG,1.0,7.128666400909424,6.128666400909424
chronos_2_erratic_features_plus_external,erratic,2025-08-01,71751M67P105PK,4.0,2.9319052696228027,1.0680947303771973
chronos_2_erratic_features_plus_external,erratic,2025-08-01,71751M83P105PK,0.0,3.945277214050293,3.945277214050293
chronos_2_erratic_features_plus_external,erratic,2025-08-01,71752M54T100PG,3.0,4.781118869781494,1.7811188697814941
chronos_2_erratic_features_plus_external,erratic,2025-08-01,71752M83P00PWJ,0.0,1.3123505115509033,1.3123505115509033
chronos_2_erratic_features_plus_external,erratic,2025-08-01,7176179P105PK,1.0,0.7598555684089661,0.24014443159103394
chronos_2_erratic_features_plus_external,erratic,2025-08-01,71761M52R105PK,4.0,3.2689409255981445,0.7310590744018555
chronos_2_erratic_features_plus_external,erratic,2025-08-01,71761M67P105PK,0.0,1.8637261390686035,1.8637261390686035
chronos_2_erratic_features_plus_external,erratic,2025-08-01,71761M68K105PK,1.0,1.0729068517684937,0.07290685176849365
chronos_2_erratic_features_plus_external,erratic,2025-08-01,71761M74T20ZAM,5.0,2.1445984840393066,2.8554015159606934
chronos_2_erratic_features_plus_external,erratic,2025-08-01,71761M76MB0Z2S,1.0,0.7848957777023315,0.21510422229766846
chronos_2_erratic_features_plus_external,erratic,2025-08-01,71761M76MB0ZHJ,1.0,0.31944435834884644,0.6805556416511536
chronos_2_erratic_features_plus_external,erratic,2025-08-01,71762M54T100PG,4.0,2.5354080200195312,1.4645919799804688
chronos_2_erratic_features_plus_external,erratic,2025-08-01,7177164R005PK,0.0,0.2015073299407959,0.2015073299407959
chronos_2_erratic_features_plus_external,erratic,2025-08-01,7177171L00000,2.0,1.0194597244262695,0.9805402755737305
chronos_2_erratic_features_plus_external,erratic,2025-08-01,7177186R000PG,0.0,1.6848500967025757,1.6848500967025757
chronos_2_erratic_features_plus_external,erratic,2025-08-01,71771M55T00000,8.0,8.69802474975586,0.6980247497558594
chronos_2_erratic_features_plus_external,erratic,2025-08-01,71771M56R100PG,2.0,4.515609264373779,2.5156092643737793
chronos_2_erratic_features_plus_external,erratic,2025-08-01,71771M76T00PER,3.0,2.0449132919311523,0.9550867080688477
chronos_2_erratic_features_plus_external,erratic,2025-08-01,71772M55T00000,7.0,2.722012996673584,4.277987003326416
chronos_2_erratic_features_plus_external,erratic,2025-08-01,71782M56R100PG,3.0,3.833873987197876,0.833873987197876
chronos_2_erratic_features_plus_external,erratic,2025-08-01,71782M66L00000,2.0,1.6346774101257324,0.3653225898742676
chronos_2_erratic_features_plus_external,erratic,2025-08-01,71782M75T00000,5.0,1.5,3.5
chronos_2_erratic_features_plus_external,erratic,2025-08-01,7181179P00799,7.0,2.0245280265808105,4.9754719734191895
chronos_2_erratic_features_plus_external,erratic,2025-08-01,71811M53M00799,0.0,2.3875885009765625,2.3875885009765625
chronos_2_erratic_features_plus_external,erratic,2025-08-01,71811M56R00799,2.0,1.1987216472625732,0.8012783527374268
chronos_2_erratic_features_plus_external,erratic,2025-08-01,71811M56R10799,1.0,0.8528205156326294,0.1471794843673706
chronos_2_erratic_features_plus_external,erratic,2025-08-01,71811M66L005PK,1.0,1.2670783996582031,0.2670783996582031
chronos_2_erratic_features_plus_external,erratic,2025-08-01,71811M67P01799,1.0,2.3343007564544678,1.3343007564544678
chronos_2_erratic_features_plus_external,erratic,2025-08-01,71811M68K00799,0.0,1.6160831451416016,1.6160831451416016
chronos_2_erratic_features_plus_external,erratic,2025-08-01,71811M68P00799,3.0,3.5357043743133545,0.5357043743133545
chronos_2_erratic_features_plus_external,erratic,2025-08-01,71811M74T00799,6.0,2.8741772174835205,3.1258227825164795
chronos_2_erratic_features_plus_external,erratic,2025-08-01,71811M75L00799,0.0,0.5895256996154785,0.5895256996154785
chronos_2_erratic_features_plus_external,erratic,2025-08-01,71811M75T00799,0.0,3.035454034805298,3.035454034805298
chronos_2_erratic_features_plus_external,erratic,2025-08-01,71811M76M00799,4.0,3.8850977420806885,0.11490225791931152
chronos_2_erratic_features_plus_external,erratic,2025-08-01,71811M80T105PK,0.0,2.9474058151245117,2.9474058151245117
chronos_2_erratic_features_plus_external,erratic,2025-08-01,7181365L00000,1.0,0.5969129800796509,0.4030870199203491
chronos_2_erratic_features_plus_external,erratic,2025-08-01,7182173K10000,3.0,1.9847335815429688,1.0152664184570312
chronos_2_erratic_features_plus_external,erratic,2025-08-01,7182179P00000,4.0,2.485503911972046,1.514496088027954
chronos_2_erratic_features_plus_external,erratic,2025-08-01,71821M68K00000,0.0,4.327856063842773,4.327856063842773
chronos_2_erratic_features_plus_external,erratic,2025-08-01,71821M75T00000,0.0,1.5,1.5
chronos_2_erratic_features_plus_external,erratic,2025-08-01,71821M79M00000,0.0,19.43642807006836,19.43642807006836
chronos_2_erratic_features_plus_external,erratic,2025-08-01,7182273K10000,1.0,2.6512231826782227,1.6512231826782227
chronos_2_erratic_features_plus_external,erratic,2025-08-01,7182279P00000,5.0,2.196458101272583,2.803541898727417
chronos_2_erratic_features_plus_external,erratic,2025-08-01,7182280J00000,0.0,0.16635560989379883,0.16635560989379883
chronos_2_erratic_features_plus_external,erratic,2025-08-01,71822M55T00000,15.0,8.538524627685547,6.461475372314453
chronos_2_erratic_features_plus_external,erratic,2025-08-01,71822M68K00000,0.0,3.5293285846710205,3.5293285846710205
chronos_2_erratic_features_plus_external,erratic,2025-08-01,71822M75T00000,1.0,1.831315279006958,0.831315279006958
chronos_2_erratic_features_plus_external,erratic,2025-08-01,71822M79M00000,1.0,21.16182518005371,20.16182518005371
chronos_2_erratic_features_plus_external,erratic,2025-08-01,71823M68L00000,3.0,4.502923965454102,1.5029239654541016
chronos_2_erratic_features_plus_external,erratic,2025-08-01,7187186R000BK,5.0,2.3874874114990234,2.6125125885009766
chronos_2_erratic_features_plus_external,erratic,2025-08-01,72310M68K00000,9.0,4.792780876159668,4.207219123840332
chronos_2_erratic_features_plus_external,erratic,2025-08-01,72312M55R00000,2.0,3.118807315826416,1.118807315826416
chronos_2_erratic_features_plus_external,erratic,2025-08-01,72312M68K00000,17.0,12.398990631103516,4.601009368896484
chronos_2_erratic_features_plus_external,erratic,2025-08-01,7232154P00000,5.0,1.153786540031433,3.846213459968567
chronos_2_erratic_features_plus_external,erratic,2025-08-01,7232171L00000,0.0,2.5629870891571045,2.5629870891571045
chronos_2_erratic_features_plus_external,erratic,2025-08-01,72321M53M00000,9.0,5.5914459228515625,3.4085540771484375
chronos_2_erratic_features_plus_external,erratic,2025-08-01,72321M68K00000,1.0,1.425327181816101,0.4253271818161011
chronos_2_erratic_features_plus_external,erratic,2025-08-01,72321M74L00000,5.0,3.307234048843384,1.6927659511566162
chronos_2_erratic_features_plus_external,erratic,2025-08-01,72321M76M01000,0.0,2.8463244438171387,2.8463244438171387
chronos_2_erratic_features_plus_external,erratic,2025-08-01,7232271L00000,1.0,3.0512502193450928,2.0512502193450928
chronos_2_erratic_features_plus_external,erratic,2025-08-01,72322M53M00000,8.0,5.63450288772583,2.36549711227417
chronos_2_erratic_features_plus_external,erratic,2025-08-01,72322M68K00000,1.0,2.298435926437378,1.298435926437378
chronos_2_erratic_features_plus_external,erratic,2025-08-01,72322M74L00000,6.0,4.371058940887451,1.6289410591125488
chronos_2_erratic_features_plus_external,erratic,2025-08-01,72322M76M01000,0.0,1.7618958950042725,1.7618958950042725
chronos_2_erratic_features_plus_external,erratic,2025-08-01,72371M74L105PK,0.0,2.9272751808166504,2.9272751808166504
chronos_2_erratic_features_plus_external,erratic,2025-08-01,72380M62S01000,3.0,2.72794771194458,0.2720522880554199
chronos_2_erratic_features_plus_external,erratic,2025-08-01,72398M68K00000,0.0,1.8409736156463623,1.8409736156463623
chronos_2_erratic_features_plus_external,erratic,2025-08-01,72411M74L10000,2.0,0.7478721141815186,1.2521278858184814
chronos_2_erratic_features_plus_external,erratic,2025-08-01,72420M80T00000,3.0,0.9064763784408569,2.093523621559143
chronos_2_erratic_features_plus_external,erratic,2025-08-01,7242252R00000,1.0,1.1042762994766235,0.10427629947662354
chronos_2_erratic_features_plus_external,erratic,2025-08-01,72431M68L00000,1.0,2.1471505165100098,1.1471505165100098
chronos_2_erratic_features_plus_external,erratic,2025-08-01,72433M56R00000,2.0,1.7239811420440674,0.2760188579559326
chronos_2_erratic_features_plus_external,erratic,2025-08-01,72437M68L00000,1.0,0.8791701197624207,0.12082988023757935
chronos_2_erratic_features_plus_external,erratic,2025-08-01,7248265J00000,1.0,3.34061336517334,2.34061336517334
chronos_2_erratic_features_plus_external,erratic,2025-08-01,7282165J00Z2S,5.0,3.0726842880249023,1.9273157119750977
chronos_2_erratic_features_plus_external,erratic,2025-08-01,73110M68P50ZCA,1.0,0.962999701499939,0.037000298500061035
chronos_2_erratic_features_plus_external,erratic,2025-08-01,7343061J00P4Z,2.0,2.455024242401123,0.45502424240112305
chronos_2_erratic_features_plus_external,erratic,2025-08-01,73430M75J00P4Z,1.0,1.9514267444610596,0.9514267444610596
chronos_2_erratic_features_plus_external,erratic,2025-08-01,73821M62S205PK,4.0,1.6639432907104492,2.336056709289551
chronos_2_erratic_features_plus_external,erratic,2025-08-01,73821M67P305PK,0.0,0.6875622272491455,0.6875622272491455
chronos_2_erratic_features_plus_external,erratic,2025-08-01,73831M68P005PK,0.0,1.2010289430618286,1.2010289430618286
chronos_2_erratic_features_plus_external,erratic,2025-08-01,74120M66L10000,1.0,0.2742760181427002,0.7257239818572998
chronos_2_erratic_features_plus_external,erratic,2025-08-01,74461M79M005PK,4.0,4.3863396644592285,0.3863396644592285
chronos_2_erratic_features_plus_external,erratic,2025-08-01,7619171L005PK,1.0,1.1901676654815674,0.19016766548156738
chronos_2_erratic_features_plus_external,erratic,2025-08-01,7619254P005PK,0.0,3.0119621753692627,3.0119621753692627
chronos_2_erratic_features_plus_external,erratic,2025-08-01,76520M68P10000,6.0,2.10050368309021,3.89949631690979
chronos_2_erratic_features_plus_external,erratic,2025-08-01,76520M74K01000,4.0,3.2942519187927246,0.7057480812072754
chronos_2_erratic_features_plus_external,erratic,2025-08-01,77161M68P00000,1.0,1.6856240034103394,0.6856240034103394
chronos_2_erratic_features_plus_external,erratic,2025-08-01,77210M74T005PK,10.0,2.1041948795318604,7.89580512046814
chronos_2_erratic_features_plus_external,erratic,2025-08-01,7726054P005PK,3.0,1.0345044136047363,1.9654955863952637
chronos_2_erratic_features_plus_external,erratic,2025-08-01,7733061M01000,2.0,2.066260814666748,0.06626081466674805
chronos_2_erratic_features_plus_external,erratic,2025-08-01,77330M81R00000,8.0,10.84197998046875,2.84197998046875
chronos_2_erratic_features_plus_external,erratic,2025-08-01,7781158J000PG,0.0,2.0064754486083984,2.0064754486083984
chronos_2_erratic_features_plus_external,erratic,2025-08-01,77811M58J000PG,2.0,3.63248610496521,1.63248610496521
chronos_2_erratic_features_plus_external,erratic,2025-08-01,77811M63T000PG,0.0,1.002699375152588,1.002699375152588
chronos_2_erratic_features_plus_external,erratic,2025-08-01,7783154GB00PG,2.0,2.3480629920959473,0.34806299209594727
chronos_2_erratic_features_plus_external,erratic,2025-08-01,77831M68L000PG,0.0,2.027859687805176,2.027859687805176
chronos_2_erratic_features_plus_external,erratic,2025-08-01,77851M54G000PG,2.0,1.0467664003372192,0.9532335996627808
chronos_2_erratic_features_plus_external,erratic,2025-08-01,8185061J01000,3.0,1.6763367652893066,1.3236632347106934
chronos_2_erratic_features_plus_external,erratic,2025-08-01,81850M68K00000,3.0,1.4185776710510254,1.5814223289489746
chronos_2_erratic_features_plus_external,erratic,2025-08-01,81850M68P10000,0.0,2.0599234104156494,2.0599234104156494
chronos_2_erratic_features_plus_external,erratic,2025-08-01,8186061J01000,3.0,1.3689188957214355,1.6310811042785645
chronos_2_erratic_features_plus_external,erratic,2025-08-01,81860M68K00000,3.0,1.4814279079437256,1.5185720920562744
chronos_2_erratic_features_plus_external,erratic,2025-08-01,81860M79G20000,2.0,0.622022271156311,1.377977728843689
chronos_2_erratic_features_plus_external,erratic,2025-08-01,8212177K00000,3.0,1.0886237621307373,1.9113762378692627
chronos_2_erratic_features_plus_external,erratic,2025-08-01,82801M66L015PK,3.0,4.16303825378418,1.1630382537841797
chronos_2_erratic_features_plus_external,erratic,2025-08-01,82801M68K005PK,3.0,4.09672737121582,1.0967273712158203
chronos_2_erratic_features_plus_external,erratic,2025-08-01,82802M66L015PK,21.0,4.480612277984619,16.51938772201538
chronos_2_erratic_features_plus_external,erratic,2025-08-01,82802M68K5026U,7.0,2.5433177947998047,4.456682205200195
chronos_2_erratic_features_plus_external,erratic,2025-08-01,82802M81A605PK,0.0,0.6597296595573425,0.6597296595573425
chronos_2_erratic_features_plus_external,erratic,2025-08-01,82850M76M005PK,1.0,4.247509956359863,3.2475099563598633
chronos_2_erratic_features_plus_external,erratic,2025-08-01,8392152R010CE,2.0,1.7639636993408203,0.2360363006591797
chronos_2_erratic_features_plus_external,erratic,2025-08-01,83921M68P000CB,2.0,1.223647952079773,0.776352047920227
chronos_2_erratic_features_plus_external,erratic,2025-08-01,83922M55T000CB,2.0,1.1024333238601685,0.8975666761398315
chronos_2_erratic_features_plus_external,erratic,2025-08-01,8392352R020CE,2.0,1.3858405351638794,0.6141594648361206
chronos_2_erratic_features_plus_external,erratic,2025-08-01,83923M68P000CB,2.0,0.9338984489440918,1.0661015510559082
chronos_2_erratic_features_plus_external,erratic,2025-08-01,83924M55T000CB,0.0,4.122816562652588,4.122816562652588
chronos_2_erratic_features_plus_external,erratic,2025-08-01,83924M62S000CB,1.0,1.362877368927002,0.36287736892700195
chronos_2_erratic_features_plus_external,erratic,2025-08-01,83924M68P100CB,5.0,4.117645263671875,0.882354736328125
chronos_2_erratic_features_plus_external,erratic,2025-08-01,83926M68P000CB,1.0,3.3003830909729004,2.3003830909729004
chronos_2_erratic_features_plus_external,erratic,2025-08-01,8393061J005PK,4.0,1.865958571434021,2.134041428565979
chronos_2_erratic_features_plus_external,erratic,2025-08-01,83932M68P000CB,2.0,3.099968671798706,1.099968671798706
chronos_2_erratic_features_plus_external,erratic,2025-08-01,83940M68P100PG,1.0,0.3516533374786377,0.6483466625213623
chronos_2_erratic_features_plus_external,erratic,2025-08-01,83940M74L10000,2.0,1.0426242351531982,0.9573757648468018
chronos_2_erratic_features_plus_external,erratic,2025-08-01,83970M68P00000,3.0,1.6413516998291016,1.3586483001708984
chronos_2_erratic_features_plus_external,erratic,2025-08-01,84051M55T01000,3.0,3.562974691390991,0.5629746913909912
chronos_2_erratic_features_plus_external,erratic,2025-08-01,84051M55T11000,6.0,2.562530994415283,3.437469005584717
chronos_2_erratic_features_plus_external,erratic,2025-08-01,8450152R02000,2.0,0.910876989364624,1.089123010635376
chronos_2_erratic_features_plus_external,erratic,2025-08-01,84501M55T00000,1.0,1.5207711458206177,0.5207711458206177
chronos_2_erratic_features_plus_external,erratic,2025-08-01,84501M68P00000,0.0,1.744446039199829,1.744446039199829
chronos_2_erratic_features_plus_external,erratic,2025-08-01,84502M68P00000,0.0,1.8385357856750488,1.8385357856750488
chronos_2_erratic_features_plus_external,erratic,2025-08-01,84510M74L01000,1.0,1.1586331129074097,0.15863311290740967
chronos_2_erratic_features_plus_external,erratic,2025-08-01,84511M75T10000,1.0,1.0,0.0
chronos_2_erratic_features_plus_external,erratic,2025-08-01,84511M76M10000,1.0,0.9267206788063049,0.07327932119369507
chronos_2_erratic_features_plus_external,erratic,2025-08-01,8470171LVAZMT,2.0,1.8591771125793457,0.1408228874206543
chronos_2_erratic_features_plus_external,erratic,2025-08-01,84701M53M205PK,1.0,2.6411445140838623,1.6411445140838623
chronos_2_erratic_features_plus_external,erratic,2025-08-01,84701M55TB0ZHJ,2.0,1.978405475616455,0.021594524383544922
chronos_2_erratic_features_plus_external,erratic,2025-08-01,84701M68P31ZHJ,0.0,1.8026738166809082,1.8026738166809082
chronos_2_erratic_features_plus_external,erratic,2025-08-01,84701M68P515PK,3.0,2.9524149894714355,0.04758501052856445
chronos_2_erratic_features_plus_external,erratic,2025-08-01,84701M74LC15PK,2.0,1.487518548965454,0.5124814510345459
chronos_2_erratic_features_plus_external,erratic,2025-08-01,8470261J025PK,5.0,1.3310954570770264,3.6689045429229736
chronos_2_erratic_features_plus_external,erratic,2025-08-01,84702M53M205PK,3.0,3.461085081100464,0.46108508110046387
chronos_2_erratic_features_plus_external,erratic,2025-08-01,84702M55TB0ZHJ,1.0,1.9487032890319824,0.9487032890319824
chronos_2_erratic_features_plus_external,erratic,2025-08-01,84702M56R92ZHJ,3.0,2.698559522628784,0.3014404773712158
chronos_2_erratic_features_plus_external,erratic,2025-08-01,84702M62S20Z4Q,4.0,6.586915016174316,2.5869150161743164
chronos_2_erratic_features_plus_external,erratic,2025-08-01,84702M68P31ZHJ,2.0,1.2058697938919067,0.7941302061080933
chronos_2_erratic_features_plus_external,erratic,2025-08-01,84702M68P515PK,1.0,2.2679803371429443,1.2679803371429443
chronos_2_erratic_features_plus_external,erratic,2025-08-01,84702M74LC15PK,1.0,1.134360671043396,0.134360671043396
chronos_2_erratic_features_plus_external,erratic,2025-08-01,84702M79G30000,0.0,1.2727621793746948,1.2727621793746948
chronos_2_erratic_features_plus_external,erratic,2025-08-01,84703M79M02000,3.0,0.5786828994750977,2.4213171005249023
chronos_2_erratic_features_plus_external,erratic,2025-08-01,8471852R20ZVR,2.0,1.3610566854476929,0.6389433145523071
chronos_2_erratic_features_plus_external,erratic,2025-08-01,8472852R20ZVR,0.0,0.8526324033737183,0.8526324033737183
chronos_2_erratic_features_plus_external,erratic,2025-08-01,8472865J00Z2S,1.0,2.868001937866211,1.868001937866211
chronos_2_erratic_features_plus_external,erratic,2025-08-01,8472880J00Z2S,2.0,1.1552317142486572,0.8447682857513428
chronos_2_erratic_features_plus_external,erratic,2025-08-01,84730M67P10000,0.0,0.1677722930908203,0.1677722930908203
chronos_2_erratic_features_plus_external,erratic,2025-08-01,84730M74LC0000,7.0,5.324369430541992,1.6756305694580078
chronos_2_erratic_features_plus_external,erratic,2025-08-01,84730M79M00000,3.0,4.325580596923828,1.3255805969238281
chronos_2_erratic_features_plus_external,erratic,2025-08-01,8474061M00000,4.0,0.988091230392456,3.011908769607544
chronos_2_erratic_features_plus_external,erratic,2025-08-01,8474065J00000,3.0,1.3819096088409424,1.6180903911590576
chronos_2_erratic_features_plus_external,erratic,2025-08-01,84740M67P10000,0.0,2.535717248916626,2.535717248916626
chronos_2_erratic_features_plus_external,erratic,2025-08-01,84740M74LC0000,4.0,2.225389242172241,1.7746107578277588
chronos_2_erratic_features_plus_external,erratic,2025-08-01,84740M74LE0000,1.0,1.081424355506897,0.08142435550689697
chronos_2_erratic_features_plus_external,erratic,2025-08-01,84740M76M00000,1.0,4.692793846130371,3.692793846130371
chronos_2_erratic_features_plus_external,erratic,2025-08-01,84740M79M00000,1.0,5.979864120483398,4.979864120483398
chronos_2_erratic_features_plus_external,erratic,2025-08-01,84920M68PB1BHE,2.0,0.9610261917114258,1.0389738082885742
chronos_2_erratic_features_plus_external,erratic,2025-08-01,84940M68PC1BHE,2.0,1.2338720560073853,0.7661279439926147
chronos_2_erratic_features_plus_external,erratic,2025-08-01,95130M68K00000,0.0,0.43387794494628906,0.43387794494628906
chronos_2_erratic_features_plus_external,erratic,2025-08-01,95310M53T00000,6.0,3.8072686195373535,2.1927313804626465
chronos_2_erratic_features_plus_external,erratic,2025-08-01,95310M55T00000,5.0,5.070282936096191,0.0702829360961914
chronos_2_erratic_features_plus_external,erratic,2025-08-01,95310M76M00000,1.0,0.8244471549987793,0.1755528450012207
chronos_2_erratic_features_plus_external,erratic,2025-09-01,0911912012000,12.0,35.067970275878906,23.067970275878906
chronos_2_erratic_features_plus_external,erratic,2025-09-01,09140M12040000,32.0,14.445572853088379,17.55442714691162
chronos_2_erratic_features_plus_external,erratic,2025-09-01,0915912057000,1.0,7.75728702545166,6.75728702545166
chronos_2_erratic_features_plus_external,erratic,2025-09-01,09209M09L02000,6.0,9.876975059509277,3.8769750595092773
chronos_2_erratic_features_plus_external,erratic,2025-09-01,0924616021000,2.0,2.5030722618103027,0.5030722618103027
chronos_2_erratic_features_plus_external,erratic,2025-09-01,0928335052000,3.0,2.0567562580108643,0.9432437419891357
chronos_2_erratic_features_plus_external,erratic,2025-09-01,0928348007000,0.0,2.8667593002319336,2.8667593002319336
chronos_2_erratic_features_plus_external,erratic,2025-09-01,0940907340000,20.0,28.719343185424805,8.719343185424805
chronos_2_erratic_features_plus_external,erratic,2025-09-01,09409M07355000,38.0,18.918495178222656,19.081504821777344
chronos_2_erratic_features_plus_external,erratic,2025-09-01,09409M08006000,40.0,99.68441009521484,59.684410095214844
chronos_2_erratic_features_plus_external,erratic,2025-09-01,09409M10L04000,60.0,5.08094596862793,54.91905403137207
chronos_2_erratic_features_plus_external,erratic,2025-09-01,11610M53M00000,4.0,0.3693516254425049,3.630648374557495
chronos_2_erratic_features_plus_external,erratic,2025-09-01,11610M68K03000,2.0,0.886614978313446,1.113385021686554
chronos_2_erratic_features_plus_external,erratic,2025-09-01,11620M53M00000,1.0,0.4031713008880615,0.5968286991119385
chronos_2_erratic_features_plus_external,erratic,2025-09-01,11710M53M00000,2.0,0.38443899154663086,1.6155610084533691
chronos_2_erratic_features_plus_external,erratic,2025-09-01,17100M62S00000,1.0,2.5591461658477783,1.5591461658477783
chronos_2_erratic_features_plus_external,erratic,2025-09-01,17213M76M00000,1.0,1.110170602798462,0.11017060279846191
chronos_2_erratic_features_plus_external,erratic,2025-09-01,17214M76M10000,0.0,0.0,0.0
chronos_2_erratic_features_plus_external,erratic,2025-09-01,17700M53M20000,3.0,1.1908705234527588,1.8091294765472412
chronos_2_erratic_features_plus_external,erratic,2025-09-01,17700M76M10000,1.0,2.960763692855835,1.960763692855835
chronos_2_erratic_features_plus_external,erratic,2025-09-01,17700M83P00000,0.0,1.1740268468856812,1.1740268468856812
chronos_2_erratic_features_plus_external,erratic,2025-09-01,3512065J32000,3.0,2.4387893676757812,0.5612106323242188
chronos_2_erratic_features_plus_external,erratic,2025-09-01,3512071L20000,0.0,1.5147340297698975,1.5147340297698975
chronos_2_erratic_features_plus_external,erratic,2025-09-01,35120M68K20000,1.0,1.2237741947174072,0.22377419471740723
chronos_2_erratic_features_plus_external,erratic,2025-09-01,35121M53MB0000,3.0,1.3958934545516968,1.6041065454483032
chronos_2_erratic_features_plus_external,erratic,2025-09-01,35121M60M10000,1.0,0.42513787746429443,0.5748621225357056
chronos_2_erratic_features_plus_external,erratic,2025-09-01,35121M62S30000,12.0,8.980846405029297,3.019153594970703
chronos_2_erratic_features_plus_external,erratic,2025-09-01,35121M67P10000,0.0,0.5915684700012207,0.5915684700012207
chronos_2_erratic_features_plus_external,erratic,2025-09-01,35121M74L01000,2.0,6.233928680419922,4.233928680419922
chronos_2_erratic_features_plus_external,erratic,2025-09-01,35121M76M50000,1.0,6.194063663482666,5.194063663482666
chronos_2_erratic_features_plus_external,erratic,2025-09-01,35153M59K10000,0.0,0.5121974945068359,0.5121974945068359
chronos_2_erratic_features_plus_external,erratic,2025-09-01,35300M74TB1000,7.0,4.710862159729004,2.289137840270996
chronos_2_erratic_features_plus_external,erratic,2025-09-01,3532064J31000,1.0,1.9970738887786865,0.9970738887786865
chronos_2_erratic_features_plus_external,erratic,2025-09-01,3532065J32000,0.0,2.7910304069519043,2.7910304069519043
chronos_2_erratic_features_plus_external,erratic,2025-09-01,3532071L20000,1.0,2.8640012741088867,1.8640012741088867
chronos_2_erratic_features_plus_external,erratic,2025-09-01,3532079P30000,0.0,0.2742278575897217,0.2742278575897217
chronos_2_erratic_features_plus_external,erratic,2025-09-01,35321M53MB0000,0.0,4.477812767028809,4.477812767028809
chronos_2_erratic_features_plus_external,erratic,2025-09-01,35321M55T53000,3.0,10.414320945739746,7.414320945739746
chronos_2_erratic_features_plus_external,erratic,2025-09-01,35321M67P10000,4.0,1.4143754243850708,2.585624575614929
chronos_2_erratic_features_plus_external,erratic,2025-09-01,35321M68K21000,0.0,0.5887864232063293,0.5887864232063293
chronos_2_erratic_features_plus_external,erratic,2025-09-01,35321M74L01000,1.0,3.7486729621887207,2.7486729621887207
chronos_2_erratic_features_plus_external,erratic,2025-09-01,35321M76M50000,2.0,5.500677585601807,3.5006775856018066
chronos_2_erratic_features_plus_external,erratic,2025-09-01,3550054P01000,6.0,1.0836063623428345,4.9163936376571655
chronos_2_erratic_features_plus_external,erratic,2025-09-01,35501M67P00000,1.0,1.1283758878707886,0.12837588787078857
chronos_2_erratic_features_plus_external,erratic,2025-09-01,3565064J21000,1.0,1.9172590970993042,0.9172590970993042
chronos_2_erratic_features_plus_external,erratic,2025-09-01,3565065J21000,7.0,1.8281742334365845,5.1718257665634155
chronos_2_erratic_features_plus_external,erratic,2025-09-01,3565077R00000,2.0,1.1486384868621826,0.8513615131378174
chronos_2_erratic_features_plus_external,erratic,2025-09-01,3565079P00000,0.0,0.4530976414680481,0.4530976414680481
chronos_2_erratic_features_plus_external,erratic,2025-09-01,35650M53M00000,1.0,4.668590068817139,3.6685900688171387
chronos_2_erratic_features_plus_external,erratic,2025-09-01,35650M66L00000,1.0,0.04105108976364136,0.9589489102363586
chronos_2_erratic_features_plus_external,erratic,2025-09-01,35650M67P00000,2.0,1.852062702178955,0.14793729782104492
chronos_2_erratic_features_plus_external,erratic,2025-09-01,35650M74L00000,0.0,4.078834533691406,4.078834533691406
chronos_2_erratic_features_plus_external,erratic,2025-09-01,35650M75T00000,6.0,18.709535598754883,12.709535598754883
chronos_2_erratic_features_plus_external,erratic,2025-09-01,35651M68K00000,0.0,0.48660844564437866,0.48660844564437866
chronos_2_erratic_features_plus_external,erratic,2025-09-01,35651M75L00000,3.0,2.39798641204834,0.6020135879516602
chronos_2_erratic_features_plus_external,erratic,2025-09-01,35651M76M00000,1.0,1.9154011011123657,0.9154011011123657
chronos_2_erratic_features_plus_external,erratic,2025-09-01,3567060K00000,4.0,2.1573967933654785,1.8426032066345215
chronos_2_erratic_features_plus_external,erratic,2025-09-01,3567061M10000,1.0,2.4945900440216064,1.4945900440216064
chronos_2_erratic_features_plus_external,erratic,2025-09-01,3567064J20000,2.0,1.9138779640197754,0.08612203598022461
chronos_2_erratic_features_plus_external,erratic,2025-09-01,3567071L00000,0.0,1.9734643697738647,1.9734643697738647
chronos_2_erratic_features_plus_external,erratic,2025-09-01,3567079P00000,0.0,0.5405996441841125,0.5405996441841125
chronos_2_erratic_features_plus_external,erratic,2025-09-01,35670M74L00000,3.0,6.57548189163208,3.57548189163208
chronos_2_erratic_features_plus_external,erratic,2025-09-01,35671M68K00000,0.0,1.2893702983856201,1.2893702983856201
chronos_2_erratic_features_plus_external,erratic,2025-09-01,35671M75L00000,0.0,3.392974853515625,3.392974853515625
chronos_2_erratic_features_plus_external,erratic,2025-09-01,35750M53M00000,2.0,6.699824810028076,4.699824810028076
chronos_2_erratic_features_plus_external,erratic,2025-09-01,35750M66L00000,1.0,0.605944812297821,0.39405518770217896
chronos_2_erratic_features_plus_external,erratic,2025-09-01,35750M67P00000,5.0,2.405722141265869,2.594277858734131
chronos_2_erratic_features_plus_external,erratic,2025-09-01,35750M75T00000,3.0,3.004316568374634,0.004316568374633789
chronos_2_erratic_features_plus_external,erratic,2025-09-01,3591075F12000,4.0,3.2784969806671143,0.7215030193328857
chronos_2_erratic_features_plus_external,erratic,2025-09-01,36250M74T15000,10.0,1.4407079219818115,8.559292078018188
chronos_2_erratic_features_plus_external,erratic,2025-09-01,3625479P01000,0.0,0.7396672964096069,0.7396672964096069
chronos_2_erratic_features_plus_external,erratic,2025-09-01,3625486R20000,3.0,1.8331700563430786,1.1668299436569214
chronos_2_erratic_features_plus_external,erratic,2025-09-01,36410M67K00000,3.0,5.292543411254883,2.292543411254883
chronos_2_erratic_features_plus_external,erratic,2025-09-01,38450M68K00000,2.0,0.6473257541656494,1.3526742458343506
chronos_2_erratic_features_plus_external,erratic,2025-09-01,38450M74L10000,3.0,6.4235992431640625,3.4235992431640625
chronos_2_erratic_features_plus_external,erratic,2025-09-01,38450M76M00000,3.0,3.522822618484497,0.5228226184844971
chronos_2_erratic_features_plus_external,erratic,2025-09-01,38453M75000000,0.0,2.226370096206665,2.226370096206665
chronos_2_erratic_features_plus_external,erratic,2025-09-01,3925164J00000,1.0,3.2909398078918457,2.2909398078918457
chronos_2_erratic_features_plus_external,erratic,2025-09-01,3932152R00000,1.0,1.6521484851837158,0.6521484851837158
chronos_2_erratic_features_plus_external,erratic,2025-09-01,39321M62S10000,1.0,3.7101948261260986,2.7101948261260986
chronos_2_erratic_features_plus_external,erratic,2025-09-01,3932252R00000,1.0,1.66624116897583,0.6662411689758301
chronos_2_erratic_features_plus_external,erratic,2025-09-01,41710M74L00000,1.0,0.0,1.0
chronos_2_erratic_features_plus_external,erratic,2025-09-01,4243163J10000,10.0,16.484291076660156,6.484291076660156
chronos_2_erratic_features_plus_external,erratic,2025-09-01,4321078R010BK,1.0,0.074546217918396,0.925453782081604
chronos_2_erratic_features_plus_external,erratic,2025-09-01,43210M55T5027N,8.0,3.5724995136260986,4.427500486373901
chronos_2_erratic_features_plus_external,erratic,2025-09-01,43210M55T60QC8,14.0,9.16608715057373,4.8339128494262695
chronos_2_erratic_features_plus_external,erratic,2025-09-01,43210M68P1009L,1.0,1.7322566509246826,0.7322566509246826
chronos_2_erratic_features_plus_external,erratic,2025-09-01,43210M68P60ZMQ,6.0,5.569522857666016,0.4304771423339844
chronos_2_erratic_features_plus_external,erratic,2025-09-01,43210M75T60QC8,5.0,0.9610896110534668,4.038910388946533
chronos_2_erratic_features_plus_external,erratic,2025-09-01,43210M79G5309L,6.0,1.782287359237671,4.217712640762329
chronos_2_erratic_features_plus_external,erratic,2025-09-01,43250M62S0027N,19.0,7.820274829864502,11.179725170135498
chronos_2_erratic_features_plus_external,erratic,2025-09-01,43250M67K0027N,1.0,9.609073638916016,8.609073638916016
chronos_2_erratic_features_plus_external,erratic,2025-09-01,43250M75T0027N,3.0,1.6548584699630737,1.3451415300369263
chronos_2_erratic_features_plus_external,erratic,2025-09-01,43250M81R1027N,1.0,1.2406976222991943,0.24069762229919434
chronos_2_erratic_features_plus_external,erratic,2025-09-01,43250M83P0027N,5.0,4.590811729431152,0.40918827056884766
chronos_2_erratic_features_plus_external,erratic,2025-09-01,4325283S000PG,3.0,5.476013660430908,2.476013660430908
chronos_2_erratic_features_plus_external,erratic,2025-09-01,43252M67L00AQY,2.0,1.6976337432861328,0.3023662567138672
chronos_2_erratic_features_plus_external,erratic,2025-09-01,48150M68P10C48,0.0,1.0800143480300903,1.0800143480300903
chronos_2_erratic_features_plus_external,erratic,2025-09-01,5730065811000,1.0,6.831934928894043,5.831934928894043
chronos_2_erratic_features_plus_external,erratic,2025-09-01,57300M53M00000,1.0,2.607205390930176,1.6072053909301758
chronos_2_erratic_features_plus_external,erratic,2025-09-01,57300M67P00000,3.0,1.1894867420196533,1.8105132579803467
chronos_2_erratic_features_plus_external,erratic,2025-09-01,57300M74L00000,1.0,2.988374710083008,1.9883747100830078
chronos_2_erratic_features_plus_external,erratic,2025-09-01,57300M76M00000,3.0,4.772678375244141,1.7726783752441406
chronos_2_erratic_features_plus_external,erratic,2025-09-01,57410M62S00000,1.0,3.4256081581115723,2.4256081581115723
chronos_2_erratic_features_plus_external,erratic,2025-09-01,57410M74L00000,4.0,1.6311461925506592,2.368853807449341
chronos_2_erratic_features_plus_external,erratic,2025-09-01,57410M76M00000,1.0,1.5037041902542114,0.5037041902542114
chronos_2_erratic_features_plus_external,erratic,2025-09-01,57410M79G00000,2.0,0.8696557283401489,1.130344271659851
chronos_2_erratic_features_plus_external,erratic,2025-09-01,5742054P00000,0.0,1.1160833835601807,1.1160833835601807
chronos_2_erratic_features_plus_external,erratic,2025-09-01,57420M62S00000,1.0,1.8937814235687256,0.8937814235687256
chronos_2_erratic_features_plus_external,erratic,2025-09-01,57420M67P00000,1.0,0.6669083833694458,0.3330916166305542
chronos_2_erratic_features_plus_external,erratic,2025-09-01,57420M74L00000,3.0,0.7587456703186035,2.2412543296813965
chronos_2_erratic_features_plus_external,erratic,2025-09-01,57420M76M00000,1.0,1.3397853374481201,0.3397853374481201
chronos_2_erratic_features_plus_external,erratic,2025-09-01,57420M79G00000,2.0,0.9409392476081848,1.0590607523918152
chronos_2_erratic_features_plus_external,erratic,2025-09-01,5761065J10000,1.0,4.386441707611084,3.386441707611084
chronos_2_erratic_features_plus_external,erratic,2025-09-01,5761154P00000,2.0,0.787392258644104,1.212607741355896
chronos_2_erratic_features_plus_external,erratic,2025-09-01,57611M53M00000,0.0,0.19196248054504395,0.19196248054504395
chronos_2_erratic_features_plus_external,erratic,2025-09-01,57611M55T00000,13.0,14.416555404663086,1.416555404663086
chronos_2_erratic_features_plus_external,erratic,2025-09-01,57611M67P01000,1.0,1.4266858100891113,0.42668581008911133
chronos_2_erratic_features_plus_external,erratic,2025-09-01,57611M75T10000,2.0,3.8744730949401855,1.8744730949401855
chronos_2_erratic_features_plus_external,erratic,2025-09-01,5771065J10000,1.0,2.7151410579681396,1.7151410579681396
chronos_2_erratic_features_plus_external,erratic,2025-09-01,57711M53M00000,0.0,2.060598373413086,2.060598373413086
chronos_2_erratic_features_plus_external,erratic,2025-09-01,57711M67P01000,3.0,2.3561930656433105,0.6438069343566895
chronos_2_erratic_features_plus_external,erratic,2025-09-01,57711M68K10000,0.0,1.110518217086792,1.110518217086792
chronos_2_erratic_features_plus_external,erratic,2025-09-01,57711M71P00000,0.0,0.20344531536102295,0.20344531536102295
chronos_2_erratic_features_plus_external,erratic,2025-09-01,57711M75T10000,0.0,2.1641507148742676,2.1641507148742676
chronos_2_erratic_features_plus_external,erratic,2025-09-01,57711M76M00000,3.0,4.146201133728027,1.1462011337280273
chronos_2_erratic_features_plus_external,erratic,2025-09-01,58121M53M00000,1.0,0.633590817451477,0.36640918254852295
chronos_2_erratic_features_plus_external,erratic,2025-09-01,58200M80T00000,2.0,1.9849271774291992,0.015072822570800781
chronos_2_erratic_features_plus_external,erratic,2025-09-01,5823052R00000,1.0,1.3483211994171143,0.34832119941711426
chronos_2_erratic_features_plus_external,erratic,2025-09-01,58230M53M00000,1.0,0.6425141096115112,0.35748589038848877
chronos_2_erratic_features_plus_external,erratic,2025-09-01,58230M62S00000,0.0,0.2801816463470459,0.2801816463470459
chronos_2_erratic_features_plus_external,erratic,2025-09-01,58230M68K01000,2.0,1.3527271747589111,0.6472728252410889
chronos_2_erratic_features_plus_external,erratic,2025-09-01,5826077K00000,2.0,1.9780473709106445,0.02195262908935547
chronos_2_erratic_features_plus_external,erratic,2025-09-01,58270M68K00000,1.0,1.190197467803955,0.19019746780395508
chronos_2_erratic_features_plus_external,erratic,2025-09-01,58270M75T00000,0.0,0.5,0.5
chronos_2_erratic_features_plus_external,erratic,2025-09-01,58270M76M01000,2.0,5.838883399963379,3.838883399963379
chronos_2_erratic_features_plus_external,erratic,2025-09-01,58280M68K00000,0.0,1.9933632612228394,1.9933632612228394
chronos_2_erratic_features_plus_external,erratic,2025-09-01,58811M78R00000,1.0,2.990605354309082,1.990605354309082
chronos_2_erratic_features_plus_external,erratic,2025-09-01,65500M55T10000,3.0,6.092057228088379,3.092057228088379
chronos_2_erratic_features_plus_external,erratic,2025-09-01,65561M74L00000,1.0,1.615750789642334,0.615750789642334
chronos_2_erratic_features_plus_external,erratic,2025-09-01,68001M55T20000,6.0,3.5526976585388184,2.4473023414611816
chronos_2_erratic_features_plus_external,erratic,2025-09-01,68001M62S12000,1.0,1.2755088806152344,0.2755088806152344
chronos_2_erratic_features_plus_external,erratic,2025-09-01,68002M55T20000,8.0,2.1435205936431885,5.8564794063568115
chronos_2_erratic_features_plus_external,erratic,2025-09-01,69100M53M00000,1.0,1.8853099346160889,0.8853099346160889
chronos_2_erratic_features_plus_external,erratic,2025-09-01,69100M67P10000,1.0,1.3775503635406494,0.3775503635406494
chronos_2_erratic_features_plus_external,erratic,2025-09-01,71079M74T00000,0.0,0.2212080955505371,0.2212080955505371
chronos_2_erratic_features_plus_external,erratic,2025-09-01,7171064R00ZQ4,5.0,0.9570615291595459,4.042938470840454
chronos_2_erratic_features_plus_external,erratic,2025-09-01,7171154L10799,2.0,0.47744449973106384,1.5225555002689362
chronos_2_erratic_features_plus_external,erratic,2025-09-01,7171161P00799,0.0,5.259505271911621,5.259505271911621
chronos_2_erratic_features_plus_external,erratic,2025-09-01,7171178R015PK,1.0,3.028887987136841,2.028887987136841
chronos_2_erratic_features_plus_external,erratic,2025-09-01,7171179P00799,2.0,3.117100238800049,1.1171002388000488
chronos_2_erratic_features_plus_external,erratic,2025-09-01,71711M53MA05PK,0.0,1.0015912055969238,1.0015912055969238
chronos_2_erratic_features_plus_external,erratic,2025-09-01,71711M53MA0799,0.0,0.7667039632797241,0.7667039632797241
chronos_2_erratic_features_plus_external,erratic,2025-09-01,71711M53MB05PK,0.0,5.58745813369751,5.58745813369751
chronos_2_erratic_features_plus_external,erratic,2025-09-01,71711M56R00799,3.0,6.864667892456055,3.8646678924560547
chronos_2_erratic_features_plus_external,erratic,2025-09-01,71711M62S005PK,8.0,10.1590576171875,2.1590576171875
chronos_2_erratic_features_plus_external,erratic,2025-09-01,71711M66L005PK,0.0,1.448819637298584,1.448819637298584
chronos_2_erratic_features_plus_external,erratic,2025-09-01,71711M67P00799,0.0,1.7813796997070312,1.7813796997070312
chronos_2_erratic_features_plus_external,erratic,2025-09-01,71711M68K00799,1.0,0.34308815002441406,0.6569118499755859
chronos_2_erratic_features_plus_external,erratic,2025-09-01,71711M73T115PK,3.0,0.0,3.0
chronos_2_erratic_features_plus_external,erratic,2025-09-01,71711M74L00799,4.0,3.0666725635528564,0.9333274364471436
chronos_2_erratic_features_plus_external,erratic,2025-09-01,71711M75L00799,3.0,2.047821521759033,0.9521784782409668
chronos_2_erratic_features_plus_external,erratic,2025-09-01,71711M76M10799,3.0,2.678152084350586,0.32184791564941406
chronos_2_erratic_features_plus_external,erratic,2025-09-01,71711M76T00N49,7.0,3.9617977142333984,3.0382022857666016
chronos_2_erratic_features_plus_external,erratic,2025-09-01,71711M79M00799,0.0,0.9200815558433533,0.9200815558433533
chronos_2_erratic_features_plus_external,erratic,2025-09-01,71712M54T00000,4.0,3.061077117919922,0.9389228820800781
chronos_2_erratic_features_plus_external,erratic,2025-09-01,71712M55T00000,1.0,4.319878578186035,3.319878578186035
chronos_2_erratic_features_plus_external,erratic,2025-09-01,71712M56R00000,0.0,2.0247323513031006,2.0247323513031006
chronos_2_erratic_features_plus_external,erratic,2025-09-01,71712M79M00000,3.0,2.6910717487335205,0.3089282512664795
chronos_2_erratic_features_plus_external,erratic,2025-09-01,71720M76M005PK,3.0,2.610849142074585,0.38915085792541504
chronos_2_erratic_features_plus_external,erratic,2025-09-01,7172160K005PK,3.0,2.522170305252075,0.4778296947479248
chronos_2_erratic_features_plus_external,erratic,2025-09-01,7172161P005PK,3.0,6.9676923751831055,3.9676923751831055
chronos_2_erratic_features_plus_external,erratic,2025-09-01,7172177MJ05PK,1.0,0.6951078772544861,0.3048921227455139
chronos_2_erratic_features_plus_external,erratic,2025-09-01,7172179P005PK,2.0,2.3528404235839844,0.3528404235839844
chronos_2_erratic_features_plus_external,erratic,2025-09-01,7172186R105PK,2.0,1.6921968460083008,0.3078031539916992
chronos_2_erratic_features_plus_external,erratic,2025-09-01,71721M56R005PK,3.0,5.335204124450684,2.3352041244506836
chronos_2_erratic_features_plus_external,erratic,2025-09-01,71721M60MA05PK,3.0,2.495968818664551,0.5040311813354492
chronos_2_erratic_features_plus_external,erratic,2025-09-01,71721M74T005PK,10.0,5.885308265686035,4.114691734313965
chronos_2_erratic_features_plus_external,erratic,2025-09-01,71721M75L005PK,3.0,2.566877841949463,0.4331221580505371
chronos_2_erratic_features_plus_external,erratic,2025-09-01,71721M75T005PK,2.0,1.8272889852523804,0.17271101474761963
chronos_2_erratic_features_plus_external,erratic,2025-09-01,71721M78R005PK,6.0,1.920438289642334,4.079561710357666
chronos_2_erratic_features_plus_external,erratic,2025-09-01,71721M84P005PK,0.0,0.9380359649658203,0.9380359649658203
chronos_2_erratic_features_plus_external,erratic,2025-09-01,7173154GA0000,1.0,2.1097171306610107,1.1097171306610107
chronos_2_erratic_features_plus_external,erratic,2025-09-01,7173163J20000,3.0,0.9475501775741577,2.0524498224258423
chronos_2_erratic_features_plus_external,erratic,2025-09-01,7173171L00000,6.0,5.892956733703613,0.10704326629638672
chronos_2_erratic_features_plus_external,erratic,2025-09-01,71731M53M00000,4.0,3.733397960662842,0.2666020393371582
chronos_2_erratic_features_plus_external,erratic,2025-09-01,71731M53MB0000,8.0,1.6725924015045166,6.327407598495483
chronos_2_erratic_features_plus_external,erratic,2025-09-01,71731M66L005PK,0.0,2.509510040283203,2.509510040283203
chronos_2_erratic_features_plus_external,erratic,2025-09-01,71731M67P00000,4.0,1.8970661163330078,2.102933883666992
chronos_2_erratic_features_plus_external,erratic,2025-09-01,71731M68K00000,4.0,4.769692420959473,0.7696924209594727
chronos_2_erratic_features_plus_external,erratic,2025-09-01,7173262R00000,1.0,1.5267490148544312,0.5267490148544312
chronos_2_erratic_features_plus_external,erratic,2025-09-01,7173263J20000,3.0,0.41554874181747437,2.5844512581825256
chronos_2_erratic_features_plus_external,erratic,2025-09-01,7173271L00000,3.0,7.391366481781006,4.391366481781006
chronos_2_erratic_features_plus_external,erratic,2025-09-01,71732M53M00000,5.0,3.7743842601776123,1.2256157398223877
chronos_2_erratic_features_plus_external,erratic,2025-09-01,71732M66L005PK,0.0,0.5447190999984741,0.5447190999984741
chronos_2_erratic_features_plus_external,erratic,2025-09-01,71732M67P00000,1.0,3.087327480316162,2.087327480316162
chronos_2_erratic_features_plus_external,erratic,2025-09-01,71732M68K00000,7.0,4.866057872772217,2.133942127227783
chronos_2_erratic_features_plus_external,erratic,2025-09-01,71732M74T00000,7.0,4.264886856079102,2.7351131439208984
chronos_2_erratic_features_plus_external,erratic,2025-09-01,71733M55T00000,15.0,5.555729866027832,9.444270133972168
chronos_2_erratic_features_plus_external,erratic,2025-09-01,71733M74L00000,1.0,0.8547282814979553,0.14527171850204468
chronos_2_erratic_features_plus_external,erratic,2025-09-01,71734M55T00000,15.0,11.403647422790527,3.5963525772094727
chronos_2_erratic_features_plus_external,erratic,2025-09-01,71734M68L00000,2.0,0.8104724884033203,1.1895275115966797
chronos_2_erratic_features_plus_external,erratic,2025-09-01,71734M74T00000,6.0,0.8894176483154297,5.11058235168457
chronos_2_erratic_features_plus_external,erratic,2025-09-01,7174054L10D2W,1.0,1.3212984800338745,0.3212984800338745
chronos_2_erratic_features_plus_external,erratic,2025-09-01,7174073R10CUG,1.0,0.857596218585968,0.14240378141403198
chronos_2_erratic_features_plus_external,erratic,2025-09-01,7174079P00C48,0.0,3.0437052249908447,3.0437052249908447
chronos_2_erratic_features_plus_external,erratic,2025-09-01,7174079S00C48,4.0,3.759873867034912,0.2401261329650879
chronos_2_erratic_features_plus_external,erratic,2025-09-01,71740M55T10C48,16.0,16.03668975830078,0.03668975830078125
chronos_2_erratic_features_plus_external,erratic,2025-09-01,71740M56R00C48,2.0,9.357608795166016,7.357608795166016
chronos_2_erratic_features_plus_external,erratic,2025-09-01,71740M68T00C48,29.0,31.489009857177734,2.4890098571777344
chronos_2_erratic_features_plus_external,erratic,2025-09-01,71740M76MA0C48,5.0,13.845283508300781,8.845283508300781
chronos_2_erratic_features_plus_external,erratic,2025-09-01,71740M76T10KDJ,1.0,2.057877540588379,1.057877540588379
chronos_2_erratic_features_plus_external,erratic,2025-09-01,71740M81R00C48,3.0,2.35243558883667,0.6475644111633301
chronos_2_erratic_features_plus_external,erratic,2025-09-01,7174160P005PK,1.0,3.729874610900879,2.729874610900879
chronos_2_erratic_features_plus_external,erratic,2025-09-01,71741M53M005PK,2.0,0.9178494215011597,1.0821505784988403
chronos_2_erratic_features_plus_external,erratic,2025-09-01,71741M53MA05PK,0.0,1.2723578214645386,1.2723578214645386
chronos_2_erratic_features_plus_external,erratic,2025-09-01,71741M74L005PK,1.0,1.6009013652801514,0.6009013652801514
chronos_2_erratic_features_plus_external,erratic,2025-09-01,71741M75L005PK,0.0,0.9706099033355713,0.9706099033355713
chronos_2_erratic_features_plus_external,erratic,2025-09-01,71741M75T00W9K,2.0,3.3081960678100586,1.3081960678100586
chronos_2_erratic_features_plus_external,erratic,2025-09-01,71741M76M105PK,4.0,1.875429630279541,2.124570369720459
chronos_2_erratic_features_plus_external,erratic,2025-09-01,71741M83P005PK,4.0,8.403972625732422,4.403972625732422
chronos_2_erratic_features_plus_external,erratic,2025-09-01,71743M76M100PG,0.0,1.6915678977966309,1.6915678977966309
chronos_2_erratic_features_plus_external,erratic,2025-09-01,71744M76M100PG,0.0,3.4947352409362793,3.4947352409362793
chronos_2_erratic_features_plus_external,erratic,2025-09-01,71745M75T10000,0.0,0.5,0.5
chronos_2_erratic_features_plus_external,erratic,2025-09-01,7175172S205PK,0.0,1.9593479633331299,1.9593479633331299
chronos_2_erratic_features_plus_external,erratic,2025-09-01,7175186R000PG,7.0,4.851041316986084,2.148958683013916
chronos_2_erratic_features_plus_external,erratic,2025-09-01,71751M67P105PK,1.0,0.786095917224884,0.21390408277511597
chronos_2_erratic_features_plus_external,erratic,2025-09-01,71751M83P105PK,4.0,2.413109064102173,1.5868909358978271
chronos_2_erratic_features_plus_external,erratic,2025-09-01,71752M54T100PG,4.0,5.061213970184326,1.0612139701843262
chronos_2_erratic_features_plus_external,erratic,2025-09-01,71752M83P00PWJ,2.0,1.9095263481140137,0.09047365188598633
chronos_2_erratic_features_plus_external,erratic,2025-09-01,7176179P105PK,0.0,1.001610517501831,1.001610517501831
chronos_2_erratic_features_plus_external,erratic,2025-09-01,71761M52R105PK,6.0,3.229525566101074,2.770474433898926
chronos_2_erratic_features_plus_external,erratic,2025-09-01,71761M67P105PK,2.0,1.7684060335159302,0.23159396648406982
chronos_2_erratic_features_plus_external,erratic,2025-09-01,71761M68K105PK,0.0,1.5868644714355469,1.5868644714355469
chronos_2_erratic_features_plus_external,erratic,2025-09-01,71761M74T20ZAM,7.0,6.55134916305542,0.4486508369445801
chronos_2_erratic_features_plus_external,erratic,2025-09-01,71761M76MB0Z2S,0.0,4.179757118225098,4.179757118225098
chronos_2_erratic_features_plus_external,erratic,2025-09-01,71761M76MB0ZHJ,1.0,0.5786495208740234,0.42135047912597656
chronos_2_erratic_features_plus_external,erratic,2025-09-01,71762M54T100PG,6.0,3.0309832096099854,2.9690167903900146
chronos_2_erratic_features_plus_external,erratic,2025-09-01,7177164R005PK,2.0,1.3575810194015503,0.6424189805984497
chronos_2_erratic_features_plus_external,erratic,2025-09-01,7177171L00000,0.0,0.8679648637771606,0.8679648637771606
chronos_2_erratic_features_plus_external,erratic,2025-09-01,7177186R000PG,2.0,1.7168763875961304,0.28312361240386963
chronos_2_erratic_features_plus_external,erratic,2025-09-01,71771M55T00000,13.0,12.777873992919922,0.22212600708007812
chronos_2_erratic_features_plus_external,erratic,2025-09-01,71771M56R100PG,0.0,5.892233371734619,5.892233371734619
chronos_2_erratic_features_plus_external,erratic,2025-09-01,71771M76T00PER,1.0,3.543976306915283,2.543976306915283
chronos_2_erratic_features_plus_external,erratic,2025-09-01,71772M55T00000,6.0,5.458476543426514,0.5415234565734863
chronos_2_erratic_features_plus_external,erratic,2025-09-01,71782M56R100PG,2.0,1.6631470918655396,0.33685290813446045
chronos_2_erratic_features_plus_external,erratic,2025-09-01,71782M66L00000,1.0,1.756141185760498,0.756141185760498
chronos_2_erratic_features_plus_external,erratic,2025-09-01,71782M75T00000,0.0,1.0306265354156494,1.0306265354156494
chronos_2_erratic_features_plus_external,erratic,2025-09-01,7181179P00799,0.0,1.6041173934936523,1.6041173934936523
chronos_2_erratic_features_plus_external,erratic,2025-09-01,71811M53M00799,2.0,3.098242998123169,1.098242998123169
chronos_2_erratic_features_plus_external,erratic,2025-09-01,71811M56R00799,3.0,0.898343563079834,2.101656436920166
chronos_2_erratic_features_plus_external,erratic,2025-09-01,71811M56R10799,2.0,0.9314348101615906,1.0685651898384094
chronos_2_erratic_features_plus_external,erratic,2025-09-01,71811M66L005PK,0.0,0.8203706741333008,0.8203706741333008
chronos_2_erratic_features_plus_external,erratic,2025-09-01,71811M67P01799,1.0,2.31735897064209,1.3173589706420898
chronos_2_erratic_features_plus_external,erratic,2025-09-01,71811M68K00799,0.0,0.581229567527771,0.581229567527771
chronos_2_erratic_features_plus_external,erratic,2025-09-01,71811M68P00799,1.0,7.662835121154785,6.662835121154785
chronos_2_erratic_features_plus_external,erratic,2025-09-01,71811M74T00799,1.0,3.836289167404175,2.836289167404175
chronos_2_erratic_features_plus_external,erratic,2025-09-01,71811M75L00799,1.0,0.9028134346008301,0.09718656539916992
chronos_2_erratic_features_plus_external,erratic,2025-09-01,71811M75T00799,2.0,2.931792736053467,0.9317927360534668
chronos_2_erratic_features_plus_external,erratic,2025-09-01,71811M76M00799,2.0,4.029390811920166,2.029390811920166
chronos_2_erratic_features_plus_external,erratic,2025-09-01,71811M80T105PK,6.0,2.25390625,3.74609375
chronos_2_erratic_features_plus_external,erratic,2025-09-01,7181365L00000,2.0,3.3319263458251953,1.3319263458251953
chronos_2_erratic_features_plus_external,erratic,2025-09-01,7182173K10000,3.0,2.979951858520508,0.020048141479492188
chronos_2_erratic_features_plus_external,erratic,2025-09-01,7182179P00000,4.0,0.42304372787475586,3.576956272125244
chronos_2_erratic_features_plus_external,erratic,2025-09-01,71821M68K00000,0.0,0.7412058115005493,0.7412058115005493
chronos_2_erratic_features_plus_external,erratic,2025-09-01,71821M75T00000,2.0,2.430497407913208,0.430497407913208
chronos_2_erratic_features_plus_external,erratic,2025-09-01,71821M79M00000,0.0,2.0204410552978516,2.0204410552978516
chronos_2_erratic_features_plus_external,erratic,2025-09-01,7182273K10000,2.0,2.21231746673584,0.21231746673583984
chronos_2_erratic_features_plus_external,erratic,2025-09-01,7182279P00000,2.0,0.800796627998352,1.199203372001648
chronos_2_erratic_features_plus_external,erratic,2025-09-01,7182280J00000,2.0,0.7532069683074951,1.2467930316925049
chronos_2_erratic_features_plus_external,erratic,2025-09-01,71822M55T00000,10.0,10.899999618530273,0.8999996185302734
chronos_2_erratic_features_plus_external,erratic,2025-09-01,71822M68K00000,3.0,2.0575952529907227,0.9424047470092773
chronos_2_erratic_features_plus_external,erratic,2025-09-01,71822M75T00000,1.0,0.2866402268409729,0.7133597731590271
chronos_2_erratic_features_plus_external,erratic,2025-09-01,71822M79M00000,0.0,1.892963171005249,1.892963171005249
chronos_2_erratic_features_plus_external,erratic,2025-09-01,71823M68L00000,3.0,3.131518602371216,0.13151860237121582
chronos_2_erratic_features_plus_external,erratic,2025-09-01,7187186R000BK,4.0,2.137381076812744,1.8626189231872559
chronos_2_erratic_features_plus_external,erratic,2025-09-01,72310M68K00000,0.0,2.625692129135132,2.625692129135132
chronos_2_erratic_features_plus_external,erratic,2025-09-01,72312M55R00000,6.0,5.431356906890869,0.5686430931091309
chronos_2_erratic_features_plus_external,erratic,2025-09-01,72312M68K00000,4.0,14.985912322998047,10.985912322998047
chronos_2_erratic_features_plus_external,erratic,2025-09-01,7232154P00000,1.0,2.885913848876953,1.8859138488769531
chronos_2_erratic_features_plus_external,erratic,2025-09-01,7232171L00000,1.0,3.560248613357544,2.560248613357544
chronos_2_erratic_features_plus_external,erratic,2025-09-01,72321M53M00000,1.0,3.5252459049224854,2.5252459049224854
chronos_2_erratic_features_plus_external,erratic,2025-09-01,72321M68K00000,0.0,1.1507796049118042,1.1507796049118042
chronos_2_erratic_features_plus_external,erratic,2025-09-01,72321M74L00000,9.0,3.053088903427124,5.946911096572876
chronos_2_erratic_features_plus_external,erratic,2025-09-01,72321M76M01000,2.0,2.7765462398529053,0.7765462398529053
chronos_2_erratic_features_plus_external,erratic,2025-09-01,7232271L00000,1.0,4.225958347320557,3.2259583473205566
chronos_2_erratic_features_plus_external,erratic,2025-09-01,72322M53M00000,2.0,4.622906684875488,2.6229066848754883
chronos_2_erratic_features_plus_external,erratic,2025-09-01,72322M68K00000,0.0,1.7079172134399414,1.7079172134399414
chronos_2_erratic_features_plus_external,erratic,2025-09-01,72322M74L00000,9.0,3.9516749382019043,5.048325061798096
chronos_2_erratic_features_plus_external,erratic,2025-09-01,72322M76M01000,3.0,2.51911997795105,0.4808800220489502
chronos_2_erratic_features_plus_external,erratic,2025-09-01,72371M74L105PK,2.0,1.1768910884857178,0.8231089115142822
chronos_2_erratic_features_plus_external,erratic,2025-09-01,72380M62S01000,2.0,2.8857662677764893,0.8857662677764893
chronos_2_erratic_features_plus_external,erratic,2025-09-01,72398M68K00000,0.0,1.644233226776123,1.644233226776123
chronos_2_erratic_features_plus_external,erratic,2025-09-01,72411M74L10000,1.0,1.3841097354888916,0.3841097354888916
chronos_2_erratic_features_plus_external,erratic,2025-09-01,72420M80T00000,2.0,1.9597516059875488,0.04024839401245117
chronos_2_erratic_features_plus_external,erratic,2025-09-01,7242252R00000,1.0,0.5170342922210693,0.48296570777893066
chronos_2_erratic_features_plus_external,erratic,2025-09-01,72431M68L00000,2.0,3.4908604621887207,1.4908604621887207
chronos_2_erratic_features_plus_external,erratic,2025-09-01,72433M56R00000,3.0,3.0339314937591553,0.03393149375915527
chronos_2_erratic_features_plus_external,erratic,2025-09-01,72437M68L00000,2.0,1.18378746509552,0.81621253490448
chronos_2_erratic_features_plus_external,erratic,2025-09-01,7248265J00000,1.0,3.1978116035461426,2.1978116035461426
chronos_2_erratic_features_plus_external,erratic,2025-09-01,7282165J00Z2S,5.0,2.4138317108154297,2.5861682891845703
chronos_2_erratic_features_plus_external,erratic,2025-09-01,73110M68P50ZCA,0.0,1.041078805923462,1.041078805923462
chronos_2_erratic_features_plus_external,erratic,2025-09-01,7343061J00P4Z,2.0,3.012415647506714,1.0124156475067139
chronos_2_erratic_features_plus_external,erratic,2025-09-01,73430M75J00P4Z,1.0,0.9143025875091553,0.08569741249084473
chronos_2_erratic_features_plus_external,erratic,2025-09-01,73821M62S205PK,0.0,3.553891658782959,3.553891658782959
chronos_2_erratic_features_plus_external,erratic,2025-09-01,73821M67P305PK,1.0,0.32460564374923706,0.6753943562507629
chronos_2_erratic_features_plus_external,erratic,2025-09-01,73831M68P005PK,3.0,1.8954509496688843,1.1045490503311157
chronos_2_erratic_features_plus_external,erratic,2025-09-01,74120M66L10000,0.0,2.341343402862549,2.341343402862549
chronos_2_erratic_features_plus_external,erratic,2025-09-01,74461M79M005PK,3.0,4.795026779174805,1.7950267791748047
chronos_2_erratic_features_plus_external,erratic,2025-09-01,7619171L005PK,0.0,1.265120506286621,1.265120506286621
chronos_2_erratic_features_plus_external,erratic,2025-09-01,7619254P005PK,1.0,2.1286988258361816,1.1286988258361816
chronos_2_erratic_features_plus_external,erratic,2025-09-01,76520M68P10000,3.0,2.5893280506134033,0.4106719493865967
chronos_2_erratic_features_plus_external,erratic,2025-09-01,76520M74K01000,2.0,2.5804827213287354,0.5804827213287354
chronos_2_erratic_features_plus_external,erratic,2025-09-01,77161M68P00000,0.0,1.4243414402008057,1.4243414402008057
chronos_2_erratic_features_plus_external,erratic,2025-09-01,77210M74T005PK,3.0,1.802033543586731,1.197966456413269
chronos_2_erratic_features_plus_external,erratic,2025-09-01,7726054P005PK,2.0,2.3431849479675293,0.3431849479675293
chronos_2_erratic_features_plus_external,erratic,2025-09-01,7733061M01000,6.0,3.1352615356445312,2.8647384643554688
chronos_2_erratic_features_plus_external,erratic,2025-09-01,77330M81R00000,7.0,4.314419746398926,2.685580253601074
chronos_2_erratic_features_plus_external,erratic,2025-09-01,7781158J000PG,0.0,2.5469954013824463,2.5469954013824463
chronos_2_erratic_features_plus_external,erratic,2025-09-01,77811M58J000PG,3.0,2.9070732593536377,0.0929267406463623
chronos_2_erratic_features_plus_external,erratic,2025-09-01,77811M63T000PG,0.0,1.822190523147583,1.822190523147583
chronos_2_erratic_features_plus_external,erratic,2025-09-01,7783154GB00PG,0.0,3.23136043548584,3.23136043548584
chronos_2_erratic_features_plus_external,erratic,2025-09-01,77831M68L000PG,1.0,0.9491050243377686,0.050894975662231445
chronos_2_erratic_features_plus_external,erratic,2025-09-01,77851M54G000PG,0.0,0.5068323612213135,0.5068323612213135
chronos_2_erratic_features_plus_external,erratic,2025-09-01,8185061J01000,0.0,1.7151596546173096,1.7151596546173096
chronos_2_erratic_features_plus_external,erratic,2025-09-01,81850M68K00000,0.0,2.308349132537842,2.308349132537842
chronos_2_erratic_features_plus_external,erratic,2025-09-01,81850M68P10000,2.0,2.1931025981903076,0.19310259819030762
chronos_2_erratic_features_plus_external,erratic,2025-09-01,8186061J01000,0.0,1.6224967241287231,1.6224967241287231
chronos_2_erratic_features_plus_external,erratic,2025-09-01,81860M68K00000,0.0,2.2917003631591797,2.2917003631591797
chronos_2_erratic_features_plus_external,erratic,2025-09-01,81860M79G20000,1.0,0.7573330402374268,0.24266695976257324
chronos_2_erratic_features_plus_external,erratic,2025-09-01,8212177K00000,0.0,1.6320457458496094,1.6320457458496094
chronos_2_erratic_features_plus_external,erratic,2025-09-01,82801M66L015PK,2.0,4.230538368225098,2.2305383682250977
chronos_2_erratic_features_plus_external,erratic,2025-09-01,82801M68K005PK,0.0,2.828054189682007,2.828054189682007
chronos_2_erratic_features_plus_external,erratic,2025-09-01,82802M66L015PK,2.0,5.654173851013184,3.6541738510131836
chronos_2_erratic_features_plus_external,erratic,2025-09-01,82802M68K5026U,9.0,7.858902931213379,1.141097068786621
chronos_2_erratic_features_plus_external,erratic,2025-09-01,82802M81A605PK,0.0,0.8987065553665161,0.8987065553665161
chronos_2_erratic_features_plus_external,erratic,2025-09-01,82850M76M005PK,9.0,2.5343568325042725,6.4656431674957275
chronos_2_erratic_features_plus_external,erratic,2025-09-01,8392152R010CE,0.0,2.1657660007476807,2.1657660007476807
chronos_2_erratic_features_plus_external,erratic,2025-09-01,83921M68P000CB,1.0,2.6845757961273193,1.6845757961273193
chronos_2_erratic_features_plus_external,erratic,2025-09-01,83922M55T000CB,5.0,2.751378297805786,2.248621702194214
chronos_2_erratic_features_plus_external,erratic,2025-09-01,8392352R020CE,0.0,2.166011333465576,2.166011333465576
chronos_2_erratic_features_plus_external,erratic,2025-09-01,83923M68P000CB,0.0,3.3139281272888184,3.3139281272888184
chronos_2_erratic_features_plus_external,erratic,2025-09-01,83924M55T000CB,7.0,3.2461283206939697,3.7538716793060303
chronos_2_erratic_features_plus_external,erratic,2025-09-01,83924M62S000CB,1.0,1.5477181673049927,0.5477181673049927
chronos_2_erratic_features_plus_external,erratic,2025-09-01,83924M68P100CB,4.0,2.1331593990325928,1.8668406009674072
chronos_2_erratic_features_plus_external,erratic,2025-09-01,83926M68P000CB,1.0,1.5444238185882568,0.5444238185882568
chronos_2_erratic_features_plus_external,erratic,2025-09-01,8393061J005PK,0.0,2.70127010345459,2.70127010345459
chronos_2_erratic_features_plus_external,erratic,2025-09-01,83932M68P000CB,1.0,1.6593451499938965,0.6593451499938965
chronos_2_erratic_features_plus_external,erratic,2025-09-01,83940M68P100PG,2.0,1.0388702154159546,0.9611297845840454
chronos_2_erratic_features_plus_external,erratic,2025-09-01,83940M74L10000,0.0,2.4803476333618164,2.4803476333618164
chronos_2_erratic_features_plus_external,erratic,2025-09-01,83970M68P00000,2.0,1.629562497138977,0.37043750286102295
chronos_2_erratic_features_plus_external,erratic,2025-09-01,84051M55T01000,3.0,6.255719184875488,3.2557191848754883
chronos_2_erratic_features_plus_external,erratic,2025-09-01,84051M55T11000,2.0,2.259798049926758,0.2597980499267578
chronos_2_erratic_features_plus_external,erratic,2025-09-01,8450152R02000,2.0,0.17412793636322021,1.8258720636367798
chronos_2_erratic_features_plus_external,erratic,2025-09-01,84501M55T00000,1.0,1.2738040685653687,0.27380406856536865
chronos_2_erratic_features_plus_external,erratic,2025-09-01,84501M68P00000,2.0,2.739579677581787,0.7395796775817871
chronos_2_erratic_features_plus_external,erratic,2025-09-01,84502M68P00000,7.0,1.6045602560043335,5.3954397439956665
chronos_2_erratic_features_plus_external,erratic,2025-09-01,84510M74L01000,1.0,2.0988283157348633,1.0988283157348633
chronos_2_erratic_features_plus_external,erratic,2025-09-01,84511M75T10000,9.0,0.0,9.0
chronos_2_erratic_features_plus_external,erratic,2025-09-01,84511M76M10000,0.0,0.14745289087295532,0.14745289087295532
chronos_2_erratic_features_plus_external,erratic,2025-09-01,8470171LVAZMT,2.0,4.469676971435547,2.469676971435547
chronos_2_erratic_features_plus_external,erratic,2025-09-01,84701M53M205PK,3.0,2.360583782196045,0.6394162178039551
chronos_2_erratic_features_plus_external,erratic,2025-09-01,84701M55TB0ZHJ,6.0,3.3273770809173584,2.6726229190826416
chronos_2_erratic_features_plus_external,erratic,2025-09-01,84701M68P31ZHJ,3.0,3.2086305618286133,0.20863056182861328
chronos_2_erratic_features_plus_external,erratic,2025-09-01,84701M68P515PK,1.0,1.4200670719146729,0.42006707191467285
chronos_2_erratic_features_plus_external,erratic,2025-09-01,84701M74LC15PK,2.0,1.7127872705459595,0.2872127294540405
chronos_2_erratic_features_plus_external,erratic,2025-09-01,8470261J025PK,6.0,1.2940824031829834,4.705917596817017
chronos_2_erratic_features_plus_external,erratic,2025-09-01,84702M53M205PK,1.0,2.0983264446258545,1.0983264446258545
chronos_2_erratic_features_plus_external,erratic,2025-09-01,84702M55TB0ZHJ,7.0,3.7717342376708984,3.2282657623291016
chronos_2_erratic_features_plus_external,erratic,2025-09-01,84702M56R92ZHJ,3.0,1.3665452003479004,1.6334547996520996
chronos_2_erratic_features_plus_external,erratic,2025-09-01,84702M62S20Z4Q,2.0,5.390398025512695,3.3903980255126953
chronos_2_erratic_features_plus_external,erratic,2025-09-01,84702M68P31ZHJ,0.0,1.0625603199005127,1.0625603199005127
chronos_2_erratic_features_plus_external,erratic,2025-09-01,84702M68P515PK,4.0,1.7483758926391602,2.25162410736084
chronos_2_erratic_features_plus_external,erratic,2025-09-01,84702M74LC15PK,2.0,2.8349337577819824,0.8349337577819824
chronos_2_erratic_features_plus_external,erratic,2025-09-01,84702M79G30000,0.0,1.4524939060211182,1.4524939060211182
chronos_2_erratic_features_plus_external,erratic,2025-09-01,84703M79M02000,7.0,1.6309359073638916,5.369064092636108
chronos_2_erratic_features_plus_external,erratic,2025-09-01,8471852R20ZVR,1.0,0.7875799536705017,0.2124200463294983
chronos_2_erratic_features_plus_external,erratic,2025-09-01,8472852R20ZVR,1.0,1.1450636386871338,0.1450636386871338
chronos_2_erratic_features_plus_external,erratic,2025-09-01,8472865J00Z2S,1.0,1.318985939025879,0.3189859390258789
chronos_2_erratic_features_plus_external,erratic,2025-09-01,8472880J00Z2S,2.0,1.1031463146209717,0.8968536853790283
chronos_2_erratic_features_plus_external,erratic,2025-09-01,84730M67P10000,0.0,0.10926437377929688,0.10926437377929688
chronos_2_erratic_features_plus_external,erratic,2025-09-01,84730M74LC0000,1.0,6.942812919616699,5.942812919616699
chronos_2_erratic_features_plus_external,erratic,2025-09-01,84730M79M00000,2.0,3.347203254699707,1.347203254699707
chronos_2_erratic_features_plus_external,erratic,2025-09-01,8474061M00000,3.0,2.1477410793304443,0.8522589206695557
chronos_2_erratic_features_plus_external,erratic,2025-09-01,8474065J00000,0.0,0.2931985855102539,0.2931985855102539
chronos_2_erratic_features_plus_external,erratic,2025-09-01,84740M67P10000,0.0,0.912346363067627,0.912346363067627
chronos_2_erratic_features_plus_external,erratic,2025-09-01,84740M74LC0000,3.0,3.9251396656036377,0.9251396656036377
chronos_2_erratic_features_plus_external,erratic,2025-09-01,84740M74LE0000,0.0,0.6887909770011902,0.6887909770011902
chronos_2_erratic_features_plus_external,erratic,2025-09-01,84740M76M00000,5.0,1.0682859420776367,3.9317140579223633
chronos_2_erratic_features_plus_external,erratic,2025-09-01,84740M79M00000,1.0,3.3572564125061035,2.3572564125061035
chronos_2_erratic_features_plus_external,erratic,2025-09-01,84920M68PB1BHE,1.0,0.9273194074630737,0.07268059253692627
chronos_2_erratic_features_plus_external,erratic,2025-09-01,84940M68PC1BHE,1.0,1.1897891759872437,0.18978917598724365
chronos_2_erratic_features_plus_external,erratic,2025-09-01,95130M68K00000,0.0,1.8209774494171143,1.8209774494171143
chronos_2_erratic_features_plus_external,erratic,2025-09-01,95310M53T00000,3.0,4.142653942108154,1.1426539421081543
chronos_2_erratic_features_plus_external,erratic,2025-09-01,95310M55T00000,5.0,7.248671054840088,2.248671054840088
chronos_2_erratic_features_plus_external,erratic,2025-09-01,95310M76M00000,3.0,2.0816211700439453,0.9183788299560547
chronos_2_erratic_features_plus_external,erratic,2025-10-01,0911912012000,61.0,34.45500564575195,26.544994354248047
chronos_2_erratic_features_plus_external,erratic,2025-10-01,09140M12040000,22.0,7.7946953773498535,14.205304622650146
chronos_2_erratic_features_plus_external,erratic,2025-10-01,0915912057000,10.0,4.840804100036621,5.159195899963379
chronos_2_erratic_features_plus_external,erratic,2025-10-01,09209M09L02000,5.0,12.692995071411133,7.692995071411133
chronos_2_erratic_features_plus_external,erratic,2025-10-01,0924616021000,28.0,4.53993034362793,23.46006965637207
chronos_2_erratic_features_plus_external,erratic,2025-10-01,0928335052000,5.0,13.364278793334961,8.364278793334961
chronos_2_erratic_features_plus_external,erratic,2025-10-01,0928348007000,4.0,5.560891628265381,1.5608916282653809
chronos_2_erratic_features_plus_external,erratic,2025-10-01,0940907340000,21.0,17.358421325683594,3.6415786743164062
chronos_2_erratic_features_plus_external,erratic,2025-10-01,09409M07355000,0.0,7.414312362670898,7.414312362670898
chronos_2_erratic_features_plus_external,erratic,2025-10-01,09409M08006000,38.0,131.79774475097656,93.79774475097656
chronos_2_erratic_features_plus_external,erratic,2025-10-01,09409M10L04000,0.0,0.8686485290527344,0.8686485290527344
chronos_2_erratic_features_plus_external,erratic,2025-10-01,11610M53M00000,13.0,1.7188928127288818,11.281107187271118
chronos_2_erratic_features_plus_external,erratic,2025-10-01,11610M68K03000,7.0,0.8293933272361755,6.1706066727638245
chronos_2_erratic_features_plus_external,erratic,2025-10-01,11620M53M00000,7.0,1.1424263715744019,5.857573628425598
chronos_2_erratic_features_plus_external,erratic,2025-10-01,11710M53M00000,7.0,0.7911679744720459,6.208832025527954
chronos_2_erratic_features_plus_external,erratic,2025-10-01,17100M62S00000,5.0,1.7711231708526611,3.228876829147339
chronos_2_erratic_features_plus_external,erratic,2025-10-01,17213M76M00000,1.0,1.0276427268981934,0.02764272689819336
chronos_2_erratic_features_plus_external,erratic,2025-10-01,17214M76M10000,0.0,0.6408044099807739,0.6408044099807739
chronos_2_erratic_features_plus_external,erratic,2025-10-01,17700M53M20000,2.0,2.210561752319336,0.21056175231933594
chronos_2_erratic_features_plus_external,erratic,2025-10-01,17700M76M10000,1.0,1.2833125591278076,0.2833125591278076
chronos_2_erratic_features_plus_external,erratic,2025-10-01,17700M83P00000,2.0,3.5240163803100586,1.5240163803100586
chronos_2_erratic_features_plus_external,erratic,2025-10-01,3512065J32000,3.0,2.2806506156921387,0.7193493843078613
chronos_2_erratic_features_plus_external,erratic,2025-10-01,3512071L20000,1.0,1.2536253929138184,0.25362539291381836
chronos_2_erratic_features_plus_external,erratic,2025-10-01,35120M68K20000,2.0,0.9813469648361206,1.0186530351638794
chronos_2_erratic_features_plus_external,erratic,2025-10-01,35121M53MB0000,5.0,2.9839320182800293,2.0160679817199707
chronos_2_erratic_features_plus_external,erratic,2025-10-01,35121M60M10000,0.0,0.12820929288864136,0.12820929288864136
chronos_2_erratic_features_plus_external,erratic,2025-10-01,35121M62S30000,14.0,5.432033061981201,8.567966938018799
chronos_2_erratic_features_plus_external,erratic,2025-10-01,35121M67P10000,1.0,1.1221239566802979,0.12212395668029785
chronos_2_erratic_features_plus_external,erratic,2025-10-01,35121M74L01000,4.0,3.4627556800842285,0.5372443199157715
chronos_2_erratic_features_plus_external,erratic,2025-10-01,35121M76M50000,1.0,4.159176826477051,3.159176826477051
chronos_2_erratic_features_plus_external,erratic,2025-10-01,35153M59K10000,2.0,0.4097261428833008,1.5902738571166992
chronos_2_erratic_features_plus_external,erratic,2025-10-01,35300M74TB1000,5.0,7.122746467590332,2.122746467590332
chronos_2_erratic_features_plus_external,erratic,2025-10-01,3532064J31000,3.0,1.4378137588500977,1.5621862411499023
chronos_2_erratic_features_plus_external,erratic,2025-10-01,3532065J32000,4.0,2.9687697887420654,1.0312302112579346
chronos_2_erratic_features_plus_external,erratic,2025-10-01,3532071L20000,3.0,1.7571924924850464,1.2428075075149536
chronos_2_erratic_features_plus_external,erratic,2025-10-01,3532079P30000,2.0,1.7420799732208252,0.2579200267791748
chronos_2_erratic_features_plus_external,erratic,2025-10-01,35321M53MB0000,3.0,2.824235200881958,0.175764799118042
chronos_2_erratic_features_plus_external,erratic,2025-10-01,35321M55T53000,14.0,6.729285717010498,7.270714282989502
chronos_2_erratic_features_plus_external,erratic,2025-10-01,35321M67P10000,0.0,0.8072013854980469,0.8072013854980469
chronos_2_erratic_features_plus_external,erratic,2025-10-01,35321M68K21000,3.0,0.9463871717453003,2.0536128282546997
chronos_2_erratic_features_plus_external,erratic,2025-10-01,35321M74L01000,3.0,5.66119384765625,2.66119384765625
chronos_2_erratic_features_plus_external,erratic,2025-10-01,35321M76M50000,0.0,5.516515254974365,5.516515254974365
chronos_2_erratic_features_plus_external,erratic,2025-10-01,3550054P01000,0.0,1.37968909740448,1.37968909740448
chronos_2_erratic_features_plus_external,erratic,2025-10-01,35501M67P00000,2.0,1.8936572074890137,0.10634279251098633
chronos_2_erratic_features_plus_external,erratic,2025-10-01,3565064J21000,0.0,2.3151371479034424,2.3151371479034424
chronos_2_erratic_features_plus_external,erratic,2025-10-01,3565065J21000,2.0,0.555438756942749,1.444561243057251
chronos_2_erratic_features_plus_external,erratic,2025-10-01,3565077R00000,2.0,1.7148139476776123,0.2851860523223877
chronos_2_erratic_features_plus_external,erratic,2025-10-01,3565079P00000,2.0,1.1654508113861084,0.8345491886138916
chronos_2_erratic_features_plus_external,erratic,2025-10-01,35650M53M00000,4.0,0.9793388247489929,3.020661175251007
chronos_2_erratic_features_plus_external,erratic,2025-10-01,35650M66L00000,2.0,0.025106370449066162,1.9748936295509338
chronos_2_erratic_features_plus_external,erratic,2025-10-01,35650M67P00000,8.0,1.8110674619674683,6.188932538032532
chronos_2_erratic_features_plus_external,erratic,2025-10-01,35650M74L00000,4.0,1.8617804050445557,2.1382195949554443
chronos_2_erratic_features_plus_external,erratic,2025-10-01,35650M75T00000,5.0,0.5253477096557617,4.474652290344238
chronos_2_erratic_features_plus_external,erratic,2025-10-01,35651M68K00000,3.0,0.9385731220245361,2.061426877975464
chronos_2_erratic_features_plus_external,erratic,2025-10-01,35651M75L00000,3.0,1.5147569179534912,1.4852430820465088
chronos_2_erratic_features_plus_external,erratic,2025-10-01,35651M76M00000,3.0,1.9443368911743164,1.0556631088256836
chronos_2_erratic_features_plus_external,erratic,2025-10-01,3567060K00000,1.0,1.2700153589248657,0.2700153589248657
chronos_2_erratic_features_plus_external,erratic,2025-10-01,3567061M10000,3.0,1.854844331741333,1.145155668258667
chronos_2_erratic_features_plus_external,erratic,2025-10-01,3567064J20000,2.0,1.480262279510498,0.519737720489502
chronos_2_erratic_features_plus_external,erratic,2025-10-01,3567071L00000,0.0,1.6057171821594238,1.6057171821594238
chronos_2_erratic_features_plus_external,erratic,2025-10-01,3567079P00000,0.0,2.369271993637085,2.369271993637085
chronos_2_erratic_features_plus_external,erratic,2025-10-01,35670M74L00000,10.0,4.215230464935303,5.784769535064697
chronos_2_erratic_features_plus_external,erratic,2025-10-01,35671M68K00000,1.0,0.3814672827720642,0.6185327172279358
chronos_2_erratic_features_plus_external,erratic,2025-10-01,35671M75L00000,5.0,2.825927257537842,2.174072742462158
chronos_2_erratic_features_plus_external,erratic,2025-10-01,35750M53M00000,13.0,4.341312408447266,8.658687591552734
chronos_2_erratic_features_plus_external,erratic,2025-10-01,35750M66L00000,3.0,1.0497119426727295,1.9502880573272705
chronos_2_erratic_features_plus_external,erratic,2025-10-01,35750M67P00000,5.0,2.912156343460083,2.087843656539917
chronos_2_erratic_features_plus_external,erratic,2025-10-01,35750M75T00000,1.0,0.08623647689819336,0.9137635231018066
chronos_2_erratic_features_plus_external,erratic,2025-10-01,3591075F12000,3.0,0.4240977168083191,2.575902283191681
chronos_2_erratic_features_plus_external,erratic,2025-10-01,36250M74T15000,12.0,1.472095012664795,10.527904987335205
chronos_2_erratic_features_plus_external,erratic,2025-10-01,3625479P01000,0.0,0.6617746353149414,0.6617746353149414
chronos_2_erratic_features_plus_external,erratic,2025-10-01,3625486R20000,2.0,0.6318320035934448,1.3681679964065552
chronos_2_erratic_features_plus_external,erratic,2025-10-01,36410M67K00000,2.0,3.2881064414978027,1.2881064414978027
chronos_2_erratic_features_plus_external,erratic,2025-10-01,38450M68K00000,2.0,0.19162774085998535,1.8083722591400146
chronos_2_erratic_features_plus_external,erratic,2025-10-01,38450M74L10000,1.0,1.7924048900604248,0.7924048900604248
chronos_2_erratic_features_plus_external,erratic,2025-10-01,38450M76M00000,4.0,2.3201751708984375,1.6798248291015625
chronos_2_erratic_features_plus_external,erratic,2025-10-01,38453M75000000,8.0,0.7807224988937378,7.219277501106262
chronos_2_erratic_features_plus_external,erratic,2025-10-01,3925164J00000,1.0,3.793959856033325,2.793959856033325
chronos_2_erratic_features_plus_external,erratic,2025-10-01,3932152R00000,1.0,3.356475353240967,2.356475353240967
chronos_2_erratic_features_plus_external,erratic,2025-10-01,39321M62S10000,3.0,3.7305026054382324,0.7305026054382324
chronos_2_erratic_features_plus_external,erratic,2025-10-01,3932252R00000,1.0,3.3682398796081543,2.3682398796081543
chronos_2_erratic_features_plus_external,erratic,2025-10-01,41710M74L00000,4.0,1.2536866664886475,2.7463133335113525
chronos_2_erratic_features_plus_external,erratic,2025-10-01,4243163J10000,10.0,15.247440338134766,5.247440338134766
chronos_2_erratic_features_plus_external,erratic,2025-10-01,4321078R010BK,3.0,1.251486897468567,1.748513102531433
chronos_2_erratic_features_plus_external,erratic,2025-10-01,43210M55T5027N,5.0,4.2419867515563965,0.7580132484436035
chronos_2_erratic_features_plus_external,erratic,2025-10-01,43210M55T60QC8,17.0,3.3223400115966797,13.67765998840332
chronos_2_erratic_features_plus_external,erratic,2025-10-01,43210M68P1009L,2.0,1.7524619102478027,0.24753808975219727
chronos_2_erratic_features_plus_external,erratic,2025-10-01,43210M68P60ZMQ,4.0,4.323195457458496,0.3231954574584961
chronos_2_erratic_features_plus_external,erratic,2025-10-01,43210M75T60QC8,1.0,0.1384875774383545,0.8615124225616455
chronos_2_erratic_features_plus_external,erratic,2025-10-01,43210M79G5309L,4.0,2.4303579330444336,1.5696420669555664
chronos_2_erratic_features_plus_external,erratic,2025-10-01,43250M62S0027N,15.0,10.297658920288086,4.702341079711914
chronos_2_erratic_features_plus_external,erratic,2025-10-01,43250M67K0027N,23.0,6.230857849121094,16.769142150878906
chronos_2_erratic_features_plus_external,erratic,2025-10-01,43250M75T0027N,2.0,0.3703871965408325,1.6296128034591675
chronos_2_erratic_features_plus_external,erratic,2025-10-01,43250M81R1027N,0.0,1.4258544445037842,1.4258544445037842
chronos_2_erratic_features_plus_external,erratic,2025-10-01,43250M83P0027N,4.0,5.4180498123168945,1.4180498123168945
chronos_2_erratic_features_plus_external,erratic,2025-10-01,4325283S000PG,1.0,3.5870540142059326,2.5870540142059326
chronos_2_erratic_features_plus_external,erratic,2025-10-01,43252M67L00AQY,2.0,1.76252019405365,0.2374798059463501
chronos_2_erratic_features_plus_external,erratic,2025-10-01,48150M68P10C48,2.0,1.0183141231536865,0.9816858768463135
chronos_2_erratic_features_plus_external,erratic,2025-10-01,5730065811000,1.0,0.4069395065307617,0.5930604934692383
chronos_2_erratic_features_plus_external,erratic,2025-10-01,57300M53M00000,1.0,1.5397874116897583,0.5397874116897583
chronos_2_erratic_features_plus_external,erratic,2025-10-01,57300M67P00000,4.0,1.7850614786148071,2.214938521385193
chronos_2_erratic_features_plus_external,erratic,2025-10-01,57300M74L00000,8.0,1.3945339918136597,6.60546600818634
chronos_2_erratic_features_plus_external,erratic,2025-10-01,57300M76M00000,3.0,3.0411980152130127,0.041198015213012695
chronos_2_erratic_features_plus_external,erratic,2025-10-01,57410M62S00000,6.0,0.7610026597976685,5.2389973402023315
chronos_2_erratic_features_plus_external,erratic,2025-10-01,57410M74L00000,3.0,2.1994211673736572,0.8005788326263428
chronos_2_erratic_features_plus_external,erratic,2025-10-01,57410M76M00000,0.0,0.8427808880805969,0.8427808880805969
chronos_2_erratic_features_plus_external,erratic,2025-10-01,57410M79G00000,1.0,1.4553148746490479,0.45531487464904785
chronos_2_erratic_features_plus_external,erratic,2025-10-01,5742054P00000,3.0,1.6854569911956787,1.3145430088043213
chronos_2_erratic_features_plus_external,erratic,2025-10-01,57420M62S00000,6.0,1.1845273971557617,4.815472602844238
chronos_2_erratic_features_plus_external,erratic,2025-10-01,57420M67P00000,1.0,1.0284236669540405,0.028423666954040527
chronos_2_erratic_features_plus_external,erratic,2025-10-01,57420M74L00000,3.0,1.393127679824829,1.606872320175171
chronos_2_erratic_features_plus_external,erratic,2025-10-01,57420M76M00000,0.0,0.8132115006446838,0.8132115006446838
chronos_2_erratic_features_plus_external,erratic,2025-10-01,57420M79G00000,0.0,1.4431554079055786,1.4431554079055786
chronos_2_erratic_features_plus_external,erratic,2025-10-01,5761065J10000,3.0,3.1326143741607666,0.1326143741607666
chronos_2_erratic_features_plus_external,erratic,2025-10-01,5761154P00000,0.0,0.6406551003456116,0.6406551003456116
chronos_2_erratic_features_plus_external,erratic,2025-10-01,57611M53M00000,4.0,0.5409910082817078,3.4590089917182922
chronos_2_erratic_features_plus_external,erratic,2025-10-01,57611M55T00000,18.0,9.843875885009766,8.156124114990234
chronos_2_erratic_features_plus_external,erratic,2025-10-01,57611M67P01000,0.0,1.5853300094604492,1.5853300094604492
chronos_2_erratic_features_plus_external,erratic,2025-10-01,57611M75T10000,1.0,0.6710660457611084,0.3289339542388916
chronos_2_erratic_features_plus_external,erratic,2025-10-01,5771065J10000,2.0,2.001070022583008,0.0010700225830078125
chronos_2_erratic_features_plus_external,erratic,2025-10-01,57711M53M00000,1.0,1.1157561540603638,0.11575615406036377
chronos_2_erratic_features_plus_external,erratic,2025-10-01,57711M67P01000,2.0,2.041010856628418,0.04101085662841797
chronos_2_erratic_features_plus_external,erratic,2025-10-01,57711M68K10000,2.0,1.0303139686584473,0.9696860313415527
chronos_2_erratic_features_plus_external,erratic,2025-10-01,57711M71P00000,1.0,0.09857803583145142,0.9014219641685486
chronos_2_erratic_features_plus_external,erratic,2025-10-01,57711M75T10000,2.0,1.0028282403945923,0.9971717596054077
chronos_2_erratic_features_plus_external,erratic,2025-10-01,57711M76M00000,1.0,4.904974460601807,3.9049744606018066
chronos_2_erratic_features_plus_external,erratic,2025-10-01,58121M53M00000,1.0,0.17273491621017456,0.8272650837898254
chronos_2_erratic_features_plus_external,erratic,2025-10-01,58200M80T00000,4.0,1.7466509342193604,2.2533490657806396
chronos_2_erratic_features_plus_external,erratic,2025-10-01,5823052R00000,3.0,1.5410304069519043,1.4589695930480957
chronos_2_erratic_features_plus_external,erratic,2025-10-01,58230M53M00000,2.0,0.2721859812736511,1.7278140187263489
chronos_2_erratic_features_plus_external,erratic,2025-10-01,58230M62S00000,2.0,1.1127921342849731,0.8872078657150269
chronos_2_erratic_features_plus_external,erratic,2025-10-01,58230M68K01000,1.0,0.4776344299316406,0.5223655700683594
chronos_2_erratic_features_plus_external,erratic,2025-10-01,5826077K00000,5.0,4.178452014923096,0.8215479850769043
chronos_2_erratic_features_plus_external,erratic,2025-10-01,58270M68K00000,3.0,2.624939441680908,0.3750605583190918
chronos_2_erratic_features_plus_external,erratic,2025-10-01,58270M75T00000,2.0,0.8313153982162476,1.1686846017837524
chronos_2_erratic_features_plus_external,erratic,2025-10-01,58270M76M01000,2.0,2.047550916671753,0.04755091667175293
chronos_2_erratic_features_plus_external,erratic,2025-10-01,58280M68K00000,0.0,1.2955536842346191,1.2955536842346191
chronos_2_erratic_features_plus_external,erratic,2025-10-01,58811M78R00000,2.0,3.6721601486206055,1.6721601486206055
chronos_2_erratic_features_plus_external,erratic,2025-10-01,65500M55T10000,13.0,3.9299163818359375,9.070083618164062
chronos_2_erratic_features_plus_external,erratic,2025-10-01,65561M74L00000,3.0,1.2502892017364502,1.7497107982635498
chronos_2_erratic_features_plus_external,erratic,2025-10-01,68001M55T20000,6.0,3.2364559173583984,2.7635440826416016
chronos_2_erratic_features_plus_external,erratic,2025-10-01,68001M62S12000,3.0,1.033040165901184,1.966959834098816
chronos_2_erratic_features_plus_external,erratic,2025-10-01,68002M55T20000,4.0,3.456610679626465,0.5433893203735352
chronos_2_erratic_features_plus_external,erratic,2025-10-01,69100M53M00000,5.0,2.9454033374786377,2.0545966625213623
chronos_2_erratic_features_plus_external,erratic,2025-10-01,69100M67P10000,1.0,1.0723267793655396,0.07232677936553955
chronos_2_erratic_features_plus_external,erratic,2025-10-01,71079M74T00000,3.0,0.147369384765625,2.852630615234375
chronos_2_erratic_features_plus_external,erratic,2025-10-01,7171064R00ZQ4,3.0,1.8245964050292969,1.1754035949707031
chronos_2_erratic_features_plus_external,erratic,2025-10-01,7171154L10799,3.0,0.12880027294158936,2.8711997270584106
chronos_2_erratic_features_plus_external,erratic,2025-10-01,7171161P00799,3.0,2.586794853210449,0.4132051467895508
chronos_2_erratic_features_plus_external,erratic,2025-10-01,7171178R015PK,3.0,3.8547048568725586,0.8547048568725586
chronos_2_erratic_features_plus_external,erratic,2025-10-01,7171179P00799,3.0,2.421994686126709,0.578005313873291
chronos_2_erratic_features_plus_external,erratic,2025-10-01,71711M53MA05PK,0.0,0.7093199491500854,0.7093199491500854
chronos_2_erratic_features_plus_external,erratic,2025-10-01,71711M53MA0799,0.0,0.693393886089325,0.693393886089325
chronos_2_erratic_features_plus_external,erratic,2025-10-01,71711M53MB05PK,1.0,0.31347227096557617,0.6865277290344238
chronos_2_erratic_features_plus_external,erratic,2025-10-01,71711M56R00799,4.0,5.352158069610596,1.3521580696105957
chronos_2_erratic_features_plus_external,erratic,2025-10-01,71711M62S005PK,21.0,10.837307929992676,10.162692070007324
chronos_2_erratic_features_plus_external,erratic,2025-10-01,71711M66L005PK,1.0,2.384138345718384,1.3841383457183838
chronos_2_erratic_features_plus_external,erratic,2025-10-01,71711M67P00799,4.0,2.2270829677581787,1.7729170322418213
chronos_2_erratic_features_plus_external,erratic,2025-10-01,71711M68K00799,3.0,1.1600250005722046,1.8399749994277954
chronos_2_erratic_features_plus_external,erratic,2025-10-01,71711M73T115PK,15.0,4.643721580505371,10.356278419494629
chronos_2_erratic_features_plus_external,erratic,2025-10-01,71711M74L00799,2.0,1.5638861656188965,0.4361138343811035
chronos_2_erratic_features_plus_external,erratic,2025-10-01,71711M75L00799,2.0,2.0789995193481445,0.07899951934814453
chronos_2_erratic_features_plus_external,erratic,2025-10-01,71711M76M10799,2.0,2.2584805488586426,0.2584805488586426
chronos_2_erratic_features_plus_external,erratic,2025-10-01,71711M76T00N49,9.0,3.6284778118133545,5.3715221881866455
chronos_2_erratic_features_plus_external,erratic,2025-10-01,71711M79M00799,1.0,0.21003031730651855,0.7899696826934814
chronos_2_erratic_features_plus_external,erratic,2025-10-01,71712M54T00000,2.0,2.236851453781128,0.23685145378112793
chronos_2_erratic_features_plus_external,erratic,2025-10-01,71712M55T00000,17.0,5.02139139175415,11.97860860824585
chronos_2_erratic_features_plus_external,erratic,2025-10-01,71712M56R00000,2.0,2.294581890106201,0.29458189010620117
chronos_2_erratic_features_plus_external,erratic,2025-10-01,71712M79M00000,2.0,1.1525440216064453,0.8474559783935547
chronos_2_erratic_features_plus_external,erratic,2025-10-01,71720M76M005PK,1.0,2.8024070262908936,1.8024070262908936
chronos_2_erratic_features_plus_external,erratic,2025-10-01,7172160K005PK,4.0,1.7924320697784424,2.2075679302215576
chronos_2_erratic_features_plus_external,erratic,2025-10-01,7172161P005PK,3.0,5.035666465759277,2.0356664657592773
chronos_2_erratic_features_plus_external,erratic,2025-10-01,7172177MJ05PK,0.0,1.4107139110565186,1.4107139110565186
chronos_2_erratic_features_plus_external,erratic,2025-10-01,7172179P005PK,4.0,1.205841302871704,2.794158697128296
chronos_2_erratic_features_plus_external,erratic,2025-10-01,7172186R105PK,4.0,1.7618225812911987,2.2381774187088013
chronos_2_erratic_features_plus_external,erratic,2025-10-01,71721M56R005PK,1.0,3.165379285812378,2.165379285812378
chronos_2_erratic_features_plus_external,erratic,2025-10-01,71721M60MA05PK,1.0,2.064108371734619,1.0641083717346191
chronos_2_erratic_features_plus_external,erratic,2025-10-01,71721M74T005PK,9.0,10.400209426879883,1.4002094268798828
chronos_2_erratic_features_plus_external,erratic,2025-10-01,71721M75L005PK,1.0,1.666588306427002,0.666588306427002
chronos_2_erratic_features_plus_external,erratic,2025-10-01,71721M75T005PK,4.0,1.865999460220337,2.134000539779663
chronos_2_erratic_features_plus_external,erratic,2025-10-01,71721M78R005PK,11.0,1.3575526475906372,9.642447352409363
chronos_2_erratic_features_plus_external,erratic,2025-10-01,71721M84P005PK,2.0,1.019226312637329,0.9807736873626709
chronos_2_erratic_features_plus_external,erratic,2025-10-01,7173154GA0000,0.0,1.7765264511108398,1.7765264511108398
chronos_2_erratic_features_plus_external,erratic,2025-10-01,7173163J20000,2.0,2.3182594776153564,0.31825947761535645
chronos_2_erratic_features_plus_external,erratic,2025-10-01,7173171L00000,7.0,5.508669853210449,1.4913301467895508
chronos_2_erratic_features_plus_external,erratic,2025-10-01,71731M53M00000,0.0,2.40083646774292,2.40083646774292
chronos_2_erratic_features_plus_external,erratic,2025-10-01,71731M53MB0000,2.0,1.9346280097961426,0.06537199020385742
chronos_2_erratic_features_plus_external,erratic,2025-10-01,71731M66L005PK,1.0,1.6372476816177368,0.6372476816177368
chronos_2_erratic_features_plus_external,erratic,2025-10-01,71731M67P00000,4.0,3.026026964187622,0.9739730358123779
chronos_2_erratic_features_plus_external,erratic,2025-10-01,71731M68K00000,13.0,3.6703948974609375,9.329605102539062
chronos_2_erratic_features_plus_external,erratic,2025-10-01,7173262R00000,3.0,1.295639991760254,1.704360008239746
chronos_2_erratic_features_plus_external,erratic,2025-10-01,7173263J20000,2.0,0.9942816495895386,1.0057183504104614
chronos_2_erratic_features_plus_external,erratic,2025-10-01,7173271L00000,8.0,8.011543273925781,0.01154327392578125
chronos_2_erratic_features_plus_external,erratic,2025-10-01,71732M53M00000,0.0,4.103291988372803,4.103291988372803
chronos_2_erratic_features_plus_external,erratic,2025-10-01,71732M66L005PK,2.0,1.2703994512557983,0.7296005487442017
chronos_2_erratic_features_plus_external,erratic,2025-10-01,71732M67P00000,3.0,1.893654465675354,1.106345534324646
chronos_2_erratic_features_plus_external,erratic,2025-10-01,71732M68K00000,16.0,3.879082679748535,12.120917320251465
chronos_2_erratic_features_plus_external,erratic,2025-10-01,71732M74T00000,7.0,1.9124512672424316,5.087548732757568
chronos_2_erratic_features_plus_external,erratic,2025-10-01,71733M55T00000,14.0,11.933187484741211,2.066812515258789
chronos_2_erratic_features_plus_external,erratic,2025-10-01,71733M74L00000,1.0,0.9054887890815735,0.09451121091842651
chronos_2_erratic_features_plus_external,erratic,2025-10-01,71734M55T00000,12.0,9.33859634399414,2.6614036560058594
chronos_2_erratic_features_plus_external,erratic,2025-10-01,71734M68L00000,1.0,0.9868978261947632,0.013102173805236816
chronos_2_erratic_features_plus_external,erratic,2025-10-01,71734M74T00000,1.0,0.9944934844970703,0.0055065155029296875
chronos_2_erratic_features_plus_external,erratic,2025-10-01,7174054L10D2W,5.0,0.9228255152702332,4.077174484729767
chronos_2_erratic_features_plus_external,erratic,2025-10-01,7174073R10CUG,1.0,0.7963337898254395,0.20366621017456055
chronos_2_erratic_features_plus_external,erratic,2025-10-01,7174079P00C48,2.0,1.5286543369293213,0.4713456630706787
chronos_2_erratic_features_plus_external,erratic,2025-10-01,7174079S00C48,10.0,5.326293468475342,4.673706531524658
chronos_2_erratic_features_plus_external,erratic,2025-10-01,71740M55T10C48,23.0,12.022290229797363,10.977709770202637
chronos_2_erratic_features_plus_external,erratic,2025-10-01,71740M56R00C48,1.0,5.413532257080078,4.413532257080078
chronos_2_erratic_features_plus_external,erratic,2025-10-01,71740M68T00C48,43.0,27.322111129760742,15.677888870239258
chronos_2_erratic_features_plus_external,erratic,2025-10-01,71740M76MA0C48,10.0,11.339995384216309,1.3399953842163086
chronos_2_erratic_features_plus_external,erratic,2025-10-01,71740M76T10KDJ,5.0,4.291601181030273,0.7083988189697266
chronos_2_erratic_features_plus_external,erratic,2025-10-01,71740M81R00C48,4.0,4.348862171173096,0.3488621711730957
chronos_2_erratic_features_plus_external,erratic,2025-10-01,7174160P005PK,0.0,1.8486509323120117,1.8486509323120117
chronos_2_erratic_features_plus_external,erratic,2025-10-01,71741M53M005PK,0.0,0.22878074645996094,0.22878074645996094
chronos_2_erratic_features_plus_external,erratic,2025-10-01,71741M53MA05PK,3.0,2.0684664249420166,0.9315335750579834
chronos_2_erratic_features_plus_external,erratic,2025-10-01,71741M74L005PK,2.0,1.3478596210479736,0.6521403789520264
chronos_2_erratic_features_plus_external,erratic,2025-10-01,71741M75L005PK,0.0,0.9727240800857544,0.9727240800857544
chronos_2_erratic_features_plus_external,erratic,2025-10-01,71741M75T00W9K,9.0,6.167694091796875,2.832305908203125
chronos_2_erratic_features_plus_external,erratic,2025-10-01,71741M76M105PK,2.0,3.283766508102417,1.283766508102417
chronos_2_erratic_features_plus_external,erratic,2025-10-01,71741M83P005PK,10.0,6.34996223449707,3.6500377655029297
chronos_2_erratic_features_plus_external,erratic,2025-10-01,71743M76M100PG,1.0,1.2524454593658447,0.2524454593658447
chronos_2_erratic_features_plus_external,erratic,2025-10-01,71744M76M100PG,1.0,0.5432591438293457,0.4567408561706543
chronos_2_erratic_features_plus_external,erratic,2025-10-01,71745M75T10000,1.0,0.8313153982162476,0.16868460178375244
chronos_2_erratic_features_plus_external,erratic,2025-10-01,7175172S205PK,3.0,1.1051013469696045,1.8948986530303955
chronos_2_erratic_features_plus_external,erratic,2025-10-01,7175186R000PG,3.0,1.8134551048278809,1.1865448951721191
chronos_2_erratic_features_plus_external,erratic,2025-10-01,71751M67P105PK,7.0,2.416080951690674,4.583919048309326
chronos_2_erratic_features_plus_external,erratic,2025-10-01,71751M83P105PK,2.0,0.46650123596191406,1.533498764038086
chronos_2_erratic_features_plus_external,erratic,2025-10-01,71752M54T100PG,5.0,4.301328659057617,0.6986713409423828
chronos_2_erratic_features_plus_external,erratic,2025-10-01,71752M83P00PWJ,3.0,0.6801139116287231,2.319886088371277
chronos_2_erratic_features_plus_external,erratic,2025-10-01,7176179P105PK,0.0,1.000501275062561,1.000501275062561
chronos_2_erratic_features_plus_external,erratic,2025-10-01,71761M52R105PK,12.0,3.3153390884399414,8.684660911560059
chronos_2_erratic_features_plus_external,erratic,2025-10-01,71761M67P105PK,5.0,0.8144869804382324,4.185513019561768
chronos_2_erratic_features_plus_external,erratic,2025-10-01,71761M68K105PK,3.0,1.6052987575531006,1.3947012424468994
chronos_2_erratic_features_plus_external,erratic,2025-10-01,71761M74T20ZAM,3.0,4.358696460723877,1.358696460723877
chronos_2_erratic_features_plus_external,erratic,2025-10-01,71761M76MB0Z2S,1.0,1.384122610092163,0.3841226100921631
chronos_2_erratic_features_plus_external,erratic,2025-10-01,71761M76MB0ZHJ,0.0,0.6896584630012512,0.6896584630012512
chronos_2_erratic_features_plus_external,erratic,2025-10-01,71762M54T100PG,5.0,3.102680206298828,1.8973197937011719
chronos_2_erratic_features_plus_external,erratic,2025-10-01,7177164R005PK,1.0,0.2064816951751709,0.7935183048248291
chronos_2_erratic_features_plus_external,erratic,2025-10-01,7177171L00000,0.0,1.3915088176727295,1.3915088176727295
chronos_2_erratic_features_plus_external,erratic,2025-10-01,7177186R000PG,2.0,0.8448472619056702,1.1551527380943298
chronos_2_erratic_features_plus_external,erratic,2025-10-01,71771M55T00000,15.0,9.266727447509766,5.733272552490234
chronos_2_erratic_features_plus_external,erratic,2025-10-01,71771M56R100PG,2.0,3.8218750953674316,1.8218750953674316
chronos_2_erratic_features_plus_external,erratic,2025-10-01,71771M76T00PER,8.0,2.6758174896240234,5.324182510375977
chronos_2_erratic_features_plus_external,erratic,2025-10-01,71772M55T00000,5.0,5.255947589874268,0.2559475898742676
chronos_2_erratic_features_plus_external,erratic,2025-10-01,71782M56R100PG,2.0,2.1262636184692383,0.12626361846923828
chronos_2_erratic_features_plus_external,erratic,2025-10-01,71782M66L00000,4.0,1.7431893348693848,2.2568106651306152
chronos_2_erratic_features_plus_external,erratic,2025-10-01,71782M75T00000,0.0,3.5502171516418457,3.5502171516418457
chronos_2_erratic_features_plus_external,erratic,2025-10-01,7181179P00799,5.0,3.542186975479126,1.457813024520874
chronos_2_erratic_features_plus_external,erratic,2025-10-01,71811M53M00799,2.0,0.8797506093978882,1.1202493906021118
chronos_2_erratic_features_plus_external,erratic,2025-10-01,71811M56R00799,7.0,1.4487872123718262,5.551212787628174
chronos_2_erratic_features_plus_external,erratic,2025-10-01,71811M56R10799,3.0,1.0230169296264648,1.9769830703735352
chronos_2_erratic_features_plus_external,erratic,2025-10-01,71811M66L005PK,1.0,1.0690348148345947,0.06903481483459473
chronos_2_erratic_features_plus_external,erratic,2025-10-01,71811M67P01799,2.0,1.553274393081665,0.44672560691833496
chronos_2_erratic_features_plus_external,erratic,2025-10-01,71811M68K00799,1.0,0.28544890880584717,0.7145510911941528
chronos_2_erratic_features_plus_external,erratic,2025-10-01,71811M68P00799,1.0,3.6205382347106934,2.6205382347106934
chronos_2_erratic_features_plus_external,erratic,2025-10-01,71811M74T00799,7.0,4.998181343078613,2.0018186569213867
chronos_2_erratic_features_plus_external,erratic,2025-10-01,71811M75L00799,2.0,0.3949618339538574,1.6050381660461426
chronos_2_erratic_features_plus_external,erratic,2025-10-01,71811M75T00799,4.0,0.11565268039703369,3.8843473196029663
chronos_2_erratic_features_plus_external,erratic,2025-10-01,71811M76M00799,1.0,3.619274854660034,2.619274854660034
chronos_2_erratic_features_plus_external,erratic,2025-10-01,71811M80T105PK,8.0,0.9279070496559143,7.072092950344086
chronos_2_erratic_features_plus_external,erratic,2025-10-01,7181365L00000,8.0,1.212204098701477,6.787795901298523
chronos_2_erratic_features_plus_external,erratic,2025-10-01,7182173K10000,3.0,2.7507095336914062,0.24929046630859375
chronos_2_erratic_features_plus_external,erratic,2025-10-01,7182179P00000,2.0,2.8849971294403076,0.8849971294403076
chronos_2_erratic_features_plus_external,erratic,2025-10-01,71821M68K00000,3.0,1.2093051671981812,1.7906948328018188
chronos_2_erratic_features_plus_external,erratic,2025-10-01,71821M75T00000,3.0,0.46788835525512695,2.532111644744873
chronos_2_erratic_features_plus_external,erratic,2025-10-01,71821M79M00000,1.0,0.8185060024261475,0.18149399757385254
chronos_2_erratic_features_plus_external,erratic,2025-10-01,7182273K10000,2.0,1.64304780960083,0.3569521903991699
chronos_2_erratic_features_plus_external,erratic,2025-10-01,7182279P00000,5.0,2.217754602432251,2.782245397567749
chronos_2_erratic_features_plus_external,erratic,2025-10-01,7182280J00000,1.0,0.1415160894393921,0.8584839105606079
chronos_2_erratic_features_plus_external,erratic,2025-10-01,71822M55T00000,18.0,12.866223335266113,5.133776664733887
chronos_2_erratic_features_plus_external,erratic,2025-10-01,71822M68K00000,0.0,1.4041887521743774,1.4041887521743774
chronos_2_erratic_features_plus_external,erratic,2025-10-01,71822M75T00000,2.0,0.6460911631584167,1.3539088368415833
chronos_2_erratic_features_plus_external,erratic,2025-10-01,71822M79M00000,1.0,1.486635446548462,0.4866354465484619
chronos_2_erratic_features_plus_external,erratic,2025-10-01,71823M68L00000,6.0,3.046365261077881,2.953634738922119
chronos_2_erratic_features_plus_external,erratic,2025-10-01,7187186R000BK,6.0,3.2133278846740723,2.7866721153259277
chronos_2_erratic_features_plus_external,erratic,2025-10-01,72310M68K00000,2.0,4.279138565063477,2.2791385650634766
chronos_2_erratic_features_plus_external,erratic,2025-10-01,72312M55R00000,11.0,2.6799464225769043,8.320053577423096
chronos_2_erratic_features_plus_external,erratic,2025-10-01,72312M68K00000,11.0,15.653617858886719,4.653617858886719
chronos_2_erratic_features_plus_external,erratic,2025-10-01,7232154P00000,3.0,3.945551633834839,0.9455516338348389
chronos_2_erratic_features_plus_external,erratic,2025-10-01,7232171L00000,2.0,1.7161164283752441,0.28388357162475586
chronos_2_erratic_features_plus_external,erratic,2025-10-01,72321M53M00000,1.0,5.412428379058838,4.412428379058838
chronos_2_erratic_features_plus_external,erratic,2025-10-01,72321M68K00000,4.0,1.0959683656692505,2.9040316343307495
chronos_2_erratic_features_plus_external,erratic,2025-10-01,72321M74L00000,14.0,4.2500081062316895,9.74999189376831
chronos_2_erratic_features_plus_external,erratic,2025-10-01,72321M76M01000,0.0,0.5207505226135254,0.5207505226135254
chronos_2_erratic_features_plus_external,erratic,2025-10-01,7232271L00000,2.0,2.5061230659484863,0.5061230659484863
chronos_2_erratic_features_plus_external,erratic,2025-10-01,72322M53M00000,1.0,5.711766242980957,4.711766242980957
chronos_2_erratic_features_plus_external,erratic,2025-10-01,72322M68K00000,3.0,1.4538260698318481,1.5461739301681519
chronos_2_erratic_features_plus_external,erratic,2025-10-01,72322M74L00000,15.0,5.02901554107666,9.97098445892334
chronos_2_erratic_features_plus_external,erratic,2025-10-01,72322M76M01000,1.0,1.3085908889770508,0.3085908889770508
chronos_2_erratic_features_plus_external,erratic,2025-10-01,72371M74L105PK,2.0,0.2198638916015625,1.7801361083984375
chronos_2_erratic_features_plus_external,erratic,2025-10-01,72380M62S01000,3.0,2.8999435901641846,0.10005640983581543
chronos_2_erratic_features_plus_external,erratic,2025-10-01,72398M68K00000,1.0,0.466600239276886,0.533399760723114
chronos_2_erratic_features_plus_external,erratic,2025-10-01,72411M74L10000,1.0,1.4915597438812256,0.4915597438812256
chronos_2_erratic_features_plus_external,erratic,2025-10-01,72420M80T00000,1.0,2.251662254333496,1.251662254333496
chronos_2_erratic_features_plus_external,erratic,2025-10-01,7242252R00000,1.0,1.1564425230026245,0.1564425230026245
chronos_2_erratic_features_plus_external,erratic,2025-10-01,72431M68L00000,0.0,1.435556173324585,1.435556173324585
chronos_2_erratic_features_plus_external,erratic,2025-10-01,72433M56R00000,1.0,2.1385397911071777,1.1385397911071777
chronos_2_erratic_features_plus_external,erratic,2025-10-01,72437M68L00000,0.0,1.07563316822052,1.07563316822052
chronos_2_erratic_features_plus_external,erratic,2025-10-01,7248265J00000,3.0,1.9804935455322266,1.0195064544677734
chronos_2_erratic_features_plus_external,erratic,2025-10-01,7282165J00Z2S,1.0,3.900628089904785,2.900628089904785
chronos_2_erratic_features_plus_external,erratic,2025-10-01,73110M68P50ZCA,3.0,0.9728588461875916,2.0271411538124084
chronos_2_erratic_features_plus_external,erratic,2025-10-01,7343061J00P4Z,1.0,2.2128872871398926,1.2128872871398926
chronos_2_erratic_features_plus_external,erratic,2025-10-01,73430M75J00P4Z,1.0,0.823894739151001,0.17610526084899902
chronos_2_erratic_features_plus_external,erratic,2025-10-01,73821M62S205PK,3.0,3.161102771759033,0.1611027717590332
chronos_2_erratic_features_plus_external,erratic,2025-10-01,73821M67P305PK,0.0,0.06494110822677612,0.06494110822677612
chronos_2_erratic_features_plus_external,erratic,2025-10-01,73831M68P005PK,1.0,1.7044460773468018,0.7044460773468018
chronos_2_erratic_features_plus_external,erratic,2025-10-01,74120M66L10000,4.0,1.2988179922103882,2.701182007789612
chronos_2_erratic_features_plus_external,erratic,2025-10-01,74461M79M005PK,5.0,4.491233825683594,0.5087661743164062
chronos_2_erratic_features_plus_external,erratic,2025-10-01,7619171L005PK,1.0,1.126778483390808,0.1267784833908081
chronos_2_erratic_features_plus_external,erratic,2025-10-01,7619254P005PK,0.0,0.5343685150146484,0.5343685150146484
chronos_2_erratic_features_plus_external,erratic,2025-10-01,76520M68P10000,1.0,4.675227642059326,3.675227642059326
chronos_2_erratic_features_plus_external,erratic,2025-10-01,76520M74K01000,3.0,3.1209444999694824,0.12094449996948242
chronos_2_erratic_features_plus_external,erratic,2025-10-01,77161M68P00000,1.0,1.2094837427139282,0.20948374271392822
chronos_2_erratic_features_plus_external,erratic,2025-10-01,77210M74T005PK,7.0,3.6602752208709717,3.3397247791290283
chronos_2_erratic_features_plus_external,erratic,2025-10-01,7726054P005PK,6.0,2.715562582015991,3.284437417984009
chronos_2_erratic_features_plus_external,erratic,2025-10-01,7733061M01000,3.0,2.9941389560699463,0.005861043930053711
chronos_2_erratic_features_plus_external,erratic,2025-10-01,77330M81R00000,20.0,7.831117630004883,12.168882369995117
chronos_2_erratic_features_plus_external,erratic,2025-10-01,7781158J000PG,1.0,1.9633630514144897,0.9633630514144897
chronos_2_erratic_features_plus_external,erratic,2025-10-01,77811M58J000PG,3.0,2.175624132156372,0.8243758678436279
chronos_2_erratic_features_plus_external,erratic,2025-10-01,77811M63T000PG,7.0,0.34630274772644043,6.65369725227356
chronos_2_erratic_features_plus_external,erratic,2025-10-01,7783154GB00PG,4.0,2.6879663467407227,1.3120336532592773
chronos_2_erratic_features_plus_external,erratic,2025-10-01,77831M68L000PG,3.0,0.07856357097625732,2.9214364290237427
chronos_2_erratic_features_plus_external,erratic,2025-10-01,77851M54G000PG,1.0,0.7129772901535034,0.2870227098464966
chronos_2_erratic_features_plus_external,erratic,2025-10-01,8185061J01000,4.0,2.5458261966705322,1.4541738033294678
chronos_2_erratic_features_plus_external,erratic,2025-10-01,81850M68K00000,2.0,2.4724318981170654,0.47243189811706543
chronos_2_erratic_features_plus_external,erratic,2025-10-01,81850M68P10000,2.0,1.1254611015319824,0.8745388984680176
chronos_2_erratic_features_plus_external,erratic,2025-10-01,8186061J01000,4.0,2.41219162940979,1.58780837059021
chronos_2_erratic_features_plus_external,erratic,2025-10-01,81860M68K00000,2.0,2.4088125228881836,0.4088125228881836
chronos_2_erratic_features_plus_external,erratic,2025-10-01,81860M79G20000,0.0,1.3509442806243896,1.3509442806243896
chronos_2_erratic_features_plus_external,erratic,2025-10-01,8212177K00000,0.0,2.4934957027435303,2.4934957027435303
chronos_2_erratic_features_plus_external,erratic,2025-10-01,82801M66L015PK,0.0,4.021034240722656,4.021034240722656
chronos_2_erratic_features_plus_external,erratic,2025-10-01,82801M68K005PK,2.0,2.763887643814087,0.7638876438140869
chronos_2_erratic_features_plus_external,erratic,2025-10-01,82802M66L015PK,11.0,10.782134056091309,0.2178659439086914
chronos_2_erratic_features_plus_external,erratic,2025-10-01,82802M68K5026U,9.0,7.5366106033325195,1.4633893966674805
chronos_2_erratic_features_plus_external,erratic,2025-10-01,82802M81A605PK,6.0,0.438298761844635,5.561701238155365
chronos_2_erratic_features_plus_external,erratic,2025-10-01,82850M76M005PK,6.0,1.0198414325714111,4.980158567428589
chronos_2_erratic_features_plus_external,erratic,2025-10-01,8392152R010CE,0.0,2.0852537155151367,2.0852537155151367
chronos_2_erratic_features_plus_external,erratic,2025-10-01,83921M68P000CB,4.0,2.099418878555298,1.9005811214447021
chronos_2_erratic_features_plus_external,erratic,2025-10-01,83922M55T000CB,4.0,2.0235743522644043,1.9764256477355957
chronos_2_erratic_features_plus_external,erratic,2025-10-01,8392352R020CE,1.0,2.0572469234466553,1.0572469234466553
chronos_2_erratic_features_plus_external,erratic,2025-10-01,83923M68P000CB,3.0,2.774068832397461,0.22593116760253906
chronos_2_erratic_features_plus_external,erratic,2025-10-01,83924M55T000CB,5.0,1.201761245727539,3.798238754272461
chronos_2_erratic_features_plus_external,erratic,2025-10-01,83924M62S000CB,3.0,1.227632999420166,1.772367000579834
chronos_2_erratic_features_plus_external,erratic,2025-10-01,83924M68P100CB,2.0,4.278681755065918,2.278681755065918
chronos_2_erratic_features_plus_external,erratic,2025-10-01,83926M68P000CB,1.0,1.3948850631713867,0.3948850631713867
chronos_2_erratic_features_plus_external,erratic,2025-10-01,8393061J005PK,7.0,2.309504747390747,4.690495252609253
chronos_2_erratic_features_plus_external,erratic,2025-10-01,83932M68P000CB,1.0,1.998611569404602,0.998611569404602
chronos_2_erratic_features_plus_external,erratic,2025-10-01,83940M68P100PG,1.0,0.8859440088272095,0.11405599117279053
chronos_2_erratic_features_plus_external,erratic,2025-10-01,83940M74L10000,1.0,2.2085037231445312,1.2085037231445312
chronos_2_erratic_features_plus_external,erratic,2025-10-01,83970M68P00000,2.0,2.4181482791900635,0.4181482791900635
chronos_2_erratic_features_plus_external,erratic,2025-10-01,84051M55T01000,9.0,3.9694936275482178,5.030506372451782
chronos_2_erratic_features_plus_external,erratic,2025-10-01,84051M55T11000,4.0,3.2093300819396973,0.7906699180603027
chronos_2_erratic_features_plus_external,erratic,2025-10-01,8450152R02000,1.0,1.5098968744277954,0.5098968744277954
chronos_2_erratic_features_plus_external,erratic,2025-10-01,84501M55T00000,2.0,0.9801594614982605,1.0198405385017395
chronos_2_erratic_features_plus_external,erratic,2025-10-01,84501M68P00000,3.0,2.1737334728240967,0.8262665271759033
chronos_2_erratic_features_plus_external,erratic,2025-10-01,84502M68P00000,2.0,0.34506499767303467,1.6549350023269653
chronos_2_erratic_features_plus_external,erratic,2025-10-01,84510M74L01000,4.0,1.182564616203308,2.817435383796692
chronos_2_erratic_features_plus_external,erratic,2025-10-01,84511M75T10000,3.0,1.0248115062713623,1.9751884937286377
chronos_2_erratic_features_plus_external,erratic,2025-10-01,84511M76M10000,1.0,0.4423466920852661,0.5576533079147339
chronos_2_erratic_features_plus_external,erratic,2025-10-01,8470171LVAZMT,2.0,2.1115434169769287,0.11154341697692871
chronos_2_erratic_features_plus_external,erratic,2025-10-01,84701M53M205PK,2.0,1.7897306680679321,0.21026933193206787
chronos_2_erratic_features_plus_external,erratic,2025-10-01,84701M55TB0ZHJ,4.0,2.740865707397461,1.259134292602539
chronos_2_erratic_features_plus_external,erratic,2025-10-01,84701M68P31ZHJ,1.0,1.1873911619186401,0.18739116191864014
chronos_2_erratic_features_plus_external,erratic,2025-10-01,84701M68P515PK,3.0,2.1848695278167725,0.8151304721832275
chronos_2_erratic_features_plus_external,erratic,2025-10-01,84701M74LC15PK,2.0,1.920749545097351,0.07925045490264893
chronos_2_erratic_features_plus_external,erratic,2025-10-01,8470261J025PK,2.0,3.218233108520508,1.2182331085205078
chronos_2_erratic_features_plus_external,erratic,2025-10-01,84702M53M205PK,3.0,2.7283058166503906,0.2716941833496094
chronos_2_erratic_features_plus_external,erratic,2025-10-01,84702M55TB0ZHJ,4.0,1.5930136442184448,2.406986355781555
chronos_2_erratic_features_plus_external,erratic,2025-10-01,84702M56R92ZHJ,2.0,2.331758975982666,0.331758975982666
chronos_2_erratic_features_plus_external,erratic,2025-10-01,84702M62S20Z4Q,2.0,4.2034687995910645,2.2034687995910645
chronos_2_erratic_features_plus_external,erratic,2025-10-01,84702M68P31ZHJ,1.0,1.618256688117981,0.618256688117981
chronos_2_erratic_features_plus_external,erratic,2025-10-01,84702M68P515PK,2.0,1.3065698146820068,0.6934301853179932
chronos_2_erratic_features_plus_external,erratic,2025-10-01,84702M74LC15PK,0.0,1.404364824295044,1.404364824295044
chronos_2_erratic_features_plus_external,erratic,2025-10-01,84702M79G30000,0.0,0.8677558898925781,0.8677558898925781
chronos_2_erratic_features_plus_external,erratic,2025-10-01,84703M79M02000,5.0,2.6093404293060303,2.3906595706939697
chronos_2_erratic_features_plus_external,erratic,2025-10-01,8471852R20ZVR,3.0,1.1094468832015991,1.8905531167984009
chronos_2_erratic_features_plus_external,erratic,2025-10-01,8472852R20ZVR,1.0,0.16625475883483887,0.8337452411651611
chronos_2_erratic_features_plus_external,erratic,2025-10-01,8472865J00Z2S,1.0,1.1607410907745361,0.16074109077453613
chronos_2_erratic_features_plus_external,erratic,2025-10-01,8472880J00Z2S,1.0,1.3769854307174683,0.37698543071746826
chronos_2_erratic_features_plus_external,erratic,2025-10-01,84730M67P10000,2.0,0.1658952236175537,1.8341047763824463
chronos_2_erratic_features_plus_external,erratic,2025-10-01,84730M74LC0000,1.0,6.584293365478516,5.584293365478516
chronos_2_erratic_features_plus_external,erratic,2025-10-01,84730M79M00000,6.0,3.1080684661865234,2.8919315338134766
chronos_2_erratic_features_plus_external,erratic,2025-10-01,8474061M00000,1.0,3.3610832691192627,2.3610832691192627
chronos_2_erratic_features_plus_external,erratic,2025-10-01,8474065J00000,2.0,1.7279534339904785,0.2720465660095215
chronos_2_erratic_features_plus_external,erratic,2025-10-01,84740M67P10000,1.0,0.3630955219268799,0.6369044780731201
chronos_2_erratic_features_plus_external,erratic,2025-10-01,84740M74LC0000,1.0,3.9554548263549805,2.9554548263549805
chronos_2_erratic_features_plus_external,erratic,2025-10-01,84740M74LE0000,0.0,0.5875251889228821,0.5875251889228821
chronos_2_erratic_features_plus_external,erratic,2025-10-01,84740M76M00000,3.0,1.0309596061706543,1.9690403938293457
chronos_2_erratic_features_plus_external,erratic,2025-10-01,84740M79M00000,5.0,1.6015124320983887,3.3984875679016113
chronos_2_erratic_features_plus_external,erratic,2025-10-01,84920M68PB1BHE,2.0,0.9621720910072327,1.0378279089927673
chronos_2_erratic_features_plus_external,erratic,2025-10-01,84940M68PC1BHE,2.0,1.6200200319290161,0.3799799680709839
chronos_2_erratic_features_plus_external,erratic,2025-10-01,95130M68K00000,0.0,0.9977269768714905,0.9977269768714905
chronos_2_erratic_features_plus_external,erratic,2025-10-01,95310M53T00000,13.0,4.559925079345703,8.440074920654297
chronos_2_erratic_features_plus_external,erratic,2025-10-01,95310M55T00000,5.0,5.731955051422119,0.7319550514221191
chronos_2_erratic_features_plus_external,erratic,2025-10-01,95310M76M00000,1.0,1.324055552482605,0.324055552482605
chronos_2_erratic_features_plus_external,erratic,2025-11-01,0911912012000,51.0,15.740303039550781,35.25969696044922
chronos_2_erratic_features_plus_external,erratic,2025-11-01,09140M12040000,15.0,18.327489852905273,3.3274898529052734
chronos_2_erratic_features_plus_external,erratic,2025-11-01,0915912057000,8.0,2.8090639114379883,5.190936088562012
chronos_2_erratic_features_plus_external,erratic,2025-11-01,09209M09L02000,12.0,7.65393590927124,4.34606409072876
chronos_2_erratic_features_plus_external,erratic,2025-11-01,0924616021000,4.0,2.9261560440063477,1.0738439559936523
chronos_2_erratic_features_plus_external,erratic,2025-11-01,0928335052000,0.0,1.9517688751220703,1.9517688751220703
chronos_2_erratic_features_plus_external,erratic,2025-11-01,0928348007000,0.0,7.267565727233887,7.267565727233887
chronos_2_erratic_features_plus_external,erratic,2025-11-01,0940907340000,52.0,15.031377792358398,36.9686222076416
chronos_2_erratic_features_plus_external,erratic,2025-11-01,09409M07355000,86.0,27.143749237060547,58.85625076293945
chronos_2_erratic_features_plus_external,erratic,2025-11-01,09409M08006000,435.0,74.446044921875,360.553955078125
chronos_2_erratic_features_plus_external,erratic,2025-11-01,09409M10L04000,100.0,3.9898681640625,96.0101318359375
chronos_2_erratic_features_plus_external,erratic,2025-11-01,11610M53M00000,7.0,3.231753349304199,3.768246650695801
chronos_2_erratic_features_plus_external,erratic,2025-11-01,11610M68K03000,3.0,1.3939108848571777,1.6060891151428223
chronos_2_erratic_features_plus_external,erratic,2025-11-01,11620M53M00000,3.0,1.2471431493759155,1.7528568506240845
chronos_2_erratic_features_plus_external,erratic,2025-11-01,11710M53M00000,5.0,1.7746315002441406,3.2253684997558594
chronos_2_erratic_features_plus_external,erratic,2025-11-01,17100M62S00000,2.0,1.2728757858276367,0.7271242141723633
chronos_2_erratic_features_plus_external,erratic,2025-11-01,17213M76M00000,2.0,1.0205824375152588,0.9794175624847412
chronos_2_erratic_features_plus_external,erratic,2025-11-01,17214M76M10000,1.0,0.14095473289489746,0.8590452671051025
chronos_2_erratic_features_plus_external,erratic,2025-11-01,17700M53M20000,1.0,2.3940224647521973,1.3940224647521973
chronos_2_erratic_features_plus_external,erratic,2025-11-01,17700M76M10000,3.0,1.6193528175354004,1.3806471824645996
chronos_2_erratic_features_plus_external,erratic,2025-11-01,17700M83P00000,4.0,0.6930013298988342,3.3069986701011658
chronos_2_erratic_features_plus_external,erratic,2025-11-01,3512065J32000,2.0,2.839014768600464,0.8390147686004639
chronos_2_erratic_features_plus_external,erratic,2025-11-01,3512071L20000,0.0,0.40522098541259766,0.40522098541259766
chronos_2_erratic_features_plus_external,erratic,2025-11-01,35120M68K20000,4.0,1.0010114908218384,2.9989885091781616
chronos_2_erratic_features_plus_external,erratic,2025-11-01,35121M53MB0000,6.0,3.4775660037994385,2.5224339962005615
chronos_2_erratic_features_plus_external,erratic,2025-11-01,35121M60M10000,1.0,0.6303099989891052,0.3696900010108948
chronos_2_erratic_features_plus_external,erratic,2025-11-01,35121M62S30000,4.0,7.6334943771362305,3.6334943771362305
chronos_2_erratic_features_plus_external,erratic,2025-11-01,35121M67P10000,0.0,0.36460328102111816,0.36460328102111816
chronos_2_erratic_features_plus_external,erratic,2025-11-01,35121M74L01000,9.0,2.9770960807800293,6.022903919219971
chronos_2_erratic_features_plus_external,erratic,2025-11-01,35121M76M50000,5.0,2.117314577102661,2.882685422897339
chronos_2_erratic_features_plus_external,erratic,2025-11-01,35153M59K10000,0.0,0.323311448097229,0.323311448097229
chronos_2_erratic_features_plus_external,erratic,2025-11-01,35300M74TB1000,10.0,6.902172088623047,3.097827911376953
chronos_2_erratic_features_plus_external,erratic,2025-11-01,3532064J31000,7.0,1.1217844486236572,5.878215551376343
chronos_2_erratic_features_plus_external,erratic,2025-11-01,3532065J32000,3.0,1.020526647567749,1.979473352432251
chronos_2_erratic_features_plus_external,erratic,2025-11-01,3532071L20000,1.0,1.139695167541504,0.1396951675415039
chronos_2_erratic_features_plus_external,erratic,2025-11-01,3532079P30000,2.0,0.3665037155151367,1.6334962844848633
chronos_2_erratic_features_plus_external,erratic,2025-11-01,35321M53MB0000,8.0,1.245532751083374,6.754467248916626
chronos_2_erratic_features_plus_external,erratic,2025-11-01,35321M55T53000,13.0,3.6100871562957764,9.389912843704224
chronos_2_erratic_features_plus_external,erratic,2025-11-01,35321M67P10000,2.0,1.5201568603515625,0.4798431396484375
chronos_2_erratic_features_plus_external,erratic,2025-11-01,35321M68K21000,2.0,0.3956306576728821,1.604369342327118
chronos_2_erratic_features_plus_external,erratic,2025-11-01,35321M74L01000,8.0,2.986743927001953,5.013256072998047
chronos_2_erratic_features_plus_external,erratic,2025-11-01,35321M76M50000,6.0,3.925971031188965,2.074028968811035
chronos_2_erratic_features_plus_external,erratic,2025-11-01,3550054P01000,3.0,3.6665661334991455,0.6665661334991455
chronos_2_erratic_features_plus_external,erratic,2025-11-01,35501M67P00000,0.0,1.5424549579620361,1.5424549579620361
chronos_2_erratic_features_plus_external,erratic,2025-11-01,3565064J21000,2.0,1.5885112285614014,0.41148877143859863
chronos_2_erratic_features_plus_external,erratic,2025-11-01,3565065J21000,1.0,3.3795104026794434,2.3795104026794434
chronos_2_erratic_features_plus_external,erratic,2025-11-01,3565077R00000,1.0,1.7698185443878174,0.7698185443878174
chronos_2_erratic_features_plus_external,erratic,2025-11-01,3565079P00000,1.0,0.7872067093849182,0.2127932906150818
chronos_2_erratic_features_plus_external,erratic,2025-11-01,35650M53M00000,8.0,1.4473929405212402,6.55260705947876
chronos_2_erratic_features_plus_external,erratic,2025-11-01,35650M66L00000,1.0,0.5169705152511597,0.48302948474884033
chronos_2_erratic_features_plus_external,erratic,2025-11-01,35650M67P00000,12.0,2.041025400161743,9.958974599838257
chronos_2_erratic_features_plus_external,erratic,2025-11-01,35650M74L00000,6.0,0.39344334602355957,5.60655665397644
chronos_2_erratic_features_plus_external,erratic,2025-11-01,35650M75T00000,16.0,3.6782476902008057,12.321752309799194
chronos_2_erratic_features_plus_external,erratic,2025-11-01,35651M68K00000,1.0,0.5153477787971497,0.48465222120285034
chronos_2_erratic_features_plus_external,erratic,2025-11-01,35651M75L00000,2.0,1.4872459173202515,0.5127540826797485
chronos_2_erratic_features_plus_external,erratic,2025-11-01,35651M76M00000,0.0,1.320984125137329,1.320984125137329
chronos_2_erratic_features_plus_external,erratic,2025-11-01,3567060K00000,2.0,2.674948215484619,0.6749482154846191
chronos_2_erratic_features_plus_external,erratic,2025-11-01,3567061M10000,3.0,1.3229832649230957,1.6770167350769043
chronos_2_erratic_features_plus_external,erratic,2025-11-01,3567064J20000,1.0,1.4832944869995117,0.4832944869995117
chronos_2_erratic_features_plus_external,erratic,2025-11-01,3567071L00000,0.0,0.5507216453552246,0.5507216453552246
chronos_2_erratic_features_plus_external,erratic,2025-11-01,3567079P00000,0.0,0.4130880832672119,0.4130880832672119
chronos_2_erratic_features_plus_external,erratic,2025-11-01,35670M74L00000,8.0,4.158515930175781,3.8414840698242188
chronos_2_erratic_features_plus_external,erratic,2025-11-01,35671M68K00000,0.0,0.0,0.0
chronos_2_erratic_features_plus_external,erratic,2025-11-01,35671M75L00000,5.0,0.4718586206436157,4.528141379356384
chronos_2_erratic_features_plus_external,erratic,2025-11-01,35750M53M00000,8.0,2.553248405456543,5.446751594543457
chronos_2_erratic_features_plus_external,erratic,2025-11-01,35750M66L00000,1.0,0.985447883605957,0.014552116394042969
chronos_2_erratic_features_plus_external,erratic,2025-11-01,35750M67P00000,9.0,3.6864399909973145,5.3135600090026855
chronos_2_erratic_features_plus_external,erratic,2025-11-01,35750M75T00000,19.0,2.5929882526397705,16.40701174736023
chronos_2_erratic_features_plus_external,erratic,2025-11-01,3591075F12000,0.0,2.263136625289917,2.263136625289917
chronos_2_erratic_features_plus_external,erratic,2025-11-01,36250M74T15000,0.0,4.818394660949707,4.818394660949707
chronos_2_erratic_features_plus_external,erratic,2025-11-01,3625479P01000,0.0,0.5045759677886963,0.5045759677886963
chronos_2_erratic_features_plus_external,erratic,2025-11-01,3625486R20000,3.0,1.5730983018875122,1.4269016981124878
chronos_2_erratic_features_plus_external,erratic,2025-11-01,36410M67K00000,7.0,3.22512149810791,3.77487850189209
chronos_2_erratic_features_plus_external,erratic,2025-11-01,38450M68K00000,3.0,0.7000715136528015,2.2999284863471985
chronos_2_erratic_features_plus_external,erratic,2025-11-01,38450M74L10000,3.0,2.800616979598999,0.19938302040100098
chronos_2_erratic_features_plus_external,erratic,2025-11-01,38450M76M00000,1.0,2.516993999481201,1.5169939994812012
chronos_2_erratic_features_plus_external,erratic,2025-11-01,38453M75000000,7.0,0.44180965423583984,6.55819034576416
chronos_2_erratic_features_plus_external,erratic,2025-11-01,3925164J00000,0.0,2.4220168590545654,2.4220168590545654
chronos_2_erratic_features_plus_external,erratic,2025-11-01,3932152R00000,1.0,1.2525136470794678,0.2525136470794678
chronos_2_erratic_features_plus_external,erratic,2025-11-01,39321M62S10000,3.0,2.7324888706207275,0.26751112937927246
chronos_2_erratic_features_plus_external,erratic,2025-11-01,3932252R00000,1.0,1.2672587633132935,0.26725876331329346
chronos_2_erratic_features_plus_external,erratic,2025-11-01,41710M74L00000,0.0,1.2687604427337646,1.2687604427337646
chronos_2_erratic_features_plus_external,erratic,2025-11-01,4243163J10000,2.0,14.194253921508789,12.194253921508789
chronos_2_erratic_features_plus_external,erratic,2025-11-01,4321078R010BK,9.0,0.9834624528884888,8.016537547111511
chronos_2_erratic_features_plus_external,erratic,2025-11-01,43210M55T5027N,6.0,6.15836238861084,0.15836238861083984
chronos_2_erratic_features_plus_external,erratic,2025-11-01,43210M55T60QC8,6.0,10.579483032226562,4.5794830322265625
chronos_2_erratic_features_plus_external,erratic,2025-11-01,43210M68P1009L,0.0,1.4595494270324707,1.4595494270324707
chronos_2_erratic_features_plus_external,erratic,2025-11-01,43210M68P60ZMQ,6.0,6.137701511383057,0.13770151138305664
chronos_2_erratic_features_plus_external,erratic,2025-11-01,43210M75T60QC8,5.0,2.4921393394470215,2.5078606605529785
chronos_2_erratic_features_plus_external,erratic,2025-11-01,43210M79G5309L,2.0,4.288538455963135,2.2885384559631348
chronos_2_erratic_features_plus_external,erratic,2025-11-01,43250M62S0027N,4.0,16.262161254882812,12.262161254882812
chronos_2_erratic_features_plus_external,erratic,2025-11-01,43250M67K0027N,14.0,1.9545888900756836,12.045411109924316
chronos_2_erratic_features_plus_external,erratic,2025-11-01,43250M75T0027N,2.0,1.3333011865615845,0.6666988134384155
chronos_2_erratic_features_plus_external,erratic,2025-11-01,43250M81R1027N,0.0,1.2361923456192017,1.2361923456192017
chronos_2_erratic_features_plus_external,erratic,2025-11-01,43250M83P0027N,3.0,5.014642715454102,2.0146427154541016
chronos_2_erratic_features_plus_external,erratic,2025-11-01,4325283S000PG,11.0,2.7881886959075928,8.211811304092407
chronos_2_erratic_features_plus_external,erratic,2025-11-01,43252M67L00AQY,6.0,1.9207121133804321,4.079287886619568
chronos_2_erratic_features_plus_external,erratic,2025-11-01,48150M68P10C48,1.0,0.21414676308631897,0.785853236913681
chronos_2_erratic_features_plus_external,erratic,2025-11-01,5730065811000,3.0,1.2600599527359009,1.7399400472640991
chronos_2_erratic_features_plus_external,erratic,2025-11-01,57300M53M00000,1.0,1.131613850593567,0.1316138505935669
chronos_2_erratic_features_plus_external,erratic,2025-11-01,57300M67P00000,1.0,1.923938512802124,0.923938512802124
chronos_2_erratic_features_plus_external,erratic,2025-11-01,57300M74L00000,10.0,0.9641194343566895,9.03588056564331
chronos_2_erratic_features_plus_external,erratic,2025-11-01,57300M76M00000,8.0,3.162583589553833,4.837416410446167
chronos_2_erratic_features_plus_external,erratic,2025-11-01,57410M62S00000,1.0,1.3586771488189697,0.3586771488189697
chronos_2_erratic_features_plus_external,erratic,2025-11-01,57410M74L00000,3.0,2.65665340423584,0.34334659576416016
chronos_2_erratic_features_plus_external,erratic,2025-11-01,57410M76M00000,0.0,1.0315780639648438,1.0315780639648438
chronos_2_erratic_features_plus_external,erratic,2025-11-01,57410M79G00000,0.0,1.8090111017227173,1.8090111017227173
chronos_2_erratic_features_plus_external,erratic,2025-11-01,5742054P00000,1.0,1.0895988941192627,0.0895988941192627
chronos_2_erratic_features_plus_external,erratic,2025-11-01,57420M62S00000,1.0,1.0907981395721436,0.09079813957214355
chronos_2_erratic_features_plus_external,erratic,2025-11-01,57420M67P00000,0.0,1.072901725769043,1.072901725769043
chronos_2_erratic_features_plus_external,erratic,2025-11-01,57420M74L00000,5.0,1.6792773008346558,3.3207226991653442
chronos_2_erratic_features_plus_external,erratic,2025-11-01,57420M76M00000,0.0,0.8843383193016052,0.8843383193016052
chronos_2_erratic_features_plus_external,erratic,2025-11-01,57420M79G00000,0.0,1.586300015449524,1.586300015449524
chronos_2_erratic_features_plus_external,erratic,2025-11-01,5761065J10000,4.0,1.569657564163208,2.430342435836792
chronos_2_erratic_features_plus_external,erratic,2025-11-01,5761154P00000,1.0,1.0168321132659912,0.01683211326599121
chronos_2_erratic_features_plus_external,erratic,2025-11-01,57611M53M00000,1.0,0.3349478244781494,0.6650521755218506
chronos_2_erratic_features_plus_external,erratic,2025-11-01,57611M55T00000,14.0,12.940739631652832,1.059260368347168
chronos_2_erratic_features_plus_external,erratic,2025-11-01,57611M67P01000,0.0,1.2805988788604736,1.2805988788604736
chronos_2_erratic_features_plus_external,erratic,2025-11-01,57611M75T10000,16.0,1.7550561428070068,14.244943857192993
chronos_2_erratic_features_plus_external,erratic,2025-11-01,5771065J10000,3.0,1.2072585821151733,1.7927414178848267
chronos_2_erratic_features_plus_external,erratic,2025-11-01,57711M53M00000,1.0,0.04445958137512207,0.9555404186248779
chronos_2_erratic_features_plus_external,erratic,2025-11-01,57711M67P01000,1.0,2.2031519412994385,1.2031519412994385
chronos_2_erratic_features_plus_external,erratic,2025-11-01,57711M68K10000,3.0,0.6284244060516357,2.3715755939483643
chronos_2_erratic_features_plus_external,erratic,2025-11-01,57711M71P00000,1.0,0.03387796878814697,0.966122031211853
chronos_2_erratic_features_plus_external,erratic,2025-11-01,57711M75T10000,14.0,0.004348695278167725,13.995651304721832
chronos_2_erratic_features_plus_external,erratic,2025-11-01,57711M76M00000,3.0,4.035289764404297,1.0352897644042969
chronos_2_erratic_features_plus_external,erratic,2025-11-01,58121M53M00000,2.0,0.7425337433815002,1.2574662566184998
chronos_2_erratic_features_plus_external,erratic,2025-11-01,58200M80T00000,2.0,1.523383617401123,0.47661638259887695
chronos_2_erratic_features_plus_external,erratic,2025-11-01,5823052R00000,0.0,1.0915298461914062,1.0915298461914062
chronos_2_erratic_features_plus_external,erratic,2025-11-01,58230M53M00000,1.0,0.6316416263580322,0.3683583736419678
chronos_2_erratic_features_plus_external,erratic,2025-11-01,58230M62S00000,1.0,0.7659064531326294,0.2340935468673706
chronos_2_erratic_features_plus_external,erratic,2025-11-01,58230M68K01000,1.0,0.7747975587844849,0.22520244121551514
chronos_2_erratic_features_plus_external,erratic,2025-11-01,5826077K00000,4.0,3.0691308975219727,0.9308691024780273
chronos_2_erratic_features_plus_external,erratic,2025-11-01,58270M68K00000,0.0,1.727255940437317,1.727255940437317
chronos_2_erratic_features_plus_external,erratic,2025-11-01,58270M75T00000,10.0,0.2673085927963257,9.732691407203674
chronos_2_erratic_features_plus_external,erratic,2025-11-01,58270M76M01000,3.0,2.004361391067505,0.9956386089324951
chronos_2_erratic_features_plus_external,erratic,2025-11-01,58280M68K00000,3.0,0.5050255060195923,2.4949744939804077
chronos_2_erratic_features_plus_external,erratic,2025-11-01,58811M78R00000,4.0,1.1955502033233643,2.8044497966766357
chronos_2_erratic_features_plus_external,erratic,2025-11-01,65500M55T10000,4.0,3.5414443016052246,0.4585556983947754
chronos_2_erratic_features_plus_external,erratic,2025-11-01,65561M74L00000,1.0,1.0379152297973633,0.03791522979736328
chronos_2_erratic_features_plus_external,erratic,2025-11-01,68001M55T20000,4.0,4.106858253479004,0.1068582534790039
chronos_2_erratic_features_plus_external,erratic,2025-11-01,68001M62S12000,2.0,1.0018291473388672,0.9981708526611328
chronos_2_erratic_features_plus_external,erratic,2025-11-01,68002M55T20000,7.0,7.555226802825928,0.5552268028259277
chronos_2_erratic_features_plus_external,erratic,2025-11-01,69100M53M00000,0.0,1.3541544675827026,1.3541544675827026
chronos_2_erratic_features_plus_external,erratic,2025-11-01,69100M67P10000,0.0,1.0433478355407715,1.0433478355407715
chronos_2_erratic_features_plus_external,erratic,2025-11-01,71079M74T00000,6.0,0.08316248655319214,5.916837513446808
chronos_2_erratic_features_plus_external,erratic,2025-11-01,7171064R00ZQ4,2.0,4.324544429779053,2.3245444297790527
chronos_2_erratic_features_plus_external,erratic,2025-11-01,7171154L10799,1.0,0.8437400460243225,0.1562599539756775
chronos_2_erratic_features_plus_external,erratic,2025-11-01,7171161P00799,1.0,0.7919247150421143,0.20807528495788574
chronos_2_erratic_features_plus_external,erratic,2025-11-01,7171178R015PK,1.0,1.4753564596176147,0.47535645961761475
chronos_2_erratic_features_plus_external,erratic,2025-11-01,7171179P00799,2.0,2.073866367340088,0.07386636734008789
chronos_2_erratic_features_plus_external,erratic,2025-11-01,71711M53MA05PK,0.0,0.5055335760116577,0.5055335760116577
chronos_2_erratic_features_plus_external,erratic,2025-11-01,71711M53MA0799,0.0,0.09766393899917603,0.09766393899917603
chronos_2_erratic_features_plus_external,erratic,2025-11-01,71711M53MB05PK,2.0,0.2157355546951294,1.7842644453048706
chronos_2_erratic_features_plus_external,erratic,2025-11-01,71711M56R00799,7.0,3.909396171569824,3.090603828430176
chronos_2_erratic_features_plus_external,erratic,2025-11-01,71711M62S005PK,8.0,9.332208633422852,1.3322086334228516
chronos_2_erratic_features_plus_external,erratic,2025-11-01,71711M66L005PK,0.0,0.3446618616580963,0.3446618616580963
chronos_2_erratic_features_plus_external,erratic,2025-11-01,71711M67P00799,1.0,0.5129660367965698,0.4870339632034302
chronos_2_erratic_features_plus_external,erratic,2025-11-01,71711M68K00799,3.0,1.425620436668396,1.574379563331604
chronos_2_erratic_features_plus_external,erratic,2025-11-01,71711M73T115PK,5.0,2.4602549076080322,2.5397450923919678
chronos_2_erratic_features_plus_external,erratic,2025-11-01,71711M74L00799,3.0,3.9105567932128906,0.9105567932128906
chronos_2_erratic_features_plus_external,erratic,2025-11-01,71711M75L00799,1.0,2.534693956375122,1.534693956375122
chronos_2_erratic_features_plus_external,erratic,2025-11-01,71711M76M10799,5.0,2.471435070037842,2.528564929962158
chronos_2_erratic_features_plus_external,erratic,2025-11-01,71711M76T00N49,6.0,4.569038391113281,1.4309616088867188
chronos_2_erratic_features_plus_external,erratic,2025-11-01,71711M79M00799,1.0,0.0,1.0
chronos_2_erratic_features_plus_external,erratic,2025-11-01,71712M54T00000,2.0,3.544976234436035,1.5449762344360352
chronos_2_erratic_features_plus_external,erratic,2025-11-01,71712M55T00000,6.0,1.1921710968017578,4.807828903198242
chronos_2_erratic_features_plus_external,erratic,2025-11-01,71712M56R00000,1.0,0.595510721206665,0.40448927879333496
chronos_2_erratic_features_plus_external,erratic,2025-11-01,71712M79M00000,3.0,2.570763111114502,0.42923688888549805
chronos_2_erratic_features_plus_external,erratic,2025-11-01,71720M76M005PK,4.0,2.780043125152588,1.219956874847412
chronos_2_erratic_features_plus_external,erratic,2025-11-01,7172160K005PK,1.0,3.018068552017212,2.018068552017212
chronos_2_erratic_features_plus_external,erratic,2025-11-01,7172161P005PK,5.0,3.8939266204833984,1.1060733795166016
chronos_2_erratic_features_plus_external,erratic,2025-11-01,7172177MJ05PK,0.0,1.1712183952331543,1.1712183952331543
chronos_2_erratic_features_plus_external,erratic,2025-11-01,7172179P005PK,3.0,1.6346867084503174,1.3653132915496826
chronos_2_erratic_features_plus_external,erratic,2025-11-01,7172186R105PK,1.0,1.7553725242614746,0.7553725242614746
chronos_2_erratic_features_plus_external,erratic,2025-11-01,71721M56R005PK,0.0,2.714350461959839,2.714350461959839
chronos_2_erratic_features_plus_external,erratic,2025-11-01,71721M60MA05PK,0.0,2.398329973220825,2.398329973220825
chronos_2_erratic_features_plus_external,erratic,2025-11-01,71721M74T005PK,18.0,9.30501937866211,8.69498062133789
chronos_2_erratic_features_plus_external,erratic,2025-11-01,71721M75L005PK,3.0,3.028003692626953,0.028003692626953125
chronos_2_erratic_features_plus_external,erratic,2025-11-01,71721M75T005PK,22.0,1.9283734560012817,20.07162654399872
chronos_2_erratic_features_plus_external,erratic,2025-11-01,71721M78R005PK,4.0,3.2890076637268066,0.7109923362731934
chronos_2_erratic_features_plus_external,erratic,2025-11-01,71721M84P005PK,1.0,0.4521139860153198,0.5478860139846802
chronos_2_erratic_features_plus_external,erratic,2025-11-01,7173154GA0000,0.0,1.675652027130127,1.675652027130127
chronos_2_erratic_features_plus_external,erratic,2025-11-01,7173163J20000,0.0,2.5385379791259766,2.5385379791259766
chronos_2_erratic_features_plus_external,erratic,2025-11-01,7173171L00000,0.0,5.749541282653809,5.749541282653809
chronos_2_erratic_features_plus_external,erratic,2025-11-01,71731M53M00000,1.0,4.109803676605225,3.1098036766052246
chronos_2_erratic_features_plus_external,erratic,2025-11-01,71731M53MB0000,6.0,3.90329647064209,2.09670352935791
chronos_2_erratic_features_plus_external,erratic,2025-11-01,71731M66L005PK,1.0,0.3973783254623413,0.6026216745376587
chronos_2_erratic_features_plus_external,erratic,2025-11-01,71731M67P00000,3.0,3.095022201538086,0.09502220153808594
chronos_2_erratic_features_plus_external,erratic,2025-11-01,71731M68K00000,2.0,3.635582208633423,1.6355822086334229
chronos_2_erratic_features_plus_external,erratic,2025-11-01,7173262R00000,3.0,0.9967707395553589,2.003229260444641
chronos_2_erratic_features_plus_external,erratic,2025-11-01,7173263J20000,0.0,1.7377586364746094,1.7377586364746094
chronos_2_erratic_features_plus_external,erratic,2025-11-01,7173271L00000,0.0,3.9450626373291016,3.9450626373291016
chronos_2_erratic_features_plus_external,erratic,2025-11-01,71732M53M00000,1.0,4.402336120605469,3.4023361206054688
chronos_2_erratic_features_plus_external,erratic,2025-11-01,71732M66L005PK,1.0,0.5781385898590088,0.4218614101409912
chronos_2_erratic_features_plus_external,erratic,2025-11-01,71732M67P00000,3.0,1.4585516452789307,1.5414483547210693
chronos_2_erratic_features_plus_external,erratic,2025-11-01,71732M68K00000,5.0,3.6112852096557617,1.3887147903442383
chronos_2_erratic_features_plus_external,erratic,2025-11-01,71732M74T00000,2.0,5.262039661407471,3.2620396614074707
chronos_2_erratic_features_plus_external,erratic,2025-11-01,71733M55T00000,5.0,12.118428230285645,7.1184282302856445
chronos_2_erratic_features_plus_external,erratic,2025-11-01,71733M74L00000,1.0,0.8951240181922913,0.10487598180770874
chronos_2_erratic_features_plus_external,erratic,2025-11-01,71734M55T00000,6.0,13.8739013671875,7.8739013671875
chronos_2_erratic_features_plus_external,erratic,2025-11-01,71734M68L00000,2.0,1.9500720500946045,0.04992794990539551
chronos_2_erratic_features_plus_external,erratic,2025-11-01,71734M74T00000,1.0,5.262890338897705,4.262890338897705
chronos_2_erratic_features_plus_external,erratic,2025-11-01,7174054L10D2W,1.0,0.7982724905014038,0.2017275094985962
chronos_2_erratic_features_plus_external,erratic,2025-11-01,7174073R10CUG,2.0,0.9686921834945679,1.0313078165054321
chronos_2_erratic_features_plus_external,erratic,2025-11-01,7174079P00C48,1.0,0.36363089084625244,0.6363691091537476
chronos_2_erratic_features_plus_external,erratic,2025-11-01,7174079S00C48,5.0,4.281573295593262,0.7184267044067383
chronos_2_erratic_features_plus_external,erratic,2025-11-01,71740M55T10C48,10.0,16.07813262939453,6.078132629394531
chronos_2_erratic_features_plus_external,erratic,2025-11-01,71740M56R00C48,1.0,2.4950265884399414,1.4950265884399414
chronos_2_erratic_features_plus_external,erratic,2025-11-01,71740M68T00C48,29.0,29.55086326599121,0.5508632659912109
chronos_2_erratic_features_plus_external,erratic,2025-11-01,71740M76MA0C48,17.0,7.374647617340088,9.625352382659912
chronos_2_erratic_features_plus_external,erratic,2025-11-01,71740M76T10KDJ,0.0,2.2994930744171143,2.2994930744171143
chronos_2_erratic_features_plus_external,erratic,2025-11-01,71740M81R00C48,4.0,3.2411394119262695,0.7588605880737305
chronos_2_erratic_features_plus_external,erratic,2025-11-01,7174160P005PK,0.0,1.344860553741455,1.344860553741455
chronos_2_erratic_features_plus_external,erratic,2025-11-01,71741M53M005PK,2.0,1.9086651802062988,0.09133481979370117
chronos_2_erratic_features_plus_external,erratic,2025-11-01,71741M53MA05PK,5.0,0.6893067359924316,4.310693264007568
chronos_2_erratic_features_plus_external,erratic,2025-11-01,71741M74L005PK,10.0,1.2697429656982422,8.730257034301758
chronos_2_erratic_features_plus_external,erratic,2025-11-01,71741M75L005PK,2.0,0.24245107173919678,1.7575489282608032
chronos_2_erratic_features_plus_external,erratic,2025-11-01,71741M75T00W9K,26.0,1.966749668121338,24.033250331878662
chronos_2_erratic_features_plus_external,erratic,2025-11-01,71741M76M105PK,5.0,3.365485668182373,1.634514331817627
chronos_2_erratic_features_plus_external,erratic,2025-11-01,71741M83P005PK,4.0,5.278559684753418,1.278559684753418
chronos_2_erratic_features_plus_external,erratic,2025-11-01,71743M76M100PG,0.0,0.616775631904602,0.616775631904602
chronos_2_erratic_features_plus_external,erratic,2025-11-01,71744M76M100PG,0.0,0.0,0.0
chronos_2_erratic_features_plus_external,erratic,2025-11-01,71745M75T10000,11.0,0.2673085927963257,10.732691407203674
chronos_2_erratic_features_plus_external,erratic,2025-11-01,7175172S205PK,2.0,0.7225461006164551,1.277453899383545
chronos_2_erratic_features_plus_external,erratic,2025-11-01,7175186R000PG,4.0,4.646056175231934,0.6460561752319336
chronos_2_erratic_features_plus_external,erratic,2025-11-01,71751M67P105PK,1.0,1.4193087816238403,0.41930878162384033
chronos_2_erratic_features_plus_external,erratic,2025-11-01,71751M83P105PK,1.0,3.066250801086426,2.066250801086426
chronos_2_erratic_features_plus_external,erratic,2025-11-01,71752M54T100PG,3.0,4.266779899597168,1.266779899597168
chronos_2_erratic_features_plus_external,erratic,2025-11-01,71752M83P00PWJ,0.0,1.6752469539642334,1.6752469539642334
chronos_2_erratic_features_plus_external,erratic,2025-11-01,7176179P105PK,2.0,0.265836238861084,1.734163761138916
chronos_2_erratic_features_plus_external,erratic,2025-11-01,71761M52R105PK,8.0,4.395001411437988,3.6049985885620117
chronos_2_erratic_features_plus_external,erratic,2025-11-01,71761M67P105PK,1.0,1.5402263402938843,0.5402263402938843
chronos_2_erratic_features_plus_external,erratic,2025-11-01,71761M68K105PK,0.0,1.1293503046035767,1.1293503046035767
chronos_2_erratic_features_plus_external,erratic,2025-11-01,71761M74T20ZAM,11.0,6.4582600593566895,4.5417399406433105
chronos_2_erratic_features_plus_external,erratic,2025-11-01,71761M76MB0Z2S,0.0,0.5963820219039917,0.5963820219039917
chronos_2_erratic_features_plus_external,erratic,2025-11-01,71761M76MB0ZHJ,2.0,0.8688006401062012,1.1311993598937988
chronos_2_erratic_features_plus_external,erratic,2025-11-01,71762M54T100PG,4.0,5.054263591766357,1.0542635917663574
chronos_2_erratic_features_plus_external,erratic,2025-11-01,7177164R005PK,1.0,1.4208385944366455,0.4208385944366455
chronos_2_erratic_features_plus_external,erratic,2025-11-01,7177171L00000,0.0,0.6255723834037781,0.6255723834037781
chronos_2_erratic_features_plus_external,erratic,2025-11-01,7177186R000PG,2.0,1.492821216583252,0.507178783416748
chronos_2_erratic_features_plus_external,erratic,2025-11-01,71771M55T00000,22.0,11.974720001220703,10.025279998779297
chronos_2_erratic_features_plus_external,erratic,2025-11-01,71771M56R100PG,2.0,1.6965405941009521,0.30345940589904785
chronos_2_erratic_features_plus_external,erratic,2025-11-01,71771M76T00PER,2.0,1.6746387481689453,0.3253612518310547
chronos_2_erratic_features_plus_external,erratic,2025-11-01,71772M55T00000,8.0,5.638694763183594,2.3613052368164062
chronos_2_erratic_features_plus_external,erratic,2025-11-01,71782M56R100PG,1.0,2.005931854248047,1.0059318542480469
chronos_2_erratic_features_plus_external,erratic,2025-11-01,71782M66L00000,1.0,1.6753333806991577,0.6753333806991577
chronos_2_erratic_features_plus_external,erratic,2025-11-01,71782M75T00000,2.0,0.5205506086349487,1.4794493913650513
chronos_2_erratic_features_plus_external,erratic,2025-11-01,7181179P00799,1.0,1.695098876953125,0.695098876953125
chronos_2_erratic_features_plus_external,erratic,2025-11-01,71811M53M00799,2.0,1.7276387214660645,0.27236127853393555
chronos_2_erratic_features_plus_external,erratic,2025-11-01,71811M56R00799,1.0,2.920940637588501,1.920940637588501
chronos_2_erratic_features_plus_external,erratic,2025-11-01,71811M56R10799,0.0,0.9123519659042358,0.9123519659042358
chronos_2_erratic_features_plus_external,erratic,2025-11-01,71811M66L005PK,3.0,0.4761431813240051,2.523856818675995
chronos_2_erratic_features_plus_external,erratic,2025-11-01,71811M67P01799,5.0,1.1552345752716064,3.8447654247283936
chronos_2_erratic_features_plus_external,erratic,2025-11-01,71811M68K00799,2.0,0.04701638221740723,1.9529836177825928
chronos_2_erratic_features_plus_external,erratic,2025-11-01,71811M68P00799,4.0,1.8333003520965576,2.1666996479034424
chronos_2_erratic_features_plus_external,erratic,2025-11-01,71811M74T00799,7.0,2.5333499908447266,4.466650009155273
chronos_2_erratic_features_plus_external,erratic,2025-11-01,71811M75L00799,2.0,0.7469196915626526,1.2530803084373474
chronos_2_erratic_features_plus_external,erratic,2025-11-01,71811M75T00799,18.0,2.0624313354492188,15.937568664550781
chronos_2_erratic_features_plus_external,erratic,2025-11-01,71811M76M00799,2.0,2.805468797683716,0.8054687976837158
chronos_2_erratic_features_plus_external,erratic,2025-11-01,71811M80T105PK,15.0,2.4485950469970703,12.55140495300293
chronos_2_erratic_features_plus_external,erratic,2025-11-01,7181365L00000,6.0,1.8925801515579224,4.107419848442078
chronos_2_erratic_features_plus_external,erratic,2025-11-01,7182173K10000,2.0,3.0120699405670166,1.0120699405670166
chronos_2_erratic_features_plus_external,erratic,2025-11-01,7182179P00000,0.0,3.4022037982940674,3.4022037982940674
chronos_2_erratic_features_plus_external,erratic,2025-11-01,71821M68K00000,3.0,1.1487551927566528,1.8512448072433472
chronos_2_erratic_features_plus_external,erratic,2025-11-01,71821M75T00000,13.0,1.3107410669326782,11.689258933067322
chronos_2_erratic_features_plus_external,erratic,2025-11-01,71821M79M00000,2.0,0.3195962905883789,1.680403709411621
chronos_2_erratic_features_plus_external,erratic,2025-11-01,7182273K10000,2.0,2.1148674488067627,0.1148674488067627
chronos_2_erratic_features_plus_external,erratic,2025-11-01,7182279P00000,0.0,2.1645452976226807,2.1645452976226807
chronos_2_erratic_features_plus_external,erratic,2025-11-01,7182280J00000,3.0,1.7058123350143433,1.2941876649856567
chronos_2_erratic_features_plus_external,erratic,2025-11-01,71822M55T00000,15.0,10.056445121765137,4.943554878234863
chronos_2_erratic_features_plus_external,erratic,2025-11-01,71822M68K00000,0.0,2.677342176437378,2.677342176437378
chronos_2_erratic_features_plus_external,erratic,2025-11-01,71822M75T00000,13.0,0.9896674156188965,12.010332584381104
chronos_2_erratic_features_plus_external,erratic,2025-11-01,71822M79M00000,1.0,0.3987545967102051,0.6012454032897949
chronos_2_erratic_features_plus_external,erratic,2025-11-01,71823M68L00000,1.0,2.921217918395996,1.921217918395996
chronos_2_erratic_features_plus_external,erratic,2025-11-01,7187186R000BK,5.0,3.419860363006592,1.5801396369934082
chronos_2_erratic_features_plus_external,erratic,2025-11-01,72310M68K00000,4.0,2.2041492462158203,1.7958507537841797
chronos_2_erratic_features_plus_external,erratic,2025-11-01,72312M55R00000,5.0,4.606773376464844,0.39322662353515625
chronos_2_erratic_features_plus_external,erratic,2025-11-01,72312M68K00000,2.0,6.6819000244140625,4.6819000244140625
chronos_2_erratic_features_plus_external,erratic,2025-11-01,7232154P00000,2.0,2.1540346145629883,0.15403461456298828
chronos_2_erratic_features_plus_external,erratic,2025-11-01,7232171L00000,1.0,1.538567066192627,0.538567066192627
chronos_2_erratic_features_plus_external,erratic,2025-11-01,72321M53M00000,5.0,3.7682342529296875,1.2317657470703125
chronos_2_erratic_features_plus_external,erratic,2025-11-01,72321M68K00000,1.0,0.3949204683303833,0.6050795316696167
chronos_2_erratic_features_plus_external,erratic,2025-11-01,72321M74L00000,6.0,7.558758735656738,1.5587587356567383
chronos_2_erratic_features_plus_external,erratic,2025-11-01,72321M76M01000,1.0,1.7720038890838623,0.7720038890838623
chronos_2_erratic_features_plus_external,erratic,2025-11-01,7232271L00000,3.0,1.4342539310455322,1.5657460689544678
chronos_2_erratic_features_plus_external,erratic,2025-11-01,72322M53M00000,3.0,4.697278022766113,1.6972780227661133
chronos_2_erratic_features_plus_external,erratic,2025-11-01,72322M68K00000,1.0,0.603191614151001,0.396808385848999
chronos_2_erratic_features_plus_external,erratic,2025-11-01,72322M74L00000,7.0,5.744829177856445,1.2551708221435547
chronos_2_erratic_features_plus_external,erratic,2025-11-01,72322M76M01000,1.0,2.246487617492676,1.2464876174926758
chronos_2_erratic_features_plus_external,erratic,2025-11-01,72371M74L105PK,0.0,1.7635562419891357,1.7635562419891357
chronos_2_erratic_features_plus_external,erratic,2025-11-01,72380M62S01000,2.0,2.265038013458252,0.26503801345825195
chronos_2_erratic_features_plus_external,erratic,2025-11-01,72398M68K00000,0.0,0.19266057014465332,0.19266057014465332
chronos_2_erratic_features_plus_external,erratic,2025-11-01,72411M74L10000,0.0,1.311819314956665,1.311819314956665
chronos_2_erratic_features_plus_external,erratic,2025-11-01,72420M80T00000,0.0,1.8457005023956299,1.8457005023956299
chronos_2_erratic_features_plus_external,erratic,2025-11-01,7242252R00000,1.0,0.9580394625663757,0.04196053743362427
chronos_2_erratic_features_plus_external,erratic,2025-11-01,72431M68L00000,2.0,1.6481109857559204,0.3518890142440796
chronos_2_erratic_features_plus_external,erratic,2025-11-01,72433M56R00000,1.0,3.291990041732788,2.291990041732788
chronos_2_erratic_features_plus_external,erratic,2025-11-01,72437M68L00000,1.0,1.3369563817977905,0.3369563817977905
chronos_2_erratic_features_plus_external,erratic,2025-11-01,7248265J00000,5.0,1.120693325996399,3.879306674003601
chronos_2_erratic_features_plus_external,erratic,2025-11-01,7282165J00Z2S,3.0,4.573011875152588,1.573011875152588
chronos_2_erratic_features_plus_external,erratic,2025-11-01,73110M68P50ZCA,0.0,0.347029447555542,0.347029447555542
chronos_2_erratic_features_plus_external,erratic,2025-11-01,7343061J00P4Z,0.0,3.608509063720703,3.608509063720703
chronos_2_erratic_features_plus_external,erratic,2025-11-01,73430M75J00P4Z,1.0,0.8457716107368469,0.15422838926315308
chronos_2_erratic_features_plus_external,erratic,2025-11-01,73821M62S205PK,2.0,0.8187015056610107,1.1812984943389893
chronos_2_erratic_features_plus_external,erratic,2025-11-01,73821M67P305PK,0.0,0.4490818381309509,0.4490818381309509
chronos_2_erratic_features_plus_external,erratic,2025-11-01,73831M68P005PK,0.0,0.6855502128601074,0.6855502128601074
chronos_2_erratic_features_plus_external,erratic,2025-11-01,74120M66L10000,0.0,0.5677212476730347,0.5677212476730347
chronos_2_erratic_features_plus_external,erratic,2025-11-01,74461M79M005PK,12.0,3.517739772796631,8.48226022720337
chronos_2_erratic_features_plus_external,erratic,2025-11-01,7619171L005PK,1.0,0.4674358367919922,0.5325641632080078
chronos_2_erratic_features_plus_external,erratic,2025-11-01,7619254P005PK,1.0,0.5931873321533203,0.4068126678466797
chronos_2_erratic_features_plus_external,erratic,2025-11-01,76520M68P10000,1.0,2.7175676822662354,1.7175676822662354
chronos_2_erratic_features_plus_external,erratic,2025-11-01,76520M74K01000,2.0,2.7329394817352295,0.7329394817352295
chronos_2_erratic_features_plus_external,erratic,2025-11-01,77161M68P00000,0.0,0.5432764887809753,0.5432764887809753
chronos_2_erratic_features_plus_external,erratic,2025-11-01,77210M74T005PK,6.0,3.144235610961914,2.855764389038086
chronos_2_erratic_features_plus_external,erratic,2025-11-01,7726054P005PK,2.0,2.175144910812378,0.17514491081237793
chronos_2_erratic_features_plus_external,erratic,2025-11-01,7733061M01000,13.0,4.212145805358887,8.787854194641113
chronos_2_erratic_features_plus_external,erratic,2025-11-01,77330M81R00000,12.0,7.205029010772705,4.794970989227295
chronos_2_erratic_features_plus_external,erratic,2025-11-01,7781158J000PG,2.0,0.4388127326965332,1.5611872673034668
chronos_2_erratic_features_plus_external,erratic,2025-11-01,77811M58J000PG,1.0,2.6089813709259033,1.6089813709259033
chronos_2_erratic_features_plus_external,erratic,2025-11-01,77811M63T000PG,2.0,0.13369512557983398,1.866304874420166
chronos_2_erratic_features_plus_external,erratic,2025-11-01,7783154GB00PG,4.0,1.4387973546981812,2.561202645301819
chronos_2_erratic_features_plus_external,erratic,2025-11-01,77831M68L000PG,4.0,0.6269890069961548,3.373010993003845
chronos_2_erratic_features_plus_external,erratic,2025-11-01,77851M54G000PG,0.0,0.6080973148345947,0.6080973148345947
chronos_2_erratic_features_plus_external,erratic,2025-11-01,8185061J01000,2.0,0.13580584526062012,1.8641941547393799
chronos_2_erratic_features_plus_external,erratic,2025-11-01,81850M68K00000,1.0,1.2452607154846191,0.24526071548461914
chronos_2_erratic_features_plus_external,erratic,2025-11-01,81850M68P10000,2.0,1.7240872383117676,0.2759127616882324
chronos_2_erratic_features_plus_external,erratic,2025-11-01,8186061J01000,2.0,0.22467100620269775,1.7753289937973022
chronos_2_erratic_features_plus_external,erratic,2025-11-01,81860M68K00000,1.0,1.2452607154846191,0.24526071548461914
chronos_2_erratic_features_plus_external,erratic,2025-11-01,81860M79G20000,3.0,1.2931300401687622,1.7068699598312378
chronos_2_erratic_features_plus_external,erratic,2025-11-01,8212177K00000,3.0,0.8179553747177124,2.1820446252822876
chronos_2_erratic_features_plus_external,erratic,2025-11-01,82801M66L015PK,7.0,2.552365779876709,4.447634220123291
chronos_2_erratic_features_plus_external,erratic,2025-11-01,82801M68K005PK,2.0,2.331244468688965,0.33124446868896484
chronos_2_erratic_features_plus_external,erratic,2025-11-01,82802M66L015PK,13.0,4.1606292724609375,8.839370727539062
chronos_2_erratic_features_plus_external,erratic,2025-11-01,82802M68K5026U,5.0,8.333549499511719,3.3335494995117188
chronos_2_erratic_features_plus_external,erratic,2025-11-01,82802M81A605PK,5.0,0.13433325290679932,4.865666747093201
chronos_2_erratic_features_plus_external,erratic,2025-11-01,82850M76M005PK,4.0,4.045727729797363,0.04572772979736328
chronos_2_erratic_features_plus_external,erratic,2025-11-01,8392152R010CE,1.0,1.1041111946105957,0.1041111946105957
chronos_2_erratic_features_plus_external,erratic,2025-11-01,83921M68P000CB,2.0,1.7521357536315918,0.2478642463684082
chronos_2_erratic_features_plus_external,erratic,2025-11-01,83922M55T000CB,5.0,2.9400510787963867,2.0599489212036133
chronos_2_erratic_features_plus_external,erratic,2025-11-01,8392352R020CE,1.0,1.7244250774383545,0.7244250774383545
chronos_2_erratic_features_plus_external,erratic,2025-11-01,83923M68P000CB,2.0,2.2658002376556396,0.26580023765563965
chronos_2_erratic_features_plus_external,erratic,2025-11-01,83924M55T000CB,6.0,3.7696821689605713,2.2303178310394287
chronos_2_erratic_features_plus_external,erratic,2025-11-01,83924M62S000CB,3.0,1.2990460395812988,1.7009539604187012
chronos_2_erratic_features_plus_external,erratic,2025-11-01,83924M68P100CB,3.0,4.095969200134277,1.0959692001342773
chronos_2_erratic_features_plus_external,erratic,2025-11-01,83926M68P000CB,5.0,1.5952256917953491,3.404774308204651
chronos_2_erratic_features_plus_external,erratic,2025-11-01,8393061J005PK,3.0,0.875709056854248,2.124290943145752
chronos_2_erratic_features_plus_external,erratic,2025-11-01,83932M68P000CB,3.0,1.7602684497833252,1.2397315502166748
chronos_2_erratic_features_plus_external,erratic,2025-11-01,83940M68P100PG,1.0,1.6930418014526367,0.6930418014526367
chronos_2_erratic_features_plus_external,erratic,2025-11-01,83940M74L10000,3.0,1.311232089996338,1.688767910003662
chronos_2_erratic_features_plus_external,erratic,2025-11-01,83970M68P00000,0.0,1.91515052318573,1.91515052318573
chronos_2_erratic_features_plus_external,erratic,2025-11-01,84051M55T01000,6.0,3.355382204055786,2.644617795944214
chronos_2_erratic_features_plus_external,erratic,2025-11-01,84051M55T11000,9.0,3.1107120513916016,5.889287948608398
chronos_2_erratic_features_plus_external,erratic,2025-11-01,8450152R02000,1.0,1.7087172269821167,0.7087172269821167
chronos_2_erratic_features_plus_external,erratic,2025-11-01,84501M55T00000,1.0,1.024883508682251,0.024883508682250977
chronos_2_erratic_features_plus_external,erratic,2025-11-01,84501M68P00000,0.0,1.6197152137756348,1.6197152137756348
chronos_2_erratic_features_plus_external,erratic,2025-11-01,84502M68P00000,0.0,2.8555924892425537,2.8555924892425537
chronos_2_erratic_features_plus_external,erratic,2025-11-01,84510M74L01000,1.0,1.0409369468688965,0.040936946868896484
chronos_2_erratic_features_plus_external,erratic,2025-11-01,84511M75T10000,2.0,11.756490707397461,9.756490707397461
chronos_2_erratic_features_plus_external,erratic,2025-11-01,84511M76M10000,0.0,0.07305550575256348,0.07305550575256348
chronos_2_erratic_features_plus_external,erratic,2025-11-01,8470171LVAZMT,1.0,1.9514650106430054,0.9514650106430054
chronos_2_erratic_features_plus_external,erratic,2025-11-01,84701M53M205PK,5.0,2.162581443786621,2.837418556213379
chronos_2_erratic_features_plus_external,erratic,2025-11-01,84701M55TB0ZHJ,4.0,3.4457008838653564,0.5542991161346436
chronos_2_erratic_features_plus_external,erratic,2025-11-01,84701M68P31ZHJ,2.0,2.053642511367798,0.05364251136779785
chronos_2_erratic_features_plus_external,erratic,2025-11-01,84701M68P515PK,1.0,1.8152730464935303,0.8152730464935303
chronos_2_erratic_features_plus_external,erratic,2025-11-01,84701M74LC15PK,0.0,1.9340629577636719,1.9340629577636719
chronos_2_erratic_features_plus_external,erratic,2025-11-01,8470261J025PK,3.0,4.999325752258301,1.9993257522583008
chronos_2_erratic_features_plus_external,erratic,2025-11-01,84702M53M205PK,3.0,1.499051570892334,1.500948429107666
chronos_2_erratic_features_plus_external,erratic,2025-11-01,84702M55TB0ZHJ,2.0,2.811415672302246,0.8114156723022461
chronos_2_erratic_features_plus_external,erratic,2025-11-01,84702M56R92ZHJ,0.0,2.7977921962738037,2.7977921962738037
chronos_2_erratic_features_plus_external,erratic,2025-11-01,84702M62S20Z4Q,2.0,2.6448490619659424,0.6448490619659424
chronos_2_erratic_features_plus_external,erratic,2025-11-01,84702M68P31ZHJ,1.0,0.5050873756408691,0.49491262435913086
chronos_2_erratic_features_plus_external,erratic,2025-11-01,84702M68P515PK,2.0,2.8717494010925293,0.8717494010925293
chronos_2_erratic_features_plus_external,erratic,2025-11-01,84702M74LC15PK,0.0,1.546983003616333,1.546983003616333
chronos_2_erratic_features_plus_external,erratic,2025-11-01,84702M79G30000,0.0,0.5381621718406677,0.5381621718406677
chronos_2_erratic_features_plus_external,erratic,2025-11-01,84703M79M02000,5.0,5.715874195098877,0.715874195098877
chronos_2_erratic_features_plus_external,erratic,2025-11-01,8471852R20ZVR,2.0,1.178145408630371,0.8218545913696289
chronos_2_erratic_features_plus_external,erratic,2025-11-01,8472852R20ZVR,1.0,0.8152572512626648,0.1847427487373352
chronos_2_erratic_features_plus_external,erratic,2025-11-01,8472865J00Z2S,3.0,1.0448304414749146,1.9551695585250854
chronos_2_erratic_features_plus_external,erratic,2025-11-01,8472880J00Z2S,1.0,1.7046968936920166,0.7046968936920166
chronos_2_erratic_features_plus_external,erratic,2025-11-01,84730M67P10000,2.0,0.1481773853302002,1.8518226146697998
chronos_2_erratic_features_plus_external,erratic,2025-11-01,84730M74LC0000,2.0,5.254440784454346,3.2544407844543457
chronos_2_erratic_features_plus_external,erratic,2025-11-01,84730M79M00000,0.0,2.2526631355285645,2.2526631355285645
chronos_2_erratic_features_plus_external,erratic,2025-11-01,8474061M00000,1.0,2.956387758255005,1.9563877582550049
chronos_2_erratic_features_plus_external,erratic,2025-11-01,8474065J00000,2.0,0.7863319516181946,1.2136680483818054
chronos_2_erratic_features_plus_external,erratic,2025-11-01,84740M67P10000,0.0,0.1390700340270996,0.1390700340270996
chronos_2_erratic_features_plus_external,erratic,2025-11-01,84740M74LC0000,2.0,3.088704824447632,1.0887048244476318
chronos_2_erratic_features_plus_external,erratic,2025-11-01,84740M74LE0000,0.0,0.20158755779266357,0.20158755779266357
chronos_2_erratic_features_plus_external,erratic,2025-11-01,84740M76M00000,3.0,4.000066757202148,1.0000667572021484
chronos_2_erratic_features_plus_external,erratic,2025-11-01,84740M79M00000,1.0,1.161942958831787,0.1619429588317871
chronos_2_erratic_features_plus_external,erratic,2025-11-01,84920M68PB1BHE,4.0,1.096778392791748,2.903221607208252
chronos_2_erratic_features_plus_external,erratic,2025-11-01,84940M68PC1BHE,4.0,1.1055371761322021,2.894462823867798
chronos_2_erratic_features_plus_external,erratic,2025-11-01,95130M68K00000,1.0,0.3412407636642456,0.6587592363357544
chronos_2_erratic_features_plus_external,erratic,2025-11-01,95310M53T00000,11.0,3.4908392429351807,7.509160757064819
chronos_2_erratic_features_plus_external,erratic,2025-11-01,95310M55T00000,8.0,5.085691928863525,2.9143080711364746
chronos_2_erratic_features_plus_external,erratic,2025-11-01,95310M76M00000,0.0,2.352668523788452,2.352668523788452
chronos_2_erratic_features_plus_external,erratic,2025-12-01,0911912012000,43.0,49.050601959228516,6.050601959228516
chronos_2_erratic_features_plus_external,erratic,2025-12-01,09140M12040000,9.0,19.422388076782227,10.422388076782227
chronos_2_erratic_features_plus_external,erratic,2025-12-01,0915912057000,0.0,8.820808410644531,8.820808410644531
chronos_2_erratic_features_plus_external,erratic,2025-12-01,09209M09L02000,5.0,6.039727210998535,1.0397272109985352
chronos_2_erratic_features_plus_external,erratic,2025-12-01,0924616021000,11.0,9.304549217224121,1.695450782775879
chronos_2_erratic_features_plus_external,erratic,2025-12-01,0928335052000,5.0,4.090287208557129,0.9097127914428711
chronos_2_erratic_features_plus_external,erratic,2025-12-01,0928348007000,3.0,4.840479373931885,1.8404793739318848
chronos_2_erratic_features_plus_external,erratic,2025-12-01,0940907340000,45.0,20.058095932006836,24.941904067993164
chronos_2_erratic_features_plus_external,erratic,2025-12-01,09409M07355000,43.0,12.647695541381836,30.352304458618164
chronos_2_erratic_features_plus_external,erratic,2025-12-01,09409M08006000,25.0,62.54778289794922,37.54778289794922
chronos_2_erratic_features_plus_external,erratic,2025-12-01,09409M10L04000,0.0,3.1462955474853516,3.1462955474853516
chronos_2_erratic_features_plus_external,erratic,2025-12-01,11610M53M00000,2.0,11.82374382019043,9.82374382019043
chronos_2_erratic_features_plus_external,erratic,2025-12-01,11610M68K03000,1.0,3.202317237854004,2.202317237854004
chronos_2_erratic_features_plus_external,erratic,2025-12-01,11620M53M00000,0.0,3.1154136657714844,3.1154136657714844
chronos_2_erratic_features_plus_external,erratic,2025-12-01,11710M53M00000,6.0,5.933455467224121,0.0665445327758789
chronos_2_erratic_features_plus_external,erratic,2025-12-01,17100M62S00000,1.0,2.4414336681365967,1.4414336681365967
chronos_2_erratic_features_plus_external,erratic,2025-12-01,17213M76M00000,2.0,1.0049731731414795,0.9950268268585205
chronos_2_erratic_features_plus_external,erratic,2025-12-01,17214M76M10000,1.0,0.021801471710205078,0.9781985282897949
chronos_2_erratic_features_plus_external,erratic,2025-12-01,17700M53M20000,5.0,2.1459927558898926,2.8540072441101074
chronos_2_erratic_features_plus_external,erratic,2025-12-01,17700M76M10000,2.0,1.2321836948394775,0.7678163051605225
chronos_2_erratic_features_plus_external,erratic,2025-12-01,17700M83P00000,4.0,1.53415846824646,2.46584153175354
chronos_2_erratic_features_plus_external,erratic,2025-12-01,3512065J32000,4.0,2.8299312591552734,1.1700687408447266
chronos_2_erratic_features_plus_external,erratic,2025-12-01,3512071L20000,1.0,1.3686573505401611,0.36865735054016113
chronos_2_erratic_features_plus_external,erratic,2025-12-01,35120M68K20000,1.0,1.6362416744232178,0.6362416744232178
chronos_2_erratic_features_plus_external,erratic,2025-12-01,35121M53MB0000,6.0,3.761545181274414,2.238454818725586
chronos_2_erratic_features_plus_external,erratic,2025-12-01,35121M60M10000,1.0,0.20702093839645386,0.7929790616035461
chronos_2_erratic_features_plus_external,erratic,2025-12-01,35121M62S30000,10.0,9.983607292175293,0.01639270782470703
chronos_2_erratic_features_plus_external,erratic,2025-12-01,35121M67P10000,2.0,0.49643778800964355,1.5035622119903564
chronos_2_erratic_features_plus_external,erratic,2025-12-01,35121M74L01000,0.0,3.4637508392333984,3.4637508392333984
chronos_2_erratic_features_plus_external,erratic,2025-12-01,35121M76M50000,4.0,1.3222711086273193,2.6777288913726807
chronos_2_erratic_features_plus_external,erratic,2025-12-01,35153M59K10000,0.0,1.1667648553848267,1.1667648553848267
chronos_2_erratic_features_plus_external,erratic,2025-12-01,35300M74TB1000,3.0,3.8980822563171387,0.8980822563171387
chronos_2_erratic_features_plus_external,erratic,2025-12-01,3532064J31000,2.0,1.8513455390930176,0.14865446090698242
chronos_2_erratic_features_plus_external,erratic,2025-12-01,3532065J32000,1.0,3.625565528869629,2.625565528869629
chronos_2_erratic_features_plus_external,erratic,2025-12-01,3532071L20000,1.0,1.7871195077896118,0.7871195077896118
chronos_2_erratic_features_plus_external,erratic,2025-12-01,3532079P30000,1.0,1.3482543230056763,0.34825432300567627
chronos_2_erratic_features_plus_external,erratic,2025-12-01,35321M53MB0000,3.0,2.7444396018981934,0.25556039810180664
chronos_2_erratic_features_plus_external,erratic,2025-12-01,35321M55T53000,10.0,8.071962356567383,1.9280376434326172
chronos_2_erratic_features_plus_external,erratic,2025-12-01,35321M67P10000,3.0,0.9466042518615723,2.0533957481384277
chronos_2_erratic_features_plus_external,erratic,2025-12-01,35321M68K21000,2.0,1.347750186920166,0.652249813079834
chronos_2_erratic_features_plus_external,erratic,2025-12-01,35321M74L01000,6.0,3.08640456199646,2.91359543800354
chronos_2_erratic_features_plus_external,erratic,2025-12-01,35321M76M50000,2.0,1.3163344860076904,0.6836655139923096
chronos_2_erratic_features_plus_external,erratic,2025-12-01,3550054P01000,2.0,0.7027581930160522,1.2972418069839478
chronos_2_erratic_features_plus_external,erratic,2025-12-01,35501M67P00000,1.0,1.5378124713897705,0.5378124713897705
chronos_2_erratic_features_plus_external,erratic,2025-12-01,3565064J21000,4.0,0.8390697836875916,3.1609302163124084
chronos_2_erratic_features_plus_external,erratic,2025-12-01,3565065J21000,5.0,2.1424450874328613,2.8575549125671387
chronos_2_erratic_features_plus_external,erratic,2025-12-01,3565077R00000,2.0,1.9298954010009766,0.07010459899902344
chronos_2_erratic_features_plus_external,erratic,2025-12-01,3565079P00000,0.0,0.5851636528968811,0.5851636528968811
chronos_2_erratic_features_plus_external,erratic,2025-12-01,35650M53M00000,4.0,2.3770620822906494,1.6229379177093506
chronos_2_erratic_features_plus_external,erratic,2025-12-01,35650M66L00000,0.0,0.5628554224967957,0.5628554224967957
chronos_2_erratic_features_plus_external,erratic,2025-12-01,35650M67P00000,8.0,3.824153423309326,4.175846576690674
chronos_2_erratic_features_plus_external,erratic,2025-12-01,35650M74L00000,9.0,2.425290107727051,6.574709892272949
chronos_2_erratic_features_plus_external,erratic,2025-12-01,35650M75T00000,0.0,4.482779026031494,4.482779026031494
chronos_2_erratic_features_plus_external,erratic,2025-12-01,35651M68K00000,1.0,1.225815773010254,0.2258157730102539
chronos_2_erratic_features_plus_external,erratic,2025-12-01,35651M75L00000,3.0,1.955888032913208,1.044111967086792
chronos_2_erratic_features_plus_external,erratic,2025-12-01,35651M76M00000,1.0,2.420717477798462,1.420717477798462
chronos_2_erratic_features_plus_external,erratic,2025-12-01,3567060K00000,5.0,1.7113083600997925,3.2886916399002075
chronos_2_erratic_features_plus_external,erratic,2025-12-01,3567061M10000,2.0,2.2679696083068848,0.26796960830688477
chronos_2_erratic_features_plus_external,erratic,2025-12-01,3567064J20000,2.0,1.8511031866073608,0.14889681339263916
chronos_2_erratic_features_plus_external,erratic,2025-12-01,3567071L00000,4.0,0.0,4.0
chronos_2_erratic_features_plus_external,erratic,2025-12-01,3567079P00000,0.0,0.16030782461166382,0.16030782461166382
chronos_2_erratic_features_plus_external,erratic,2025-12-01,35670M74L00000,0.0,5.8332366943359375,5.8332366943359375
chronos_2_erratic_features_plus_external,erratic,2025-12-01,35671M68K00000,2.0,0.6403502225875854,1.3596497774124146
chronos_2_erratic_features_plus_external,erratic,2025-12-01,35671M75L00000,3.0,3.1723265647888184,0.17232656478881836
chronos_2_erratic_features_plus_external,erratic,2025-12-01,35750M53M00000,1.0,6.8847222328186035,5.8847222328186035
chronos_2_erratic_features_plus_external,erratic,2025-12-01,35750M66L00000,0.0,2.762176752090454,2.762176752090454
chronos_2_erratic_features_plus_external,erratic,2025-12-01,35750M67P00000,4.0,4.417572021484375,0.417572021484375
chronos_2_erratic_features_plus_external,erratic,2025-12-01,35750M75T00000,0.0,1.5852839946746826,1.5852839946746826
chronos_2_erratic_features_plus_external,erratic,2025-12-01,3591075F12000,3.0,2.3169450759887695,0.6830549240112305
chronos_2_erratic_features_plus_external,erratic,2025-12-01,36250M74T15000,2.0,8.880139350891113,6.880139350891113
chronos_2_erratic_features_plus_external,erratic,2025-12-01,3625479P01000,1.0,0.04514360427856445,0.9548563957214355
chronos_2_erratic_features_plus_external,erratic,2025-12-01,3625486R20000,1.0,1.6299188137054443,0.6299188137054443
chronos_2_erratic_features_plus_external,erratic,2025-12-01,36410M67K00000,5.0,2.788316011428833,2.211683988571167
chronos_2_erratic_features_plus_external,erratic,2025-12-01,38450M68K00000,2.0,1.2592430114746094,0.7407569885253906
chronos_2_erratic_features_plus_external,erratic,2025-12-01,38450M74L10000,2.0,1.9472540616989136,0.052745938301086426
chronos_2_erratic_features_plus_external,erratic,2025-12-01,38450M76M00000,4.0,2.856637716293335,1.143362283706665
chronos_2_erratic_features_plus_external,erratic,2025-12-01,38453M75000000,0.0,2.597787618637085,2.597787618637085
chronos_2_erratic_features_plus_external,erratic,2025-12-01,3925164J00000,1.0,1.07602059841156,0.07602059841156006
chronos_2_erratic_features_plus_external,erratic,2025-12-01,3932152R00000,1.0,1.1085362434387207,0.1085362434387207
chronos_2_erratic_features_plus_external,erratic,2025-12-01,39321M62S10000,3.0,2.6921262741088867,0.3078737258911133
chronos_2_erratic_features_plus_external,erratic,2025-12-01,3932252R00000,1.0,1.0298457145690918,0.029845714569091797
chronos_2_erratic_features_plus_external,erratic,2025-12-01,41710M74L00000,0.0,2.6782212257385254,2.6782212257385254
chronos_2_erratic_features_plus_external,erratic,2025-12-01,4243163J10000,11.0,10.731473922729492,0.2685260772705078
chronos_2_erratic_features_plus_external,erratic,2025-12-01,4321078R010BK,1.0,1.8770195245742798,0.8770195245742798
chronos_2_erratic_features_plus_external,erratic,2025-12-01,43210M55T5027N,1.0,5.141806125640869,4.141806125640869
chronos_2_erratic_features_plus_external,erratic,2025-12-01,43210M55T60QC8,14.0,15.843022346496582,1.843022346496582
chronos_2_erratic_features_plus_external,erratic,2025-12-01,43210M68P1009L,0.0,1.7303706407546997,1.7303706407546997
chronos_2_erratic_features_plus_external,erratic,2025-12-01,43210M68P60ZMQ,7.0,4.450803279876709,2.549196720123291
chronos_2_erratic_features_plus_external,erratic,2025-12-01,43210M75T60QC8,1.0,1.281908392906189,0.28190839290618896
chronos_2_erratic_features_plus_external,erratic,2025-12-01,43210M79G5309L,8.0,3.6824941635131836,4.317505836486816
chronos_2_erratic_features_plus_external,erratic,2025-12-01,43250M62S0027N,13.0,14.085952758789062,1.0859527587890625
chronos_2_erratic_features_plus_external,erratic,2025-12-01,43250M67K0027N,9.0,11.464471817016602,2.4644718170166016
chronos_2_erratic_features_plus_external,erratic,2025-12-01,43250M75T0027N,3.0,2.0978546142578125,0.9021453857421875
chronos_2_erratic_features_plus_external,erratic,2025-12-01,43250M81R1027N,1.0,0.8374509811401367,0.16254901885986328
chronos_2_erratic_features_plus_external,erratic,2025-12-01,43250M83P0027N,0.0,4.284396171569824,4.284396171569824
chronos_2_erratic_features_plus_external,erratic,2025-12-01,4325283S000PG,3.0,2.479787826538086,0.5202121734619141
chronos_2_erratic_features_plus_external,erratic,2025-12-01,43252M67L00AQY,2.0,2.059913396835327,0.05991339683532715
chronos_2_erratic_features_plus_external,erratic,2025-12-01,48150M68P10C48,0.0,0.9653923511505127,0.9653923511505127
chronos_2_erratic_features_plus_external,erratic,2025-12-01,5730065811000,3.0,0.8174259662628174,2.1825740337371826
chronos_2_erratic_features_plus_external,erratic,2025-12-01,57300M53M00000,1.0,1.3545725345611572,0.3545725345611572
chronos_2_erratic_features_plus_external,erratic,2025-12-01,57300M67P00000,3.0,2.6995508670806885,0.3004491329193115
chronos_2_erratic_features_plus_external,erratic,2025-12-01,57300M74L00000,7.0,3.951256275177002,3.048743724822998
chronos_2_erratic_features_plus_external,erratic,2025-12-01,57300M76M00000,5.0,3.037637233734131,1.9623627662658691
chronos_2_erratic_features_plus_external,erratic,2025-12-01,57410M62S00000,2.0,3.3038742542266846,1.3038742542266846
chronos_2_erratic_features_plus_external,erratic,2025-12-01,57410M74L00000,1.0,2.990107774734497,1.990107774734497
chronos_2_erratic_features_plus_external,erratic,2025-12-01,57410M76M00000,0.0,0.3541829586029053,0.3541829586029053
chronos_2_erratic_features_plus_external,erratic,2025-12-01,57410M79G00000,1.0,1.0989668369293213,0.09896683692932129
chronos_2_erratic_features_plus_external,erratic,2025-12-01,5742054P00000,0.0,1.3965834379196167,1.3965834379196167
chronos_2_erratic_features_plus_external,erratic,2025-12-01,57420M62S00000,2.0,3.1411571502685547,1.1411571502685547
chronos_2_erratic_features_plus_external,erratic,2025-12-01,57420M67P00000,2.0,0.9567018151283264,1.0432981848716736
chronos_2_erratic_features_plus_external,erratic,2025-12-01,57420M74L00000,1.0,2.5472474098205566,1.5472474098205566
chronos_2_erratic_features_plus_external,erratic,2025-12-01,57420M76M00000,0.0,0.42515134811401367,0.42515134811401367
chronos_2_erratic_features_plus_external,erratic,2025-12-01,57420M79G00000,1.0,0.48415184020996094,0.5158481597900391
chronos_2_erratic_features_plus_external,erratic,2025-12-01,5761065J10000,4.0,2.4769816398620605,1.5230183601379395
chronos_2_erratic_features_plus_external,erratic,2025-12-01,5761154P00000,0.0,0.870233952999115,0.870233952999115
chronos_2_erratic_features_plus_external,erratic,2025-12-01,57611M53M00000,1.0,1.6375967264175415,0.6375967264175415
chronos_2_erratic_features_plus_external,erratic,2025-12-01,57611M55T00000,10.0,17.488651275634766,7.488651275634766
chronos_2_erratic_features_plus_external,erratic,2025-12-01,57611M67P01000,2.0,0.4213235378265381,1.578676462173462
chronos_2_erratic_features_plus_external,erratic,2025-12-01,57611M75T10000,2.0,1.2494765520095825,0.7505234479904175
chronos_2_erratic_features_plus_external,erratic,2025-12-01,5771065J10000,1.0,1.699501633644104,0.699501633644104
chronos_2_erratic_features_plus_external,erratic,2025-12-01,57711M53M00000,0.0,0.8579554557800293,0.8579554557800293
chronos_2_erratic_features_plus_external,erratic,2025-12-01,57711M67P01000,4.0,1.9057650566101074,2.0942349433898926
chronos_2_erratic_features_plus_external,erratic,2025-12-01,57711M68K10000,2.0,1.20194411277771,0.79805588722229
chronos_2_erratic_features_plus_external,erratic,2025-12-01,57711M71P00000,3.0,0.1952032893896103,2.8047967106103897
chronos_2_erratic_features_plus_external,erratic,2025-12-01,57711M75T10000,4.0,1.3323286771774292,2.667671322822571
chronos_2_erratic_features_plus_external,erratic,2025-12-01,57711M76M00000,4.0,2.874812364578247,1.125187635421753
chronos_2_erratic_features_plus_external,erratic,2025-12-01,58121M53M00000,0.0,0.8921260237693787,0.8921260237693787
chronos_2_erratic_features_plus_external,erratic,2025-12-01,58200M80T00000,1.0,2.290865659713745,1.2908656597137451
chronos_2_erratic_features_plus_external,erratic,2025-12-01,5823052R00000,2.0,2.1594157218933105,0.15941572189331055
chronos_2_erratic_features_plus_external,erratic,2025-12-01,58230M53M00000,0.0,1.3390796184539795,1.3390796184539795
chronos_2_erratic_features_plus_external,erratic,2025-12-01,58230M62S00000,0.0,0.7510182857513428,0.7510182857513428
chronos_2_erratic_features_plus_external,erratic,2025-12-01,58230M68K01000,2.0,1.2123193740844727,0.7876806259155273
chronos_2_erratic_features_plus_external,erratic,2025-12-01,5826077K00000,5.0,3.393458843231201,1.6065411567687988
chronos_2_erratic_features_plus_external,erratic,2025-12-01,58270M68K00000,1.0,2.423647403717041,1.423647403717041
chronos_2_erratic_features_plus_external,erratic,2025-12-01,58270M75T00000,1.0,0.9664019346237183,0.03359806537628174
chronos_2_erratic_features_plus_external,erratic,2025-12-01,58270M76M01000,2.0,2.0977940559387207,0.0977940559387207
chronos_2_erratic_features_plus_external,erratic,2025-12-01,58280M68K00000,1.0,0.278051495552063,0.721948504447937
chronos_2_erratic_features_plus_external,erratic,2025-12-01,58811M78R00000,1.0,1.8576855659484863,0.8576855659484863
chronos_2_erratic_features_plus_external,erratic,2025-12-01,65500M55T10000,1.0,5.536997318267822,4.536997318267822
chronos_2_erratic_features_plus_external,erratic,2025-12-01,65561M74L00000,4.0,2.1065309047698975,1.8934690952301025
chronos_2_erratic_features_plus_external,erratic,2025-12-01,68001M55T20000,2.0,4.934435844421387,2.9344358444213867
chronos_2_erratic_features_plus_external,erratic,2025-12-01,68001M62S12000,1.0,1.5457240343093872,0.5457240343093872
chronos_2_erratic_features_plus_external,erratic,2025-12-01,68002M55T20000,3.0,3.883488893508911,0.8834888935089111
chronos_2_erratic_features_plus_external,erratic,2025-12-01,69100M53M00000,2.0,3.0903990268707275,1.0903990268707275
chronos_2_erratic_features_plus_external,erratic,2025-12-01,69100M67P10000,2.0,1.017737627029419,0.982262372970581
chronos_2_erratic_features_plus_external,erratic,2025-12-01,71079M74T00000,2.0,1.7849726676940918,0.2150273323059082
chronos_2_erratic_features_plus_external,erratic,2025-12-01,7171064R00ZQ4,2.0,3.1099607944488525,1.1099607944488525
chronos_2_erratic_features_plus_external,erratic,2025-12-01,7171154L10799,0.0,1.9239444732666016,1.9239444732666016
chronos_2_erratic_features_plus_external,erratic,2025-12-01,7171161P00799,4.0,2.4731247425079346,1.5268752574920654
chronos_2_erratic_features_plus_external,erratic,2025-12-01,7171178R015PK,5.0,2.7122602462768555,2.2877397537231445
chronos_2_erratic_features_plus_external,erratic,2025-12-01,7171179P00799,0.0,2.582786798477173,2.582786798477173
chronos_2_erratic_features_plus_external,erratic,2025-12-01,71711M53MA05PK,3.0,0.17570817470550537,2.8242918252944946
chronos_2_erratic_features_plus_external,erratic,2025-12-01,71711M53MA0799,1.0,0.07344770431518555,0.9265522956848145
chronos_2_erratic_features_plus_external,erratic,2025-12-01,71711M53MB05PK,1.0,0.6096069812774658,0.3903930187225342
chronos_2_erratic_features_plus_external,erratic,2025-12-01,71711M56R00799,1.0,4.015793323516846,3.0157933235168457
chronos_2_erratic_features_plus_external,erratic,2025-12-01,71711M62S005PK,9.0,12.84785270690918,3.8478527069091797
chronos_2_erratic_features_plus_external,erratic,2025-12-01,71711M66L005PK,0.0,0.7478982210159302,0.7478982210159302
chronos_2_erratic_features_plus_external,erratic,2025-12-01,71711M67P00799,2.0,2.435190200805664,0.43519020080566406
chronos_2_erratic_features_plus_external,erratic,2025-12-01,71711M68K00799,2.0,2.303460121154785,0.30346012115478516
chronos_2_erratic_features_plus_external,erratic,2025-12-01,71711M73T115PK,8.0,6.242207050323486,1.7577929496765137
chronos_2_erratic_features_plus_external,erratic,2025-12-01,71711M74L00799,3.0,2.3866770267486572,0.6133229732513428
chronos_2_erratic_features_plus_external,erratic,2025-12-01,71711M75L00799,2.0,2.155269145965576,0.15526914596557617
chronos_2_erratic_features_plus_external,erratic,2025-12-01,71711M76M10799,2.0,2.042558193206787,0.04255819320678711
chronos_2_erratic_features_plus_external,erratic,2025-12-01,71711M76T00N49,14.0,6.277769088745117,7.722230911254883
chronos_2_erratic_features_plus_external,erratic,2025-12-01,71711M79M00799,1.0,0.7092574238777161,0.29074257612228394
chronos_2_erratic_features_plus_external,erratic,2025-12-01,71712M54T00000,3.0,2.484736204147339,0.5152637958526611
chronos_2_erratic_features_plus_external,erratic,2025-12-01,71712M55T00000,1.0,7.693493843078613,6.693493843078613
chronos_2_erratic_features_plus_external,erratic,2025-12-01,71712M56R00000,4.0,1.3886383771896362,2.6113616228103638
chronos_2_erratic_features_plus_external,erratic,2025-12-01,71712M79M00000,2.0,2.541231870651245,0.5412318706512451
chronos_2_erratic_features_plus_external,erratic,2025-12-01,71720M76M005PK,0.0,1.9753309488296509,1.9753309488296509
chronos_2_erratic_features_plus_external,erratic,2025-12-01,7172160K005PK,0.0,3.5345821380615234,3.5345821380615234
chronos_2_erratic_features_plus_external,erratic,2025-12-01,7172161P005PK,3.0,3.3207144737243652,0.32071447372436523
chronos_2_erratic_features_plus_external,erratic,2025-12-01,7172177MJ05PK,1.0,0.9323718547821045,0.06762814521789551
chronos_2_erratic_features_plus_external,erratic,2025-12-01,7172179P005PK,2.0,2.605968952178955,0.6059689521789551
chronos_2_erratic_features_plus_external,erratic,2025-12-01,7172186R105PK,2.0,2.859168529510498,0.859168529510498
chronos_2_erratic_features_plus_external,erratic,2025-12-01,71721M56R005PK,5.0,1.9769914150238037,3.0230085849761963
chronos_2_erratic_features_plus_external,erratic,2025-12-01,71721M60MA05PK,3.0,1.7185064554214478,1.2814935445785522
chronos_2_erratic_features_plus_external,erratic,2025-12-01,71721M74T005PK,12.0,8.98080825805664,3.0191917419433594
chronos_2_erratic_features_plus_external,erratic,2025-12-01,71721M75L005PK,0.0,1.324731469154358,1.324731469154358
chronos_2_erratic_features_plus_external,erratic,2025-12-01,71721M75T005PK,6.0,2.7575502395629883,3.2424497604370117
chronos_2_erratic_features_plus_external,erratic,2025-12-01,71721M78R005PK,2.0,7.492408275604248,5.492408275604248
chronos_2_erratic_features_plus_external,erratic,2025-12-01,71721M84P005PK,0.0,1.5306305885314941,1.5306305885314941
chronos_2_erratic_features_plus_external,erratic,2025-12-01,7173154GA0000,0.0,0.8700318336486816,0.8700318336486816
chronos_2_erratic_features_plus_external,erratic,2025-12-01,7173163J20000,0.0,2.0638535022735596,2.0638535022735596
chronos_2_erratic_features_plus_external,erratic,2025-12-01,7173171L00000,2.0,6.414159297943115,4.414159297943115
chronos_2_erratic_features_plus_external,erratic,2025-12-01,71731M53M00000,1.0,0.6525793075561523,0.34742069244384766
chronos_2_erratic_features_plus_external,erratic,2025-12-01,71731M53MB0000,4.0,2.834038496017456,1.165961503982544
chronos_2_erratic_features_plus_external,erratic,2025-12-01,71731M66L005PK,2.0,0.9923086762428284,1.0076913237571716
chronos_2_erratic_features_plus_external,erratic,2025-12-01,71731M67P00000,2.0,3.485727548599243,1.4857275485992432
chronos_2_erratic_features_plus_external,erratic,2025-12-01,71731M68K00000,4.0,7.1478095054626465,3.1478095054626465
chronos_2_erratic_features_plus_external,erratic,2025-12-01,7173262R00000,4.0,1.6366087198257446,2.3633912801742554
chronos_2_erratic_features_plus_external,erratic,2025-12-01,7173263J20000,0.0,1.6614711284637451,1.6614711284637451
chronos_2_erratic_features_plus_external,erratic,2025-12-01,7173271L00000,3.0,6.2098541259765625,3.2098541259765625
chronos_2_erratic_features_plus_external,erratic,2025-12-01,71732M53M00000,1.0,2.539038896560669,1.539038896560669
chronos_2_erratic_features_plus_external,erratic,2025-12-01,71732M66L005PK,2.0,1.2318795919418335,0.7681204080581665
chronos_2_erratic_features_plus_external,erratic,2025-12-01,71732M67P00000,5.0,2.1480908393859863,2.8519091606140137
chronos_2_erratic_features_plus_external,erratic,2025-12-01,71732M68K00000,5.0,8.131681442260742,3.131681442260742
chronos_2_erratic_features_plus_external,erratic,2025-12-01,71732M74T00000,6.0,6.2474470138549805,0.24744701385498047
chronos_2_erratic_features_plus_external,erratic,2025-12-01,71733M55T00000,10.0,13.103300094604492,3.103300094604492
chronos_2_erratic_features_plus_external,erratic,2025-12-01,71733M74L00000,2.0,0.9652374982833862,1.0347625017166138
chronos_2_erratic_features_plus_external,erratic,2025-12-01,71734M55T00000,11.0,10.882871627807617,0.11712837219238281
chronos_2_erratic_features_plus_external,erratic,2025-12-01,71734M68L00000,1.0,0.9826212525367737,0.01737874746322632
chronos_2_erratic_features_plus_external,erratic,2025-12-01,71734M74T00000,2.0,1.0603450536727905,0.9396549463272095
chronos_2_erratic_features_plus_external,erratic,2025-12-01,7174054L10D2W,3.0,2.4278616905212402,0.5721383094787598
chronos_2_erratic_features_plus_external,erratic,2025-12-01,7174073R10CUG,1.0,0.8728595972061157,0.12714040279388428
chronos_2_erratic_features_plus_external,erratic,2025-12-01,7174079P00C48,0.0,1.550325870513916,1.550325870513916
chronos_2_erratic_features_plus_external,erratic,2025-12-01,7174079S00C48,9.0,7.491768836975098,1.5082311630249023
chronos_2_erratic_features_plus_external,erratic,2025-12-01,71740M55T10C48,31.0,21.1033878326416,9.896612167358398
chronos_2_erratic_features_plus_external,erratic,2025-12-01,71740M56R00C48,7.0,0.8186964988708496,6.18130350112915
chronos_2_erratic_features_plus_external,erratic,2025-12-01,71740M68T00C48,29.0,34.89472961425781,5.8947296142578125
chronos_2_erratic_features_plus_external,erratic,2025-12-01,71740M76MA0C48,10.0,9.336207389831543,0.663792610168457
chronos_2_erratic_features_plus_external,erratic,2025-12-01,71740M76T10KDJ,7.0,3.353973388671875,3.646026611328125
chronos_2_erratic_features_plus_external,erratic,2025-12-01,71740M81R00C48,2.0,3.763658046722412,1.763658046722412
chronos_2_erratic_features_plus_external,erratic,2025-12-01,7174160P005PK,3.0,0.25291359424591064,2.7470864057540894
chronos_2_erratic_features_plus_external,erratic,2025-12-01,71741M53M005PK,3.0,0.2890966832637787,2.7109033167362213
chronos_2_erratic_features_plus_external,erratic,2025-12-01,71741M53MA05PK,3.0,2.0150699615478516,0.9849300384521484
chronos_2_erratic_features_plus_external,erratic,2025-12-01,71741M74L005PK,0.0,1.5621660947799683,1.5621660947799683
chronos_2_erratic_features_plus_external,erratic,2025-12-01,71741M75L005PK,1.0,0.0,1.0
chronos_2_erratic_features_plus_external,erratic,2025-12-01,71741M75T00W9K,6.0,5.546877861022949,0.4531221389770508
chronos_2_erratic_features_plus_external,erratic,2025-12-01,71741M76M105PK,0.0,2.2526066303253174,2.2526066303253174
chronos_2_erratic_features_plus_external,erratic,2025-12-01,71741M83P005PK,5.0,6.643795967102051,1.6437959671020508
chronos_2_erratic_features_plus_external,erratic,2025-12-01,71743M76M100PG,1.0,0.7726824283599854,0.22731757164001465
chronos_2_erratic_features_plus_external,erratic,2025-12-01,71744M76M100PG,1.0,1.1105289459228516,0.11052894592285156
chronos_2_erratic_features_plus_external,erratic,2025-12-01,71745M75T10000,2.0,0.2099268138408661,1.790073186159134
chronos_2_erratic_features_plus_external,erratic,2025-12-01,7175172S205PK,2.0,1.4536179304122925,0.5463820695877075
chronos_2_erratic_features_plus_external,erratic,2025-12-01,7175186R000PG,3.0,3.6639037132263184,0.6639037132263184
chronos_2_erratic_features_plus_external,erratic,2025-12-01,71751M67P105PK,3.0,2.8996336460113525,0.10036635398864746
chronos_2_erratic_features_plus_external,erratic,2025-12-01,71751M83P105PK,3.0,2.157451629638672,0.8425483703613281
chronos_2_erratic_features_plus_external,erratic,2025-12-01,71752M54T100PG,6.0,4.069185733795166,1.930814266204834
chronos_2_erratic_features_plus_external,erratic,2025-12-01,71752M83P00PWJ,1.0,2.162065029144287,1.162065029144287
chronos_2_erratic_features_plus_external,erratic,2025-12-01,7176179P105PK,1.0,0.0321502685546875,0.9678497314453125
chronos_2_erratic_features_plus_external,erratic,2025-12-01,71761M52R105PK,1.0,8.613499641418457,7.613499641418457
chronos_2_erratic_features_plus_external,erratic,2025-12-01,71761M67P105PK,4.0,2.5594801902770996,1.4405198097229004
chronos_2_erratic_features_plus_external,erratic,2025-12-01,71761M68K105PK,0.0,1.4370934963226318,1.4370934963226318
chronos_2_erratic_features_plus_external,erratic,2025-12-01,71761M74T20ZAM,5.0,3.4756221771240234,1.5243778228759766
chronos_2_erratic_features_plus_external,erratic,2025-12-01,71761M76MB0Z2S,3.0,0.7884206771850586,2.2115793228149414
chronos_2_erratic_features_plus_external,erratic,2025-12-01,71761M76MB0ZHJ,2.0,0.817145586013794,1.182854413986206
chronos_2_erratic_features_plus_external,erratic,2025-12-01,71762M54T100PG,4.0,4.63609504699707,0.6360950469970703
chronos_2_erratic_features_plus_external,erratic,2025-12-01,7177164R005PK,2.0,1.2321207523345947,0.7678792476654053
chronos_2_erratic_features_plus_external,erratic,2025-12-01,7177171L00000,0.0,0.36943748593330383,0.36943748593330383
chronos_2_erratic_features_plus_external,erratic,2025-12-01,7177186R000PG,4.0,1.8399641513824463,2.1600358486175537
chronos_2_erratic_features_plus_external,erratic,2025-12-01,71771M55T00000,16.0,13.48585319519043,2.5141468048095703
chronos_2_erratic_features_plus_external,erratic,2025-12-01,71771M56R100PG,11.0,1.3945741653442383,9.605425834655762
chronos_2_erratic_features_plus_external,erratic,2025-12-01,71771M76T00PER,8.0,3.3950886726379395,4.6049113273620605
chronos_2_erratic_features_plus_external,erratic,2025-12-01,71772M55T00000,0.0,5.623966217041016,5.623966217041016
chronos_2_erratic_features_plus_external,erratic,2025-12-01,71782M56R100PG,1.0,2.108018398284912,1.108018398284912
chronos_2_erratic_features_plus_external,erratic,2025-12-01,71782M66L00000,4.0,2.1055917739868164,1.8944082260131836
chronos_2_erratic_features_plus_external,erratic,2025-12-01,71782M75T00000,1.0,0.1329047679901123,0.8670952320098877
chronos_2_erratic_features_plus_external,erratic,2025-12-01,7181179P00799,3.0,2.960707664489746,0.039292335510253906
chronos_2_erratic_features_plus_external,erratic,2025-12-01,71811M53M00799,4.0,1.7513728141784668,2.248627185821533
chronos_2_erratic_features_plus_external,erratic,2025-12-01,71811M56R00799,1.0,7.356076240539551,6.356076240539551
chronos_2_erratic_features_plus_external,erratic,2025-12-01,71811M56R10799,1.0,1.8608028888702393,0.8608028888702393
chronos_2_erratic_features_plus_external,erratic,2025-12-01,71811M66L005PK,0.0,0.6484881043434143,0.6484881043434143
chronos_2_erratic_features_plus_external,erratic,2025-12-01,71811M67P01799,0.0,1.6257063150405884,1.6257063150405884
chronos_2_erratic_features_plus_external,erratic,2025-12-01,71811M68K00799,4.0,0.7890195846557617,3.2109804153442383
chronos_2_erratic_features_plus_external,erratic,2025-12-01,71811M68P00799,2.0,1.2792818546295166,0.7207181453704834
chronos_2_erratic_features_plus_external,erratic,2025-12-01,71811M74T00799,5.0,4.097541809082031,0.9024581909179688
chronos_2_erratic_features_plus_external,erratic,2025-12-01,71811M75L00799,0.0,1.0205821990966797,1.0205821990966797
chronos_2_erratic_features_plus_external,erratic,2025-12-01,71811M75T00799,4.0,3.2189111709594727,0.7810888290405273
chronos_2_erratic_features_plus_external,erratic,2025-12-01,71811M76M00799,7.0,1.873340368270874,5.126659631729126
chronos_2_erratic_features_plus_external,erratic,2025-12-01,71811M80T105PK,7.0,4.581266403198242,2.418733596801758
chronos_2_erratic_features_plus_external,erratic,2025-12-01,7181365L00000,2.0,3.313815116882324,1.3138151168823242
chronos_2_erratic_features_plus_external,erratic,2025-12-01,7182173K10000,2.0,2.9392521381378174,0.9392521381378174
chronos_2_erratic_features_plus_external,erratic,2025-12-01,7182179P00000,2.0,2.586108446121216,0.5861084461212158
chronos_2_erratic_features_plus_external,erratic,2025-12-01,71821M68K00000,1.0,2.8134236335754395,1.8134236335754395
chronos_2_erratic_features_plus_external,erratic,2025-12-01,71821M75T00000,3.0,2.364175319671631,0.6358246803283691
chronos_2_erratic_features_plus_external,erratic,2025-12-01,71821M79M00000,5.0,0.6003262996673584,4.399673700332642
chronos_2_erratic_features_plus_external,erratic,2025-12-01,7182273K10000,2.0,1.8166353702545166,0.1833646297454834
chronos_2_erratic_features_plus_external,erratic,2025-12-01,7182279P00000,2.0,3.3116869926452637,1.3116869926452637
chronos_2_erratic_features_plus_external,erratic,2025-12-01,7182280J00000,1.0,1.13075590133667,0.13075590133666992
chronos_2_erratic_features_plus_external,erratic,2025-12-01,71822M55T00000,13.0,13.156356811523438,0.1563568115234375
chronos_2_erratic_features_plus_external,erratic,2025-12-01,71822M68K00000,0.0,0.7926162481307983,0.7926162481307983
chronos_2_erratic_features_plus_external,erratic,2025-12-01,71822M75T00000,3.0,1.609580159187317,1.390419840812683
chronos_2_erratic_features_plus_external,erratic,2025-12-01,71822M79M00000,5.0,0.7029693126678467,4.297030687332153
chronos_2_erratic_features_plus_external,erratic,2025-12-01,71823M68L00000,2.0,4.350836753845215,2.350836753845215
chronos_2_erratic_features_plus_external,erratic,2025-12-01,7187186R000BK,6.0,4.105158805847168,1.894841194152832
chronos_2_erratic_features_plus_external,erratic,2025-12-01,72310M68K00000,4.0,2.05037260055542,1.94962739944458
chronos_2_erratic_features_plus_external,erratic,2025-12-01,72312M55R00000,7.0,7.716190814971924,0.7161908149719238
chronos_2_erratic_features_plus_external,erratic,2025-12-01,72312M68K00000,4.0,11.166242599487305,7.166242599487305
chronos_2_erratic_features_plus_external,erratic,2025-12-01,7232154P00000,1.0,2.844752073287964,1.8447520732879639
chronos_2_erratic_features_plus_external,erratic,2025-12-01,7232171L00000,0.0,1.5563565492630005,1.5563565492630005
chronos_2_erratic_features_plus_external,erratic,2025-12-01,72321M53M00000,4.0,2.802119731903076,1.1978802680969238
chronos_2_erratic_features_plus_external,erratic,2025-12-01,72321M68K00000,6.0,1.7281787395477295,4.2718212604522705
chronos_2_erratic_features_plus_external,erratic,2025-12-01,72321M74L00000,11.0,13.186299324035645,2.1862993240356445
chronos_2_erratic_features_plus_external,erratic,2025-12-01,72321M76M01000,1.0,0.7833409309387207,0.2166590690612793
chronos_2_erratic_features_plus_external,erratic,2025-12-01,7232271L00000,3.0,1.6383905410766602,1.3616094589233398
chronos_2_erratic_features_plus_external,erratic,2025-12-01,72322M53M00000,0.0,2.35018253326416,2.35018253326416
chronos_2_erratic_features_plus_external,erratic,2025-12-01,72322M68K00000,6.0,1.9692459106445312,4.030754089355469
chronos_2_erratic_features_plus_external,erratic,2025-12-01,72322M74L00000,11.0,10.44462776184082,0.5553722381591797
chronos_2_erratic_features_plus_external,erratic,2025-12-01,72322M76M01000,2.0,1.5327874422073364,0.4672125577926636
chronos_2_erratic_features_plus_external,erratic,2025-12-01,72371M74L105PK,0.0,1.6737054586410522,1.6737054586410522
chronos_2_erratic_features_plus_external,erratic,2025-12-01,72380M62S01000,1.0,2.6069393157958984,1.6069393157958984
chronos_2_erratic_features_plus_external,erratic,2025-12-01,72398M68K00000,0.0,0.4505842924118042,0.4505842924118042
chronos_2_erratic_features_plus_external,erratic,2025-12-01,72411M74L10000,0.0,1.1429338455200195,1.1429338455200195
chronos_2_erratic_features_plus_external,erratic,2025-12-01,72420M80T00000,2.0,1.3495832681655884,0.6504167318344116
chronos_2_erratic_features_plus_external,erratic,2025-12-01,7242252R00000,1.0,0.9121798276901245,0.08782017230987549
chronos_2_erratic_features_plus_external,erratic,2025-12-01,72431M68L00000,3.0,0.3930699825286865,2.6069300174713135
chronos_2_erratic_features_plus_external,erratic,2025-12-01,72433M56R00000,2.0,1.1882694959640503,0.8117305040359497
chronos_2_erratic_features_plus_external,erratic,2025-12-01,72437M68L00000,0.0,1.0748919248580933,1.0748919248580933
chronos_2_erratic_features_plus_external,erratic,2025-12-01,7248265J00000,3.0,2.2917683124542236,0.7082316875457764
chronos_2_erratic_features_plus_external,erratic,2025-12-01,7282165J00Z2S,5.0,2.185649871826172,2.814350128173828
chronos_2_erratic_features_plus_external,erratic,2025-12-01,73110M68P50ZCA,2.0,0.9868664145469666,1.0131335854530334
chronos_2_erratic_features_plus_external,erratic,2025-12-01,7343061J00P4Z,2.0,1.5923302173614502,0.4076697826385498
chronos_2_erratic_features_plus_external,erratic,2025-12-01,73430M75J00P4Z,1.0,0.8826709985733032,0.11732900142669678
chronos_2_erratic_features_plus_external,erratic,2025-12-01,73821M62S205PK,1.0,2.863767385482788,1.863767385482788
chronos_2_erratic_features_plus_external,erratic,2025-12-01,73821M67P305PK,2.0,0.21334391832351685,1.7866560816764832
chronos_2_erratic_features_plus_external,erratic,2025-12-01,73831M68P005PK,1.0,2.1339058876037598,1.1339058876037598
chronos_2_erratic_features_plus_external,erratic,2025-12-01,74120M66L10000,0.0,1.8102763891220093,1.8102763891220093
chronos_2_erratic_features_plus_external,erratic,2025-12-01,74461M79M005PK,3.0,4.328952789306641,1.3289527893066406
chronos_2_erratic_features_plus_external,erratic,2025-12-01,7619171L005PK,1.0,0.7586082220077515,0.24139177799224854
chronos_2_erratic_features_plus_external,erratic,2025-12-01,7619254P005PK,6.0,0.24883508682250977,5.75116491317749
chronos_2_erratic_features_plus_external,erratic,2025-12-01,76520M68P10000,1.0,1.16599440574646,0.16599440574645996
chronos_2_erratic_features_plus_external,erratic,2025-12-01,76520M74K01000,2.0,2.629525899887085,0.629525899887085
chronos_2_erratic_features_plus_external,erratic,2025-12-01,77161M68P00000,0.0,0.8531638383865356,0.8531638383865356
chronos_2_erratic_features_plus_external,erratic,2025-12-01,77210M74T005PK,9.0,4.508275508880615,4.491724491119385
chronos_2_erratic_features_plus_external,erratic,2025-12-01,7726054P005PK,2.0,4.333331108093262,2.3333311080932617
chronos_2_erratic_features_plus_external,erratic,2025-12-01,7733061M01000,5.0,3.7909648418426514,1.2090351581573486
chronos_2_erratic_features_plus_external,erratic,2025-12-01,77330M81R00000,6.0,16.03351593017578,10.033515930175781
chronos_2_erratic_features_plus_external,erratic,2025-12-01,7781158J000PG,4.0,0.641185998916626,3.358814001083374
chronos_2_erratic_features_plus_external,erratic,2025-12-01,77811M58J000PG,7.0,2.602111339569092,4.397888660430908
chronos_2_erratic_features_plus_external,erratic,2025-12-01,77811M63T000PG,4.0,2.0235729217529297,1.9764270782470703
chronos_2_erratic_features_plus_external,erratic,2025-12-01,7783154GB00PG,0.0,2.3546299934387207,2.3546299934387207
chronos_2_erratic_features_plus_external,erratic,2025-12-01,77831M68L000PG,3.0,2.277803659439087,0.7221963405609131
chronos_2_erratic_features_plus_external,erratic,2025-12-01,77851M54G000PG,1.0,0.6463261842727661,0.3536738157272339
chronos_2_erratic_features_plus_external,erratic,2025-12-01,8185061J01000,0.0,3.502281665802002,3.502281665802002
chronos_2_erratic_features_plus_external,erratic,2025-12-01,81850M68K00000,3.0,2.0182125568389893,0.9817874431610107
chronos_2_erratic_features_plus_external,erratic,2025-12-01,81850M68P10000,3.0,1.8170019388198853,1.1829980611801147
chronos_2_erratic_features_plus_external,erratic,2025-12-01,8186061J01000,0.0,2.5758118629455566,2.5758118629455566
chronos_2_erratic_features_plus_external,erratic,2025-12-01,81860M68K00000,2.0,2.0182125568389893,0.018212556838989258
chronos_2_erratic_features_plus_external,erratic,2025-12-01,81860M79G20000,0.0,0.589026927947998,0.589026927947998
chronos_2_erratic_features_plus_external,erratic,2025-12-01,8212177K00000,0.0,0.13223028182983398,0.13223028182983398
chronos_2_erratic_features_plus_external,erratic,2025-12-01,82801M66L015PK,6.0,0.8862869739532471,5.113713026046753
chronos_2_erratic_features_plus_external,erratic,2025-12-01,82801M68K005PK,1.0,1.8633309602737427,0.8633309602737427
chronos_2_erratic_features_plus_external,erratic,2025-12-01,82802M66L015PK,22.0,6.716736793518066,15.283263206481934
chronos_2_erratic_features_plus_external,erratic,2025-12-01,82802M68K5026U,8.0,8.787727355957031,0.7877273559570312
chronos_2_erratic_features_plus_external,erratic,2025-12-01,82802M81A605PK,5.0,0.9935437440872192,4.006456255912781
chronos_2_erratic_features_plus_external,erratic,2025-12-01,82850M76M005PK,12.0,4.755764007568359,7.244235992431641
chronos_2_erratic_features_plus_external,erratic,2025-12-01,8392152R010CE,2.0,0.47115981578826904,1.528840184211731
chronos_2_erratic_features_plus_external,erratic,2025-12-01,83921M68P000CB,0.0,2.4023141860961914,2.4023141860961914
chronos_2_erratic_features_plus_external,erratic,2025-12-01,83922M55T000CB,4.0,3.5804476737976074,0.4195523262023926
chronos_2_erratic_features_plus_external,erratic,2025-12-01,8392352R020CE,2.0,1.082936406135559,0.9170635938644409
chronos_2_erratic_features_plus_external,erratic,2025-12-01,83923M68P000CB,0.0,2.133334159851074,2.133334159851074
chronos_2_erratic_features_plus_external,erratic,2025-12-01,83924M55T000CB,4.0,3.94747257232666,0.052527427673339844
chronos_2_erratic_features_plus_external,erratic,2025-12-01,83924M62S000CB,6.0,1.9143309593200684,4.085669040679932
chronos_2_erratic_features_plus_external,erratic,2025-12-01,83924M68P100CB,2.0,2.982933759689331,0.982933759689331
chronos_2_erratic_features_plus_external,erratic,2025-12-01,83926M68P000CB,0.0,1.063295602798462,1.063295602798462
chronos_2_erratic_features_plus_external,erratic,2025-12-01,8393061J005PK,5.0,2.870345115661621,2.129654884338379
chronos_2_erratic_features_plus_external,erratic,2025-12-01,83932M68P000CB,0.0,1.1534653902053833,1.1534653902053833
chronos_2_erratic_features_plus_external,erratic,2025-12-01,83940M68P100PG,1.0,0.995796799659729,0.004203200340270996
chronos_2_erratic_features_plus_external,erratic,2025-12-01,83940M74L10000,0.0,0.7583419680595398,0.7583419680595398
chronos_2_erratic_features_plus_external,erratic,2025-12-01,83970M68P00000,3.0,1.8522168397903442,1.1477831602096558
chronos_2_erratic_features_plus_external,erratic,2025-12-01,84051M55T01000,10.0,5.582852363586426,4.417147636413574
chronos_2_erratic_features_plus_external,erratic,2025-12-01,84051M55T11000,3.0,3.0211904048919678,0.021190404891967773
chronos_2_erratic_features_plus_external,erratic,2025-12-01,8450152R02000,0.0,0.8984229564666748,0.8984229564666748
chronos_2_erratic_features_plus_external,erratic,2025-12-01,84501M55T00000,1.0,1.4294397830963135,0.4294397830963135
chronos_2_erratic_features_plus_external,erratic,2025-12-01,84501M68P00000,1.0,2.249424695968628,1.249424695968628
chronos_2_erratic_features_plus_external,erratic,2025-12-01,84502M68P00000,3.0,1.8961589336395264,1.1038410663604736
chronos_2_erratic_features_plus_external,erratic,2025-12-01,84510M74L01000,2.0,1.598069429397583,0.401930570602417
chronos_2_erratic_features_plus_external,erratic,2025-12-01,84511M75T10000,4.0,2.4498651027679443,1.5501348972320557
chronos_2_erratic_features_plus_external,erratic,2025-12-01,84511M76M10000,1.0,0.4862712621688843,0.5137287378311157
chronos_2_erratic_features_plus_external,erratic,2025-12-01,8470171LVAZMT,0.0,2.0441980361938477,2.0441980361938477
chronos_2_erratic_features_plus_external,erratic,2025-12-01,84701M53M205PK,0.0,2.046910047531128,2.046910047531128
chronos_2_erratic_features_plus_external,erratic,2025-12-01,84701M55TB0ZHJ,7.0,4.127383708953857,2.8726162910461426
chronos_2_erratic_features_plus_external,erratic,2025-12-01,84701M68P31ZHJ,0.0,1.8803045749664307,1.8803045749664307
chronos_2_erratic_features_plus_external,erratic,2025-12-01,84701M68P515PK,3.0,2.2057406902313232,0.7942593097686768
chronos_2_erratic_features_plus_external,erratic,2025-12-01,84701M74LC15PK,1.0,1.9184181690216064,0.9184181690216064
chronos_2_erratic_features_plus_external,erratic,2025-12-01,8470261J025PK,0.0,2.8371036052703857,2.8371036052703857
chronos_2_erratic_features_plus_external,erratic,2025-12-01,84702M53M205PK,6.0,2.382338523864746,3.617661476135254
chronos_2_erratic_features_plus_external,erratic,2025-12-01,84702M55TB0ZHJ,3.0,3.317647695541382,0.31764769554138184
chronos_2_erratic_features_plus_external,erratic,2025-12-01,84702M56R92ZHJ,1.0,2.16256046295166,1.1625604629516602
chronos_2_erratic_features_plus_external,erratic,2025-12-01,84702M62S20Z4Q,6.0,1.397294521331787,4.602705478668213
chronos_2_erratic_features_plus_external,erratic,2025-12-01,84702M68P31ZHJ,1.0,0.9377423524856567,0.06225764751434326
chronos_2_erratic_features_plus_external,erratic,2025-12-01,84702M68P515PK,3.0,2.075073003768921,0.9249269962310791
chronos_2_erratic_features_plus_external,erratic,2025-12-01,84702M74LC15PK,0.0,0.8808811902999878,0.8808811902999878
chronos_2_erratic_features_plus_external,erratic,2025-12-01,84702M79G30000,0.0,0.28054559230804443,0.28054559230804443
chronos_2_erratic_features_plus_external,erratic,2025-12-01,84703M79M02000,11.0,4.598234176635742,6.401765823364258
chronos_2_erratic_features_plus_external,erratic,2025-12-01,8471852R20ZVR,0.0,1.590357780456543,1.590357780456543
chronos_2_erratic_features_plus_external,erratic,2025-12-01,8472852R20ZVR,0.0,0.8509714007377625,0.8509714007377625
chronos_2_erratic_features_plus_external,erratic,2025-12-01,8472865J00Z2S,1.0,1.030646800994873,0.030646800994873047
chronos_2_erratic_features_plus_external,erratic,2025-12-01,8472880J00Z2S,1.0,1.315014362335205,0.3150143623352051
chronos_2_erratic_features_plus_external,erratic,2025-12-01,84730M67P10000,2.0,2.1985645294189453,0.1985645294189453
chronos_2_erratic_features_plus_external,erratic,2025-12-01,84730M74LC0000,2.0,1.6456098556518555,0.35439014434814453
chronos_2_erratic_features_plus_external,erratic,2025-12-01,84730M79M00000,1.0,5.296299457550049,4.296299457550049
chronos_2_erratic_features_plus_external,erratic,2025-12-01,8474061M00000,1.0,1.905443787574768,0.9054437875747681
chronos_2_erratic_features_plus_external,erratic,2025-12-01,8474065J00000,4.0,1.6530503034591675,2.3469496965408325
chronos_2_erratic_features_plus_external,erratic,2025-12-01,84740M67P10000,0.0,0.6768127679824829,0.6768127679824829
chronos_2_erratic_features_plus_external,erratic,2025-12-01,84740M74LC0000,1.0,2.126232862472534,1.1262328624725342
chronos_2_erratic_features_plus_external,erratic,2025-12-01,84740M74LE0000,0.0,0.06634104251861572,0.06634104251861572
chronos_2_erratic_features_plus_external,erratic,2025-12-01,84740M76M00000,0.0,2.685476303100586,2.685476303100586
chronos_2_erratic_features_plus_external,erratic,2025-12-01,84740M79M00000,0.0,3.675913095474243,3.675913095474243
chronos_2_erratic_features_plus_external,erratic,2025-12-01,84920M68PB1BHE,3.0,1.52472722530365,1.47527277469635
chronos_2_erratic_features_plus_external,erratic,2025-12-01,84940M68PC1BHE,2.0,1.5603041648864746,0.4396958351135254
chronos_2_erratic_features_plus_external,erratic,2025-12-01,95130M68K00000,0.0,0.0,0.0
chronos_2_erratic_features_plus_external,erratic,2025-12-01,95310M53T00000,6.0,7.980940341949463,1.980940341949463
chronos_2_erratic_features_plus_external,erratic,2025-12-01,95310M55T00000,6.0,5.1777215003967285,0.8222784996032715
chronos_2_erratic_features_plus_external,erratic,2025-12-01,95310M76M00000,2.0,1.4903771877288818,0.5096228122711182
chronos_2_erratic_features_plus_external,erratic,2026-01-01,0911912012000,57.0,43.24755096435547,13.752449035644531
chronos_2_erratic_features_plus_external,erratic,2026-01-01,09140M12040000,23.0,17.135738372802734,5.864261627197266
chronos_2_erratic_features_plus_external,erratic,2026-01-01,0915912057000,0.0,7.902806282043457,7.902806282043457
chronos_2_erratic_features_plus_external,erratic,2026-01-01,09209M09L02000,4.0,11.698274612426758,7.698274612426758
chronos_2_erratic_features_plus_external,erratic,2026-01-01,0924616021000,2.0,5.291672706604004,3.291672706604004
chronos_2_erratic_features_plus_external,erratic,2026-01-01,0928335052000,4.0,1.515679121017456,2.484320878982544
chronos_2_erratic_features_plus_external,erratic,2026-01-01,0928348007000,0.0,1.797168493270874,1.797168493270874
chronos_2_erratic_features_plus_external,erratic,2026-01-01,0940907340000,27.0,46.31131362915039,19.31131362915039
chronos_2_erratic_features_plus_external,erratic,2026-01-01,09409M07355000,120.0,39.24921417236328,80.75078582763672
chronos_2_erratic_features_plus_external,erratic,2026-01-01,09409M08006000,327.0,130.0724334716797,196.9275665283203
chronos_2_erratic_features_plus_external,erratic,2026-01-01,09409M10L04000,11.0,4.763591766357422,6.236408233642578
chronos_2_erratic_features_plus_external,erratic,2026-01-01,11610M53M00000,6.0,6.396901607513428,0.39690160751342773
chronos_2_erratic_features_plus_external,erratic,2026-01-01,11610M68K03000,4.0,2.4753963947296143,1.5246036052703857
chronos_2_erratic_features_plus_external,erratic,2026-01-01,11620M53M00000,2.0,3.183091640472412,1.183091640472412
chronos_2_erratic_features_plus_external,erratic,2026-01-01,11710M53M00000,8.0,4.489410400390625,3.510589599609375
chronos_2_erratic_features_plus_external,erratic,2026-01-01,17100M62S00000,0.0,2.0143988132476807,2.0143988132476807
chronos_2_erratic_features_plus_external,erratic,2026-01-01,17213M76M00000,2.0,1.0529676675796509,0.9470323324203491
chronos_2_erratic_features_plus_external,erratic,2026-01-01,17214M76M10000,1.0,0.6629344820976257,0.33706551790237427
chronos_2_erratic_features_plus_external,erratic,2026-01-01,17700M53M20000,2.0,1.5741010904312134,0.4258989095687866
chronos_2_erratic_features_plus_external,erratic,2026-01-01,17700M76M10000,1.0,1.6787457466125488,0.6787457466125488
chronos_2_erratic_features_plus_external,erratic,2026-01-01,17700M83P00000,3.0,2.3247601985931396,0.6752398014068604
chronos_2_erratic_features_plus_external,erratic,2026-01-01,3512065J32000,2.0,1.9273884296417236,0.07261157035827637
chronos_2_erratic_features_plus_external,erratic,2026-01-01,3512071L20000,0.0,0.14890742301940918,0.14890742301940918
chronos_2_erratic_features_plus_external,erratic,2026-01-01,35120M68K20000,1.0,2.514808416366577,1.5148084163665771
chronos_2_erratic_features_plus_external,erratic,2026-01-01,35121M53MB0000,4.0,4.865942478179932,0.8659424781799316
chronos_2_erratic_features_plus_external,erratic,2026-01-01,35121M60M10000,0.0,0.24625954031944275,0.24625954031944275
chronos_2_erratic_features_plus_external,erratic,2026-01-01,35121M62S30000,7.0,7.382287502288818,0.38228750228881836
chronos_2_erratic_features_plus_external,erratic,2026-01-01,35121M67P10000,0.0,0.37097012996673584,0.37097012996673584
chronos_2_erratic_features_plus_external,erratic,2026-01-01,35121M74L01000,4.0,6.829182147979736,2.8291821479797363
chronos_2_erratic_features_plus_external,erratic,2026-01-01,35121M76M50000,1.0,3.7690446376800537,2.7690446376800537
chronos_2_erratic_features_plus_external,erratic,2026-01-01,35153M59K10000,0.0,0.31515729427337646,0.31515729427337646
chronos_2_erratic_features_plus_external,erratic,2026-01-01,35300M74TB1000,6.0,9.086406707763672,3.086406707763672
chronos_2_erratic_features_plus_external,erratic,2026-01-01,3532064J31000,0.0,3.4142847061157227,3.4142847061157227
chronos_2_erratic_features_plus_external,erratic,2026-01-01,3532065J32000,1.0,3.202610969543457,2.202610969543457
chronos_2_erratic_features_plus_external,erratic,2026-01-01,3532071L20000,1.0,1.509800672531128,0.5098006725311279
chronos_2_erratic_features_plus_external,erratic,2026-01-01,3532079P30000,0.0,1.8789793252944946,1.8789793252944946
chronos_2_erratic_features_plus_external,erratic,2026-01-01,35321M53MB0000,4.0,5.915956020355225,1.9159560203552246
chronos_2_erratic_features_plus_external,erratic,2026-01-01,35321M55T53000,11.0,9.300982475280762,1.6990175247192383
chronos_2_erratic_features_plus_external,erratic,2026-01-01,35321M67P10000,1.0,1.6712183952331543,0.6712183952331543
chronos_2_erratic_features_plus_external,erratic,2026-01-01,35321M68K21000,3.0,1.6468664407730103,1.3531335592269897
chronos_2_erratic_features_plus_external,erratic,2026-01-01,35321M74L01000,3.0,4.517881393432617,1.5178813934326172
chronos_2_erratic_features_plus_external,erratic,2026-01-01,35321M76M50000,4.0,4.279297828674316,0.2792978286743164
chronos_2_erratic_features_plus_external,erratic,2026-01-01,3550054P01000,0.0,1.780781626701355,1.780781626701355
chronos_2_erratic_features_plus_external,erratic,2026-01-01,35501M67P00000,0.0,0.7393463253974915,0.7393463253974915
chronos_2_erratic_features_plus_external,erratic,2026-01-01,3565064J21000,1.0,1.4075589179992676,0.4075589179992676
chronos_2_erratic_features_plus_external,erratic,2026-01-01,3565065J21000,2.0,1.7698534727096558,0.23014652729034424
chronos_2_erratic_features_plus_external,erratic,2026-01-01,3565077R00000,4.0,1.527726173400879,2.472273826599121
chronos_2_erratic_features_plus_external,erratic,2026-01-01,3565079P00000,0.0,1.0394026041030884,1.0394026041030884
chronos_2_erratic_features_plus_external,erratic,2026-01-01,35650M53M00000,7.0,3.703505039215088,3.296494960784912
chronos_2_erratic_features_plus_external,erratic,2026-01-01,35650M66L00000,0.0,0.5110121965408325,0.5110121965408325
chronos_2_erratic_features_plus_external,erratic,2026-01-01,35650M67P00000,0.0,8.03134822845459,8.03134822845459
chronos_2_erratic_features_plus_external,erratic,2026-01-01,35650M74L00000,6.0,3.8878400325775146,2.1121599674224854
chronos_2_erratic_features_plus_external,erratic,2026-01-01,35650M75T00000,4.0,8.236392974853516,4.236392974853516
chronos_2_erratic_features_plus_external,erratic,2026-01-01,35651M68K00000,1.0,0.9655159115791321,0.03448408842086792
chronos_2_erratic_features_plus_external,erratic,2026-01-01,35651M75L00000,4.0,2.045520782470703,1.9544792175292969
chronos_2_erratic_features_plus_external,erratic,2026-01-01,35651M76M00000,1.0,0.976757287979126,0.023242712020874023
chronos_2_erratic_features_plus_external,erratic,2026-01-01,3567060K00000,5.0,2.008268356323242,2.991731643676758
chronos_2_erratic_features_plus_external,erratic,2026-01-01,3567061M10000,2.0,2.2321348190307617,0.23213481903076172
chronos_2_erratic_features_plus_external,erratic,2026-01-01,3567064J20000,0.0,1.638851523399353,1.638851523399353
chronos_2_erratic_features_plus_external,erratic,2026-01-01,3567071L00000,3.0,0.0,3.0
chronos_2_erratic_features_plus_external,erratic,2026-01-01,3567079P00000,0.0,0.016480326652526855,0.016480326652526855
chronos_2_erratic_features_plus_external,erratic,2026-01-01,35670M74L00000,8.0,6.107151985168457,1.892848014831543
chronos_2_erratic_features_plus_external,erratic,2026-01-01,35671M68K00000,1.0,0.18919551372528076,0.8108044862747192
chronos_2_erratic_features_plus_external,erratic,2026-01-01,35671M75L00000,1.0,3.9297547340393066,2.9297547340393066
chronos_2_erratic_features_plus_external,erratic,2026-01-01,35750M53M00000,10.0,5.922380447387695,4.077619552612305
chronos_2_erratic_features_plus_external,erratic,2026-01-01,35750M66L00000,1.0,1.0119199752807617,0.011919975280761719
chronos_2_erratic_features_plus_external,erratic,2026-01-01,35750M67P00000,1.0,6.746458530426025,5.746458530426025
chronos_2_erratic_features_plus_external,erratic,2026-01-01,35750M75T00000,10.0,8.05435848236084,1.9456415176391602
chronos_2_erratic_features_plus_external,erratic,2026-01-01,3591075F12000,1.0,0.8458665609359741,0.15413343906402588
chronos_2_erratic_features_plus_external,erratic,2026-01-01,36250M74T15000,12.0,1.3357698917388916,10.664230108261108
chronos_2_erratic_features_plus_external,erratic,2026-01-01,3625479P01000,0.0,0.0634160041809082,0.0634160041809082
chronos_2_erratic_features_plus_external,erratic,2026-01-01,3625486R20000,1.0,2.4875576496124268,1.4875576496124268
chronos_2_erratic_features_plus_external,erratic,2026-01-01,36410M67K00000,2.0,5.752667427062988,3.7526674270629883
chronos_2_erratic_features_plus_external,erratic,2026-01-01,38450M68K00000,2.0,2.6514415740966797,0.6514415740966797
chronos_2_erratic_features_plus_external,erratic,2026-01-01,38450M74L10000,0.0,2.5888237953186035,2.5888237953186035
chronos_2_erratic_features_plus_external,erratic,2026-01-01,38450M76M00000,0.0,2.800401210784912,2.800401210784912
chronos_2_erratic_features_plus_external,erratic,2026-01-01,38453M75000000,0.0,4.562169551849365,4.562169551849365
chronos_2_erratic_features_plus_external,erratic,2026-01-01,3925164J00000,5.0,0.21292781829833984,4.78707218170166
chronos_2_erratic_features_plus_external,erratic,2026-01-01,3932152R00000,2.0,1.1256579160690308,0.8743420839309692
chronos_2_erratic_features_plus_external,erratic,2026-01-01,39321M62S10000,0.0,2.734616279602051,2.734616279602051
chronos_2_erratic_features_plus_external,erratic,2026-01-01,3932252R00000,2.0,1.1714407205581665,0.8285592794418335
chronos_2_erratic_features_plus_external,erratic,2026-01-01,41710M74L00000,3.0,0.6323738098144531,2.367626190185547
chronos_2_erratic_features_plus_external,erratic,2026-01-01,4243163J10000,16.0,6.0218400955200195,9.97815990447998
chronos_2_erratic_features_plus_external,erratic,2026-01-01,4321078R010BK,2.0,4.413480758666992,2.413480758666992
chronos_2_erratic_features_plus_external,erratic,2026-01-01,43210M55T5027N,2.0,5.821208953857422,3.821208953857422
chronos_2_erratic_features_plus_external,erratic,2026-01-01,43210M55T60QC8,13.0,8.16152286529541,4.83847713470459
chronos_2_erratic_features_plus_external,erratic,2026-01-01,43210M68P1009L,2.0,1.0765721797943115,0.9234278202056885
chronos_2_erratic_features_plus_external,erratic,2026-01-01,43210M68P60ZMQ,5.0,5.581487655639648,0.5814876556396484
chronos_2_erratic_features_plus_external,erratic,2026-01-01,43210M75T60QC8,2.0,2.942412853240967,0.9424128532409668
chronos_2_erratic_features_plus_external,erratic,2026-01-01,43210M79G5309L,4.0,3.0501413345336914,0.9498586654663086
chronos_2_erratic_features_plus_external,erratic,2026-01-01,43250M62S0027N,6.0,5.396153450012207,0.603846549987793
chronos_2_erratic_features_plus_external,erratic,2026-01-01,43250M67K0027N,5.0,9.910622596740723,4.910622596740723
chronos_2_erratic_features_plus_external,erratic,2026-01-01,43250M75T0027N,1.0,1.8698830604553223,0.8698830604553223
chronos_2_erratic_features_plus_external,erratic,2026-01-01,43250M81R1027N,3.0,0.028756320476531982,2.971243679523468
chronos_2_erratic_features_plus_external,erratic,2026-01-01,43250M83P0027N,1.0,3.4354286193847656,2.4354286193847656
chronos_2_erratic_features_plus_external,erratic,2026-01-01,4325283S000PG,0.0,4.990018367767334,4.990018367767334
chronos_2_erratic_features_plus_external,erratic,2026-01-01,43252M67L00AQY,2.0,4.112822532653809,2.1128225326538086
chronos_2_erratic_features_plus_external,erratic,2026-01-01,48150M68P10C48,2.0,0.8888604640960693,1.1111395359039307
chronos_2_erratic_features_plus_external,erratic,2026-01-01,5730065811000,1.0,2.319026231765747,1.319026231765747
chronos_2_erratic_features_plus_external,erratic,2026-01-01,57300M53M00000,1.0,1.1742029190063477,0.17420291900634766
chronos_2_erratic_features_plus_external,erratic,2026-01-01,57300M67P00000,1.0,1.8185830116271973,0.8185830116271973
chronos_2_erratic_features_plus_external,erratic,2026-01-01,57300M74L00000,8.0,7.47554874420166,0.5244512557983398
chronos_2_erratic_features_plus_external,erratic,2026-01-01,57300M76M00000,1.0,6.315295696258545,5.315295696258545
chronos_2_erratic_features_plus_external,erratic,2026-01-01,57410M62S00000,5.0,1.42847740650177,3.57152259349823
chronos_2_erratic_features_plus_external,erratic,2026-01-01,57410M74L00000,1.0,3.231985569000244,2.231985569000244
chronos_2_erratic_features_plus_external,erratic,2026-01-01,57410M76M00000,1.0,0.12000894546508789,0.8799910545349121
chronos_2_erratic_features_plus_external,erratic,2026-01-01,57410M79G00000,1.0,0.5592408776283264,0.4407591223716736
chronos_2_erratic_features_plus_external,erratic,2026-01-01,5742054P00000,1.0,1.2918850183486938,0.29188501834869385
chronos_2_erratic_features_plus_external,erratic,2026-01-01,57420M62S00000,5.0,1.3945536613464355,3.6054463386535645
chronos_2_erratic_features_plus_external,erratic,2026-01-01,57420M67P00000,0.0,0.539534330368042,0.539534330368042
chronos_2_erratic_features_plus_external,erratic,2026-01-01,57420M74L00000,1.0,3.853426456451416,2.853426456451416
chronos_2_erratic_features_plus_external,erratic,2026-01-01,57420M76M00000,0.0,0.12753236293792725,0.12753236293792725
chronos_2_erratic_features_plus_external,erratic,2026-01-01,57420M79G00000,0.0,0.5115454792976379,0.5115454792976379
chronos_2_erratic_features_plus_external,erratic,2026-01-01,5761065J10000,5.0,3.4340481758117676,1.5659518241882324
chronos_2_erratic_features_plus_external,erratic,2026-01-01,5761154P00000,2.0,0.7574320435523987,1.2425679564476013
chronos_2_erratic_features_plus_external,erratic,2026-01-01,57611M53M00000,0.0,0.9784439206123352,0.9784439206123352
chronos_2_erratic_features_plus_external,erratic,2026-01-01,57611M55T00000,22.0,13.731388092041016,8.268611907958984
chronos_2_erratic_features_plus_external,erratic,2026-01-01,57611M67P01000,2.0,0.0908125638961792,1.9091874361038208
chronos_2_erratic_features_plus_external,erratic,2026-01-01,57611M75T10000,7.0,5.440402984619141,1.5595970153808594
chronos_2_erratic_features_plus_external,erratic,2026-01-01,5771065J10000,2.0,2.614447593688965,0.6144475936889648
chronos_2_erratic_features_plus_external,erratic,2026-01-01,57711M53M00000,0.0,0.9255244135856628,0.9255244135856628
chronos_2_erratic_features_plus_external,erratic,2026-01-01,57711M67P01000,2.0,1.732625126838684,0.2673748731613159
chronos_2_erratic_features_plus_external,erratic,2026-01-01,57711M68K10000,2.0,1.9472270011901855,0.05277299880981445
chronos_2_erratic_features_plus_external,erratic,2026-01-01,57711M71P00000,1.0,0.6865169405937195,0.3134830594062805
chronos_2_erratic_features_plus_external,erratic,2026-01-01,57711M75T10000,4.0,18.258682250976562,14.258682250976562
chronos_2_erratic_features_plus_external,erratic,2026-01-01,57711M76M00000,2.0,2.706739902496338,0.7067399024963379
chronos_2_erratic_features_plus_external,erratic,2026-01-01,58121M53M00000,1.0,1.5686967372894287,0.5686967372894287
chronos_2_erratic_features_plus_external,erratic,2026-01-01,58200M80T00000,1.0,2.3827426433563232,1.3827426433563232
chronos_2_erratic_features_plus_external,erratic,2026-01-01,5823052R00000,3.0,1.1116551160812378,1.8883448839187622
chronos_2_erratic_features_plus_external,erratic,2026-01-01,58230M53M00000,1.0,0.7960482835769653,0.20395171642303467
chronos_2_erratic_features_plus_external,erratic,2026-01-01,58230M62S00000,1.0,1.0182785987854004,0.01827859878540039
chronos_2_erratic_features_plus_external,erratic,2026-01-01,58230M68K01000,2.0,0.9762364029884338,1.0237635970115662
chronos_2_erratic_features_plus_external,erratic,2026-01-01,5826077K00000,2.0,3.9596190452575684,1.9596190452575684
chronos_2_erratic_features_plus_external,erratic,2026-01-01,58270M68K00000,0.0,1.2245928049087524,1.2245928049087524
chronos_2_erratic_features_plus_external,erratic,2026-01-01,58270M75T00000,1.0,13.352666854858398,12.352666854858398
chronos_2_erratic_features_plus_external,erratic,2026-01-01,58270M76M01000,1.0,2.598783016204834,1.598783016204834
chronos_2_erratic_features_plus_external,erratic,2026-01-01,58280M68K00000,1.0,1.150626540184021,0.150626540184021
chronos_2_erratic_features_plus_external,erratic,2026-01-01,58811M78R00000,1.0,2.8863162994384766,1.8863162994384766
chronos_2_erratic_features_plus_external,erratic,2026-01-01,65500M55T10000,10.0,4.830252647399902,5.169747352600098
chronos_2_erratic_features_plus_external,erratic,2026-01-01,65561M74L00000,1.0,1.3584163188934326,0.3584163188934326
chronos_2_erratic_features_plus_external,erratic,2026-01-01,68001M55T20000,5.0,4.569241046905518,0.4307589530944824
chronos_2_erratic_features_plus_external,erratic,2026-01-01,68001M62S12000,0.0,1.6620376110076904,1.6620376110076904
chronos_2_erratic_features_plus_external,erratic,2026-01-01,68002M55T20000,7.0,7.224138259887695,0.2241382598876953
chronos_2_erratic_features_plus_external,erratic,2026-01-01,69100M53M00000,1.0,1.1622889041900635,0.16228890419006348
chronos_2_erratic_features_plus_external,erratic,2026-01-01,69100M67P10000,2.0,0.13846731185913086,1.8615326881408691
chronos_2_erratic_features_plus_external,erratic,2026-01-01,71079M74T00000,1.0,6.07415246963501,5.07415246963501
chronos_2_erratic_features_plus_external,erratic,2026-01-01,7171064R00ZQ4,4.0,2.306471347808838,1.693528652191162
chronos_2_erratic_features_plus_external,erratic,2026-01-01,7171154L10799,0.0,0.9467896819114685,0.9467896819114685
chronos_2_erratic_features_plus_external,erratic,2026-01-01,7171161P00799,0.0,1.563719391822815,1.563719391822815
chronos_2_erratic_features_plus_external,erratic,2026-01-01,7171178R015PK,3.0,1.4388099908828735,1.5611900091171265
chronos_2_erratic_features_plus_external,erratic,2026-01-01,7171179P00799,3.0,2.241588592529297,0.7584114074707031
chronos_2_erratic_features_plus_external,erratic,2026-01-01,71711M53MA05PK,4.0,0.02293497323989868,3.9770650267601013
chronos_2_erratic_features_plus_external,erratic,2026-01-01,71711M53MA0799,1.0,0.0,1.0
chronos_2_erratic_features_plus_external,erratic,2026-01-01,71711M53MB05PK,0.0,1.2474751472473145,1.2474751472473145
chronos_2_erratic_features_plus_external,erratic,2026-01-01,71711M56R00799,6.0,4.726836204528809,1.2731637954711914
chronos_2_erratic_features_plus_external,erratic,2026-01-01,71711M62S005PK,3.0,9.822546005249023,6.822546005249023
chronos_2_erratic_features_plus_external,erratic,2026-01-01,71711M66L005PK,0.0,0.2763981223106384,0.2763981223106384
chronos_2_erratic_features_plus_external,erratic,2026-01-01,71711M67P00799,0.0,1.7333260774612427,1.7333260774612427
chronos_2_erratic_features_plus_external,erratic,2026-01-01,71711M68K00799,2.0,2.503969192504883,0.5039691925048828
chronos_2_erratic_features_plus_external,erratic,2026-01-01,71711M73T115PK,10.0,5.0968241691589355,4.9031758308410645
chronos_2_erratic_features_plus_external,erratic,2026-01-01,71711M74L00799,0.0,2.6897313594818115,2.6897313594818115
chronos_2_erratic_features_plus_external,erratic,2026-01-01,71711M75L00799,3.0,1.4000258445739746,1.5999741554260254
chronos_2_erratic_features_plus_external,erratic,2026-01-01,71711M76M10799,2.0,2.7988710403442383,0.7988710403442383
chronos_2_erratic_features_plus_external,erratic,2026-01-01,71711M76T00N49,7.0,5.995499134063721,1.0045008659362793
chronos_2_erratic_features_plus_external,erratic,2026-01-01,71711M79M00799,1.0,0.8828876614570618,0.11711233854293823
chronos_2_erratic_features_plus_external,erratic,2026-01-01,71712M54T00000,3.0,2.2952322959899902,0.7047677040100098
chronos_2_erratic_features_plus_external,erratic,2026-01-01,71712M55T00000,1.0,5.501476287841797,4.501476287841797
chronos_2_erratic_features_plus_external,erratic,2026-01-01,71712M56R00000,0.0,1.1066348552703857,1.1066348552703857
chronos_2_erratic_features_plus_external,erratic,2026-01-01,71712M79M00000,6.0,2.50180983543396,3.49819016456604
chronos_2_erratic_features_plus_external,erratic,2026-01-01,71720M76M005PK,1.0,2.644822359085083,1.644822359085083
chronos_2_erratic_features_plus_external,erratic,2026-01-01,7172160K005PK,3.0,1.6764358282089233,1.3235641717910767
chronos_2_erratic_features_plus_external,erratic,2026-01-01,7172161P005PK,1.0,4.171690464019775,3.1716904640197754
chronos_2_erratic_features_plus_external,erratic,2026-01-01,7172177MJ05PK,0.0,0.2577863335609436,0.2577863335609436
chronos_2_erratic_features_plus_external,erratic,2026-01-01,7172179P005PK,1.0,2.6709699630737305,1.6709699630737305
chronos_2_erratic_features_plus_external,erratic,2026-01-01,7172186R105PK,0.0,1.7985929250717163,1.7985929250717163
chronos_2_erratic_features_plus_external,erratic,2026-01-01,71721M56R005PK,4.0,0.5753750801086426,3.4246249198913574
chronos_2_erratic_features_plus_external,erratic,2026-01-01,71721M60MA05PK,2.0,0.928524374961853,1.071475625038147
chronos_2_erratic_features_plus_external,erratic,2026-01-01,71721M74T005PK,15.0,13.687873840332031,1.3121261596679688
chronos_2_erratic_features_plus_external,erratic,2026-01-01,71721M75L005PK,1.0,2.7832491397857666,1.7832491397857666
chronos_2_erratic_features_plus_external,erratic,2026-01-01,71721M75T005PK,2.0,29.55046844482422,27.55046844482422
chronos_2_erratic_features_plus_external,erratic,2026-01-01,71721M78R005PK,8.0,3.4403598308563232,4.559640169143677
chronos_2_erratic_features_plus_external,erratic,2026-01-01,71721M84P005PK,0.0,1.105512261390686,1.105512261390686
chronos_2_erratic_features_plus_external,erratic,2026-01-01,7173154GA0000,6.0,0.31350982189178467,5.686490178108215
chronos_2_erratic_features_plus_external,erratic,2026-01-01,7173163J20000,0.0,0.3090214729309082,0.3090214729309082
chronos_2_erratic_features_plus_external,erratic,2026-01-01,7173171L00000,6.0,2.189581871032715,3.810418128967285
chronos_2_erratic_features_plus_external,erratic,2026-01-01,71731M53M00000,1.0,1.3508124351501465,0.3508124351501465
chronos_2_erratic_features_plus_external,erratic,2026-01-01,71731M53MB0000,2.0,4.66517972946167,2.66517972946167
chronos_2_erratic_features_plus_external,erratic,2026-01-01,71731M66L005PK,1.0,0.8535490036010742,0.14645099639892578
chronos_2_erratic_features_plus_external,erratic,2026-01-01,71731M67P00000,0.0,3.244415283203125,3.244415283203125
chronos_2_erratic_features_plus_external,erratic,2026-01-01,71731M68K00000,3.0,4.092449188232422,1.0924491882324219
chronos_2_erratic_features_plus_external,erratic,2026-01-01,7173262R00000,2.0,2.1294326782226562,0.12943267822265625
chronos_2_erratic_features_plus_external,erratic,2026-01-01,7173263J20000,1.0,0.6649259924888611,0.3350740075111389
chronos_2_erratic_features_plus_external,erratic,2026-01-01,7173271L00000,6.0,1.7411088943481445,4.2588911056518555
chronos_2_erratic_features_plus_external,erratic,2026-01-01,71732M53M00000,0.0,1.9989503622055054,1.9989503622055054
chronos_2_erratic_features_plus_external,erratic,2026-01-01,71732M66L005PK,1.0,0.8238816857337952,0.17611831426620483
chronos_2_erratic_features_plus_external,erratic,2026-01-01,71732M67P00000,1.0,2.95495867729187,1.9549586772918701
chronos_2_erratic_features_plus_external,erratic,2026-01-01,71732M68K00000,6.0,5.716685771942139,0.28331422805786133
chronos_2_erratic_features_plus_external,erratic,2026-01-01,71732M74T00000,8.0,2.576331615447998,5.423668384552002
chronos_2_erratic_features_plus_external,erratic,2026-01-01,71733M55T00000,16.0,4.2336812019348145,11.766318798065186
chronos_2_erratic_features_plus_external,erratic,2026-01-01,71733M74L00000,2.0,1.0113409757614136,0.9886590242385864
chronos_2_erratic_features_plus_external,erratic,2026-01-01,71734M55T00000,8.0,5.2134857177734375,2.7865142822265625
chronos_2_erratic_features_plus_external,erratic,2026-01-01,71734M68L00000,2.0,2.038212299346924,0.03821229934692383
chronos_2_erratic_features_plus_external,erratic,2026-01-01,71734M74T00000,4.0,1.0094751119613647,2.9905248880386353
chronos_2_erratic_features_plus_external,erratic,2026-01-01,7174054L10D2W,0.0,1.0985276699066162,1.0985276699066162
chronos_2_erratic_features_plus_external,erratic,2026-01-01,7174073R10CUG,0.0,1.188069224357605,1.188069224357605
chronos_2_erratic_features_plus_external,erratic,2026-01-01,7174079P00C48,1.0,0.9741326570510864,0.025867342948913574
chronos_2_erratic_features_plus_external,erratic,2026-01-01,7174079S00C48,8.0,5.3509440422058105,2.6490559577941895
chronos_2_erratic_features_plus_external,erratic,2026-01-01,71740M55T10C48,28.0,12.177122116088867,15.822877883911133
chronos_2_erratic_features_plus_external,erratic,2026-01-01,71740M56R00C48,4.0,0.6171126365661621,3.382887363433838
chronos_2_erratic_features_plus_external,erratic,2026-01-01,71740M68T00C48,18.0,29.697893142700195,11.697893142700195
chronos_2_erratic_features_plus_external,erratic,2026-01-01,71740M76MA0C48,9.0,11.752172470092773,2.7521724700927734
chronos_2_erratic_features_plus_external,erratic,2026-01-01,71740M76T10KDJ,4.0,1.4821066856384277,2.5178933143615723
chronos_2_erratic_features_plus_external,erratic,2026-01-01,71740M81R00C48,4.0,3.9197726249694824,0.08022737503051758
chronos_2_erratic_features_plus_external,erratic,2026-01-01,7174160P005PK,0.0,0.0,0.0
chronos_2_erratic_features_plus_external,erratic,2026-01-01,71741M53M005PK,0.0,0.3977259695529938,0.3977259695529938
chronos_2_erratic_features_plus_external,erratic,2026-01-01,71741M53MA05PK,2.0,3.1349120140075684,1.1349120140075684
chronos_2_erratic_features_plus_external,erratic,2026-01-01,71741M74L005PK,0.0,4.6669721603393555,4.6669721603393555
chronos_2_erratic_features_plus_external,erratic,2026-01-01,71741M75L005PK,0.0,1.1690952777862549,1.1690952777862549
chronos_2_erratic_features_plus_external,erratic,2026-01-01,71741M75T00W9K,3.0,29.349895477294922,26.349895477294922
chronos_2_erratic_features_plus_external,erratic,2026-01-01,71741M76M105PK,0.0,3.582446575164795,3.582446575164795
chronos_2_erratic_features_plus_external,erratic,2026-01-01,71741M83P005PK,10.0,6.099271774291992,3.900728225708008
chronos_2_erratic_features_plus_external,erratic,2026-01-01,71743M76M100PG,0.0,0.4227639436721802,0.4227639436721802
chronos_2_erratic_features_plus_external,erratic,2026-01-01,71744M76M100PG,0.0,0.0,0.0
chronos_2_erratic_features_plus_external,erratic,2026-01-01,71745M75T10000,2.0,14.876045227050781,12.876045227050781
chronos_2_erratic_features_plus_external,erratic,2026-01-01,7175172S205PK,2.0,1.588133454322815,0.41186654567718506
chronos_2_erratic_features_plus_external,erratic,2026-01-01,7175186R000PG,11.0,3.912022590637207,7.087977409362793
chronos_2_erratic_features_plus_external,erratic,2026-01-01,71751M67P105PK,2.0,2.1626980304718018,0.16269803047180176
chronos_2_erratic_features_plus_external,erratic,2026-01-01,71751M83P105PK,3.0,1.4925533533096313,1.5074466466903687
chronos_2_erratic_features_plus_external,erratic,2026-01-01,71752M54T100PG,2.0,3.961474895477295,1.961474895477295
chronos_2_erratic_features_plus_external,erratic,2026-01-01,71752M83P00PWJ,1.0,1.0901437997817993,0.09014379978179932
chronos_2_erratic_features_plus_external,erratic,2026-01-01,7176179P105PK,1.0,1.3121556043624878,0.3121556043624878
chronos_2_erratic_features_plus_external,erratic,2026-01-01,71761M52R105PK,1.0,7.767444133758545,6.767444133758545
chronos_2_erratic_features_plus_external,erratic,2026-01-01,71761M67P105PK,2.0,1.6258840560913086,0.3741159439086914
chronos_2_erratic_features_plus_external,erratic,2026-01-01,71761M68K105PK,3.0,1.3923778533935547,1.6076221466064453
chronos_2_erratic_features_plus_external,erratic,2026-01-01,71761M74T20ZAM,5.0,6.406342506408691,1.4063425064086914
chronos_2_erratic_features_plus_external,erratic,2026-01-01,71761M76MB0Z2S,2.0,0.27272093296051025,1.7272790670394897
chronos_2_erratic_features_plus_external,erratic,2026-01-01,71761M76MB0ZHJ,0.0,0.9913368821144104,0.9913368821144104
chronos_2_erratic_features_plus_external,erratic,2026-01-01,71762M54T100PG,3.0,4.345152854919434,1.3451528549194336
chronos_2_erratic_features_plus_external,erratic,2026-01-01,7177164R005PK,4.0,1.1134353876113892,2.886564612388611
chronos_2_erratic_features_plus_external,erratic,2026-01-01,7177171L00000,1.0,0.0,1.0
chronos_2_erratic_features_plus_external,erratic,2026-01-01,7177186R000PG,1.0,1.6800060272216797,0.6800060272216797
chronos_2_erratic_features_plus_external,erratic,2026-01-01,71771M55T00000,0.0,17.659849166870117,17.659849166870117
chronos_2_erratic_features_plus_external,erratic,2026-01-01,71771M56R100PG,3.0,1.521460771560669,1.478539228439331
chronos_2_erratic_features_plus_external,erratic,2026-01-01,71771M76T00PER,5.0,3.051950216293335,1.948049783706665
chronos_2_erratic_features_plus_external,erratic,2026-01-01,71772M55T00000,12.0,6.409357070922852,5.590642929077148
chronos_2_erratic_features_plus_external,erratic,2026-01-01,71782M56R100PG,4.0,1.6275018453598022,2.3724981546401978
chronos_2_erratic_features_plus_external,erratic,2026-01-01,71782M66L00000,1.0,1.8215389251708984,0.8215389251708984
chronos_2_erratic_features_plus_external,erratic,2026-01-01,71782M75T00000,1.0,1.1945557594299316,0.19455575942993164
chronos_2_erratic_features_plus_external,erratic,2026-01-01,7181179P00799,1.0,1.794636607170105,0.794636607170105
chronos_2_erratic_features_plus_external,erratic,2026-01-01,71811M53M00799,2.0,1.882378101348877,0.11762189865112305
chronos_2_erratic_features_plus_external,erratic,2026-01-01,71811M56R00799,4.0,1.3574661016464233,2.6425338983535767
chronos_2_erratic_features_plus_external,erratic,2026-01-01,71811M56R10799,2.0,1.3613871335983276,0.6386128664016724
chronos_2_erratic_features_plus_external,erratic,2026-01-01,71811M66L005PK,0.0,1.426046371459961,1.426046371459961
chronos_2_erratic_features_plus_external,erratic,2026-01-01,71811M67P01799,1.0,3.058090925216675,2.058090925216675
chronos_2_erratic_features_plus_external,erratic,2026-01-01,71811M68K00799,0.0,1.594040870666504,1.594040870666504
chronos_2_erratic_features_plus_external,erratic,2026-01-01,71811M68P00799,3.0,2.658903121948242,0.3410968780517578
chronos_2_erratic_features_plus_external,erratic,2026-01-01,71811M74T00799,4.0,5.034945487976074,1.0349454879760742
chronos_2_erratic_features_plus_external,erratic,2026-01-01,71811M75L00799,0.0,1.43780517578125,1.43780517578125
chronos_2_erratic_features_plus_external,erratic,2026-01-01,71811M75T00799,8.0,18.07939910888672,10.079399108886719
chronos_2_erratic_features_plus_external,erratic,2026-01-01,71811M76M00799,4.0,2.666633129119873,1.333366870880127
chronos_2_erratic_features_plus_external,erratic,2026-01-01,71811M80T105PK,7.0,11.575071334838867,4.575071334838867
chronos_2_erratic_features_plus_external,erratic,2026-01-01,7181365L00000,5.0,4.542672157287598,0.45732784271240234
chronos_2_erratic_features_plus_external,erratic,2026-01-01,7182173K10000,3.0,2.3394014835357666,0.6605985164642334
chronos_2_erratic_features_plus_external,erratic,2026-01-01,7182179P00000,3.0,0.9453521966934204,2.0546478033065796
chronos_2_erratic_features_plus_external,erratic,2026-01-01,71821M68K00000,1.0,2.586371660232544,1.586371660232544
chronos_2_erratic_features_plus_external,erratic,2026-01-01,71821M75T00000,3.0,11.279704093933105,8.279704093933105
chronos_2_erratic_features_plus_external,erratic,2026-01-01,71821M79M00000,1.0,1.710191011428833,0.710191011428833
chronos_2_erratic_features_plus_external,erratic,2026-01-01,7182273K10000,3.0,1.959545612335205,1.040454387664795
chronos_2_erratic_features_plus_external,erratic,2026-01-01,7182279P00000,0.0,1.9219145774841309,1.9219145774841309
chronos_2_erratic_features_plus_external,erratic,2026-01-01,7182280J00000,0.0,2.001662254333496,2.001662254333496
chronos_2_erratic_features_plus_external,erratic,2026-01-01,71822M55T00000,19.0,14.15772819519043,4.84227180480957
chronos_2_erratic_features_plus_external,erratic,2026-01-01,71822M68K00000,4.0,0.13027644157409668,3.8697235584259033
chronos_2_erratic_features_plus_external,erratic,2026-01-01,71822M75T00000,4.0,15.13902473449707,11.13902473449707
chronos_2_erratic_features_plus_external,erratic,2026-01-01,71822M79M00000,2.0,0.8421621322631836,1.1578378677368164
chronos_2_erratic_features_plus_external,erratic,2026-01-01,71823M68L00000,3.0,3.0612478256225586,0.061247825622558594
chronos_2_erratic_features_plus_external,erratic,2026-01-01,7187186R000BK,2.0,4.721907138824463,2.721907138824463
chronos_2_erratic_features_plus_external,erratic,2026-01-01,72310M68K00000,4.0,2.925854206085205,1.074145793914795
chronos_2_erratic_features_plus_external,erratic,2026-01-01,72312M55R00000,14.0,5.608743667602539,8.391256332397461
chronos_2_erratic_features_plus_external,erratic,2026-01-01,72312M68K00000,4.0,4.136127471923828,0.13612747192382812
chronos_2_erratic_features_plus_external,erratic,2026-01-01,7232154P00000,2.0,2.3359415531158447,0.3359415531158447
chronos_2_erratic_features_plus_external,erratic,2026-01-01,7232171L00000,0.0,1.1788287162780762,1.1788287162780762
chronos_2_erratic_features_plus_external,erratic,2026-01-01,72321M53M00000,4.0,4.366212844848633,0.3662128448486328
chronos_2_erratic_features_plus_external,erratic,2026-01-01,72321M68K00000,7.0,1.2520527839660645,5.7479472160339355
chronos_2_erratic_features_plus_external,erratic,2026-01-01,72321M74L00000,5.0,6.3870849609375,1.3870849609375
chronos_2_erratic_features_plus_external,erratic,2026-01-01,72321M76M01000,2.0,1.1125657558441162,0.8874342441558838
chronos_2_erratic_features_plus_external,erratic,2026-01-01,7232271L00000,0.0,2.4826462268829346,2.4826462268829346
chronos_2_erratic_features_plus_external,erratic,2026-01-01,72322M53M00000,3.0,4.0847578048706055,1.0847578048706055
chronos_2_erratic_features_plus_external,erratic,2026-01-01,72322M68K00000,5.0,1.2166061401367188,3.7833938598632812
chronos_2_erratic_features_plus_external,erratic,2026-01-01,72322M74L00000,1.0,7.903118133544922,6.903118133544922
chronos_2_erratic_features_plus_external,erratic,2026-01-01,72322M76M01000,3.0,1.166753888130188,1.833246111869812
chronos_2_erratic_features_plus_external,erratic,2026-01-01,72371M74L105PK,2.0,0.707898736000061,1.292101263999939
chronos_2_erratic_features_plus_external,erratic,2026-01-01,72380M62S01000,1.0,2.338683843612671,1.338683843612671
chronos_2_erratic_features_plus_external,erratic,2026-01-01,72398M68K00000,2.0,0.06837737560272217,1.9316226243972778
chronos_2_erratic_features_plus_external,erratic,2026-01-01,72411M74L10000,0.0,0.4130423069000244,0.4130423069000244
chronos_2_erratic_features_plus_external,erratic,2026-01-01,72420M80T00000,1.0,0.608296811580658,0.39170318841934204
chronos_2_erratic_features_plus_external,erratic,2026-01-01,7242252R00000,1.0,0.9481481909751892,0.05185180902481079
chronos_2_erratic_features_plus_external,erratic,2026-01-01,72431M68L00000,3.0,1.3340822458267212,1.6659177541732788
chronos_2_erratic_features_plus_external,erratic,2026-01-01,72433M56R00000,1.0,0.981285810470581,0.018714189529418945
chronos_2_erratic_features_plus_external,erratic,2026-01-01,72437M68L00000,3.0,1.0439987182617188,1.9560012817382812
chronos_2_erratic_features_plus_external,erratic,2026-01-01,7248265J00000,8.0,3.362046957015991,4.637953042984009
chronos_2_erratic_features_plus_external,erratic,2026-01-01,7282165J00Z2S,1.0,3.2327609062194824,2.2327609062194824
chronos_2_erratic_features_plus_external,erratic,2026-01-01,73110M68P50ZCA,3.0,0.7206355333328247,2.2793644666671753
chronos_2_erratic_features_plus_external,erratic,2026-01-01,7343061J00P4Z,8.0,0.9236221313476562,7.076377868652344
chronos_2_erratic_features_plus_external,erratic,2026-01-01,73430M75J00P4Z,6.0,0.9689916968345642,5.031008303165436
chronos_2_erratic_features_plus_external,erratic,2026-01-01,73821M62S205PK,0.0,2.233241081237793,2.233241081237793
chronos_2_erratic_features_plus_external,erratic,2026-01-01,73821M67P305PK,0.0,0.1439915895462036,0.1439915895462036
chronos_2_erratic_features_plus_external,erratic,2026-01-01,73831M68P005PK,1.0,1.688197374343872,0.6881973743438721
chronos_2_erratic_features_plus_external,erratic,2026-01-01,74120M66L10000,1.0,1.115099549293518,0.11509954929351807
chronos_2_erratic_features_plus_external,erratic,2026-01-01,74461M79M005PK,6.0,6.785717487335205,0.7857174873352051
chronos_2_erratic_features_plus_external,erratic,2026-01-01,7619171L005PK,0.0,0.8214287161827087,0.8214287161827087
chronos_2_erratic_features_plus_external,erratic,2026-01-01,7619254P005PK,5.0,0.6106953620910645,4.3893046379089355
chronos_2_erratic_features_plus_external,erratic,2026-01-01,76520M68P10000,2.0,1.1461211442947388,0.8538788557052612
chronos_2_erratic_features_plus_external,erratic,2026-01-01,76520M74K01000,2.0,2.3691461086273193,0.36914610862731934
chronos_2_erratic_features_plus_external,erratic,2026-01-01,77161M68P00000,0.0,0.30306482315063477,0.30306482315063477
chronos_2_erratic_features_plus_external,erratic,2026-01-01,77210M74T005PK,2.0,5.151350021362305,3.1513500213623047
chronos_2_erratic_features_plus_external,erratic,2026-01-01,7726054P005PK,2.0,2.4626405239105225,0.46264052391052246
chronos_2_erratic_features_plus_external,erratic,2026-01-01,7733061M01000,6.0,5.358333587646484,0.6416664123535156
chronos_2_erratic_features_plus_external,erratic,2026-01-01,77330M81R00000,16.0,11.630416870117188,4.3695831298828125
chronos_2_erratic_features_plus_external,erratic,2026-01-01,7781158J000PG,0.0,1.4482905864715576,1.4482905864715576
chronos_2_erratic_features_plus_external,erratic,2026-01-01,77811M58J000PG,3.0,1.514038324356079,1.485961675643921
chronos_2_erratic_features_plus_external,erratic,2026-01-01,77811M63T000PG,5.0,1.5112693309783936,3.4887306690216064
chronos_2_erratic_features_plus_external,erratic,2026-01-01,7783154GB00PG,3.0,3.044785261154175,0.044785261154174805
chronos_2_erratic_features_plus_external,erratic,2026-01-01,77831M68L000PG,3.0,3.6533825397491455,0.6533825397491455
chronos_2_erratic_features_plus_external,erratic,2026-01-01,77851M54G000PG,1.0,0.5718586444854736,0.42814135551452637
chronos_2_erratic_features_plus_external,erratic,2026-01-01,8185061J01000,1.0,2.1480326652526855,1.1480326652526855
chronos_2_erratic_features_plus_external,erratic,2026-01-01,81850M68K00000,1.0,1.232308030128479,0.232308030128479
chronos_2_erratic_features_plus_external,erratic,2026-01-01,81850M68P10000,0.0,2.0290913581848145,2.0290913581848145
chronos_2_erratic_features_plus_external,erratic,2026-01-01,8186061J01000,1.0,2.1679177284240723,1.1679177284240723
chronos_2_erratic_features_plus_external,erratic,2026-01-01,81860M68K00000,1.0,1.232308030128479,0.232308030128479
chronos_2_erratic_features_plus_external,erratic,2026-01-01,81860M79G20000,0.0,1.2813225984573364,1.2813225984573364
chronos_2_erratic_features_plus_external,erratic,2026-01-01,8212177K00000,0.0,1.5709025859832764,1.5709025859832764
chronos_2_erratic_features_plus_external,erratic,2026-01-01,82801M66L015PK,3.0,4.46306848526001,1.4630684852600098
chronos_2_erratic_features_plus_external,erratic,2026-01-01,82801M68K005PK,1.0,1.7949191331863403,0.7949191331863403
chronos_2_erratic_features_plus_external,erratic,2026-01-01,82802M66L015PK,7.0,8.249942779541016,1.2499427795410156
chronos_2_erratic_features_plus_external,erratic,2026-01-01,82802M68K5026U,7.0,5.4128241539001465,1.5871758460998535
chronos_2_erratic_features_plus_external,erratic,2026-01-01,82802M81A605PK,9.0,1.9843707084655762,7.015629291534424
chronos_2_erratic_features_plus_external,erratic,2026-01-01,82850M76M005PK,21.0,4.319130897521973,16.680869102478027
chronos_2_erratic_features_plus_external,erratic,2026-01-01,8392152R010CE,0.0,0.8029852509498596,0.8029852509498596
chronos_2_erratic_features_plus_external,erratic,2026-01-01,83921M68P000CB,1.0,2.0584464073181152,1.0584464073181152
chronos_2_erratic_features_plus_external,erratic,2026-01-01,83922M55T000CB,8.0,4.487057685852051,3.512942314147949
chronos_2_erratic_features_plus_external,erratic,2026-01-01,8392352R020CE,0.0,1.1967294216156006,1.1967294216156006
chronos_2_erratic_features_plus_external,erratic,2026-01-01,83923M68P000CB,1.0,1.888046145439148,0.888046145439148
chronos_2_erratic_features_plus_external,erratic,2026-01-01,83924M55T000CB,8.0,4.526931285858154,3.4730687141418457
chronos_2_erratic_features_plus_external,erratic,2026-01-01,83924M62S000CB,1.0,2.255528211593628,1.255528211593628
chronos_2_erratic_features_plus_external,erratic,2026-01-01,83924M68P100CB,4.0,2.819678783416748,1.180321216583252
chronos_2_erratic_features_plus_external,erratic,2026-01-01,83926M68P000CB,0.0,2.851837396621704,2.851837396621704
chronos_2_erratic_features_plus_external,erratic,2026-01-01,8393061J005PK,2.0,2.7696728706359863,0.7696728706359863
chronos_2_erratic_features_plus_external,erratic,2026-01-01,83932M68P000CB,0.0,2.5301544666290283,2.5301544666290283
chronos_2_erratic_features_plus_external,erratic,2026-01-01,83940M68P100PG,2.0,0.9307624101638794,1.0692375898361206
chronos_2_erratic_features_plus_external,erratic,2026-01-01,83940M74L10000,0.0,1.7517578601837158,1.7517578601837158
chronos_2_erratic_features_plus_external,erratic,2026-01-01,83970M68P00000,2.0,0.7599443197250366,1.2400556802749634
chronos_2_erratic_features_plus_external,erratic,2026-01-01,84051M55T01000,6.0,5.526878356933594,0.47312164306640625
chronos_2_erratic_features_plus_external,erratic,2026-01-01,84051M55T11000,7.0,4.498607158660889,2.5013928413391113
chronos_2_erratic_features_plus_external,erratic,2026-01-01,8450152R02000,2.0,1.1546714305877686,0.8453285694122314
chronos_2_erratic_features_plus_external,erratic,2026-01-01,84501M55T00000,4.0,1.3164945840835571,2.683505415916443
chronos_2_erratic_features_plus_external,erratic,2026-01-01,84501M68P00000,1.0,1.2688629627227783,0.2688629627227783
chronos_2_erratic_features_plus_external,erratic,2026-01-01,84502M68P00000,2.0,0.9418412446975708,1.0581587553024292
chronos_2_erratic_features_plus_external,erratic,2026-01-01,84510M74L01000,2.0,1.0703903436660767,0.9296096563339233
chronos_2_erratic_features_plus_external,erratic,2026-01-01,84511M75T10000,2.0,2.111356258392334,0.11135625839233398
chronos_2_erratic_features_plus_external,erratic,2026-01-01,84511M76M10000,0.0,0.17088782787322998,0.17088782787322998
chronos_2_erratic_features_plus_external,erratic,2026-01-01,8470171LVAZMT,1.0,1.3462989330291748,0.3462989330291748
chronos_2_erratic_features_plus_external,erratic,2026-01-01,84701M53M205PK,0.0,3.1513941287994385,3.1513941287994385
chronos_2_erratic_features_plus_external,erratic,2026-01-01,84701M55TB0ZHJ,5.0,3.849410057067871,1.150589942932129
chronos_2_erratic_features_plus_external,erratic,2026-01-01,84701M68P31ZHJ,1.0,1.7052865028381348,0.7052865028381348
chronos_2_erratic_features_plus_external,erratic,2026-01-01,84701M68P515PK,2.0,2.0117623805999756,0.011762380599975586
chronos_2_erratic_features_plus_external,erratic,2026-01-01,84701M74LC15PK,1.0,1.4727060794830322,0.4727060794830322
chronos_2_erratic_features_plus_external,erratic,2026-01-01,8470261J025PK,2.0,2.9955337047576904,0.9955337047576904
chronos_2_erratic_features_plus_external,erratic,2026-01-01,84702M53M205PK,0.0,2.7683584690093994,2.7683584690093994
chronos_2_erratic_features_plus_external,erratic,2026-01-01,84702M55TB0ZHJ,5.0,2.963397741317749,2.036602258682251
chronos_2_erratic_features_plus_external,erratic,2026-01-01,84702M56R92ZHJ,1.0,0.4659552574157715,0.5340447425842285
chronos_2_erratic_features_plus_external,erratic,2026-01-01,84702M62S20Z4Q,6.0,1.8371374607086182,4.162862539291382
chronos_2_erratic_features_plus_external,erratic,2026-01-01,84702M68P31ZHJ,1.0,1.018019437789917,0.018019437789916992
chronos_2_erratic_features_plus_external,erratic,2026-01-01,84702M68P515PK,2.0,2.148754119873047,0.14875411987304688
chronos_2_erratic_features_plus_external,erratic,2026-01-01,84702M74LC15PK,0.0,0.758994996547699,0.758994996547699
chronos_2_erratic_features_plus_external,erratic,2026-01-01,84702M79G30000,2.0,0.0022159218788146973,1.9977840781211853
chronos_2_erratic_features_plus_external,erratic,2026-01-01,84703M79M02000,7.0,5.085722923278809,1.9142770767211914
chronos_2_erratic_features_plus_external,erratic,2026-01-01,8471852R20ZVR,3.0,1.656646966934204,1.343353033065796
chronos_2_erratic_features_plus_external,erratic,2026-01-01,8472852R20ZVR,2.0,0.937495231628418,1.062504768371582
chronos_2_erratic_features_plus_external,erratic,2026-01-01,8472865J00Z2S,1.0,2.124042510986328,1.1240425109863281
chronos_2_erratic_features_plus_external,erratic,2026-01-01,8472880J00Z2S,3.0,1.104036808013916,1.895963191986084
chronos_2_erratic_features_plus_external,erratic,2026-01-01,84730M67P10000,1.0,2.2767786979675293,1.2767786979675293
chronos_2_erratic_features_plus_external,erratic,2026-01-01,84730M74LC0000,1.0,1.55303955078125,0.55303955078125
chronos_2_erratic_features_plus_external,erratic,2026-01-01,84730M79M00000,1.0,1.1916027069091797,0.1916027069091797
chronos_2_erratic_features_plus_external,erratic,2026-01-01,8474061M00000,2.0,1.011412262916565,0.9885877370834351
chronos_2_erratic_features_plus_external,erratic,2026-01-01,8474065J00000,0.0,1.4625413417816162,1.4625413417816162
chronos_2_erratic_features_plus_external,erratic,2026-01-01,84740M67P10000,0.0,0.20450997352600098,0.20450997352600098
chronos_2_erratic_features_plus_external,erratic,2026-01-01,84740M74LC0000,0.0,1.885635256767273,1.885635256767273
chronos_2_erratic_features_plus_external,erratic,2026-01-01,84740M74LE0000,1.0,0.033295273780822754,0.9667047262191772
chronos_2_erratic_features_plus_external,erratic,2026-01-01,84740M76M00000,2.0,3.37147855758667,1.37147855758667
chronos_2_erratic_features_plus_external,erratic,2026-01-01,84740M79M00000,4.0,1.3504140377044678,2.6495859622955322
chronos_2_erratic_features_plus_external,erratic,2026-01-01,84920M68PB1BHE,1.0,2.647753953933716,1.6477539539337158
chronos_2_erratic_features_plus_external,erratic,2026-01-01,84940M68PC1BHE,1.0,2.6944942474365234,1.6944942474365234
chronos_2_erratic_features_plus_external,erratic,2026-01-01,95130M68K00000,0.0,0.5061191916465759,0.5061191916465759
chronos_2_erratic_features_plus_external,erratic,2026-01-01,95310M53T00000,12.0,7.847825527191162,4.152174472808838
chronos_2_erratic_features_plus_external,erratic,2026-01-01,95310M55T00000,24.0,6.0583696365356445,17.941630363464355
chronos_2_erratic_features_plus_external,erratic,2026-01-01,95310M76M00000,1.0,0.4649374485015869,0.5350625514984131
chronos_2_erratic_features_plus_external,erratic,2026-02-01,0911912012000,15.0,42.28912353515625,27.28912353515625
chronos_2_erratic_features_plus_external,erratic,2026-02-01,09140M12040000,17.0,11.27209186553955,5.727908134460449
chronos_2_erratic_features_plus_external,erratic,2026-02-01,0915912057000,0.0,2.492372512817383,2.492372512817383
chronos_2_erratic_features_plus_external,erratic,2026-02-01,09209M09L02000,9.0,7.108879566192627,1.891120433807373
chronos_2_erratic_features_plus_external,erratic,2026-02-01,0924616021000,14.0,7.701602935791016,6.298397064208984
chronos_2_erratic_features_plus_external,erratic,2026-02-01,0928335052000,2.0,3.709627151489258,1.7096271514892578
chronos_2_erratic_features_plus_external,erratic,2026-02-01,0928348007000,3.0,2.3736650943756104,0.6263349056243896
chronos_2_erratic_features_plus_external,erratic,2026-02-01,0940907340000,9.0,41.0057487487793,32.0057487487793
chronos_2_erratic_features_plus_external,erratic,2026-02-01,09409M07355000,200.0,37.675655364990234,162.32434463500977
chronos_2_erratic_features_plus_external,erratic,2026-02-01,09409M08006000,9.0,71.50212097167969,62.50212097167969
chronos_2_erratic_features_plus_external,erratic,2026-02-01,09409M10L04000,40.0,4.616987228393555,35.383012771606445
chronos_2_erratic_features_plus_external,erratic,2026-02-01,11610M53M00000,6.0,1.7597713470458984,4.240228652954102
chronos_2_erratic_features_plus_external,erratic,2026-02-01,11610M68K03000,5.0,1.4540026187896729,3.545997381210327
chronos_2_erratic_features_plus_external,erratic,2026-02-01,11620M53M00000,2.0,0.5972801446914673,1.4027198553085327
chronos_2_erratic_features_plus_external,erratic,2026-02-01,11710M53M00000,2.0,5.38755989074707,3.3875598907470703
chronos_2_erratic_features_plus_external,erratic,2026-02-01,17100M62S00000,4.0,1.4897661209106445,2.5102338790893555
chronos_2_erratic_features_plus_external,erratic,2026-02-01,17213M76M00000,3.0,1.3468434810638428,1.6531565189361572
chronos_2_erratic_features_plus_external,erratic,2026-02-01,17214M76M10000,1.0,0.8501179814338684,0.1498820185661316
chronos_2_erratic_features_plus_external,erratic,2026-02-01,17700M53M20000,1.0,3.1532959938049316,2.1532959938049316
chronos_2_erratic_features_plus_external,erratic,2026-02-01,17700M76M10000,2.0,1.6563231945037842,0.3436768054962158
chronos_2_erratic_features_plus_external,erratic,2026-02-01,17700M83P00000,2.0,2.7961153984069824,0.7961153984069824
chronos_2_erratic_features_plus_external,erratic,2026-02-01,3512065J32000,1.0,3.20981502532959,2.20981502532959
chronos_2_erratic_features_plus_external,erratic,2026-02-01,3512071L20000,2.0,0.8477034568786621,1.152296543121338
chronos_2_erratic_features_plus_external,erratic,2026-02-01,35120M68K20000,2.0,1.3752989768981934,0.6247010231018066
chronos_2_erratic_features_plus_external,erratic,2026-02-01,35121M53MB0000,1.0,5.1768341064453125,4.1768341064453125
chronos_2_erratic_features_plus_external,erratic,2026-02-01,35121M60M10000,0.0,0.5370381474494934,0.5370381474494934
chronos_2_erratic_features_plus_external,erratic,2026-02-01,35121M62S30000,8.0,8.388236045837402,0.38823604583740234
chronos_2_erratic_features_plus_external,erratic,2026-02-01,35121M67P10000,0.0,0.7599588632583618,0.7599588632583618
chronos_2_erratic_features_plus_external,erratic,2026-02-01,35121M74L01000,8.0,1.906709909439087,6.093290090560913
chronos_2_erratic_features_plus_external,erratic,2026-02-01,35121M76M50000,1.0,3.6059341430664062,2.6059341430664062
chronos_2_erratic_features_plus_external,erratic,2026-02-01,35153M59K10000,2.0,0.2568473815917969,1.7431526184082031
chronos_2_erratic_features_plus_external,erratic,2026-02-01,35300M74TB1000,6.0,3.0583629608154297,2.9416370391845703
chronos_2_erratic_features_plus_external,erratic,2026-02-01,3532064J31000,1.0,2.2556300163269043,1.2556300163269043
chronos_2_erratic_features_plus_external,erratic,2026-02-01,3532065J32000,3.0,1.6576104164123535,1.3423895835876465
chronos_2_erratic_features_plus_external,erratic,2026-02-01,3532071L20000,4.0,1.1452455520629883,2.8547544479370117
chronos_2_erratic_features_plus_external,erratic,2026-02-01,3532079P30000,1.0,1.26422917842865,0.2642291784286499
chronos_2_erratic_features_plus_external,erratic,2026-02-01,35321M53MB0000,3.0,3.4506704807281494,0.4506704807281494
chronos_2_erratic_features_plus_external,erratic,2026-02-01,35321M55T53000,6.0,9.325304985046387,3.3253049850463867
chronos_2_erratic_features_plus_external,erratic,2026-02-01,35321M67P10000,0.0,1.5903338193893433,1.5903338193893433
chronos_2_erratic_features_plus_external,erratic,2026-02-01,35321M68K21000,1.0,1.8705229759216309,0.8705229759216309
chronos_2_erratic_features_plus_external,erratic,2026-02-01,35321M74L01000,12.0,4.801239967346191,7.198760032653809
chronos_2_erratic_features_plus_external,erratic,2026-02-01,35321M76M50000,4.0,2.856339454650879,1.143660545349121
chronos_2_erratic_features_plus_external,erratic,2026-02-01,3550054P01000,0.0,1.728395700454712,1.728395700454712
chronos_2_erratic_features_plus_external,erratic,2026-02-01,35501M67P00000,0.0,0.93449866771698,0.93449866771698
chronos_2_erratic_features_plus_external,erratic,2026-02-01,3565064J21000,0.0,2.8385863304138184,2.8385863304138184
chronos_2_erratic_features_plus_external,erratic,2026-02-01,3565065J21000,0.0,3.4246582984924316,3.4246582984924316
chronos_2_erratic_features_plus_external,erratic,2026-02-01,3565077R00000,1.0,1.6016749143600464,0.6016749143600464
chronos_2_erratic_features_plus_external,erratic,2026-02-01,3565079P00000,1.0,0.6629884243011475,0.33701157569885254
chronos_2_erratic_features_plus_external,erratic,2026-02-01,35650M53M00000,6.0,3.5216102600097656,2.4783897399902344
chronos_2_erratic_features_plus_external,erratic,2026-02-01,35650M66L00000,1.0,0.004679590463638306,0.9953204095363617
chronos_2_erratic_features_plus_external,erratic,2026-02-01,35650M67P00000,0.0,6.562615394592285,6.562615394592285
chronos_2_erratic_features_plus_external,erratic,2026-02-01,35650M74L00000,12.0,8.21993637084961,3.7800636291503906
chronos_2_erratic_features_plus_external,erratic,2026-02-01,35650M75T00000,7.0,3.0279974937438965,3.9720025062561035
chronos_2_erratic_features_plus_external,erratic,2026-02-01,35651M68K00000,0.0,0.9446784853935242,0.9446784853935242
chronos_2_erratic_features_plus_external,erratic,2026-02-01,35651M75L00000,1.0,2.3943278789520264,1.3943278789520264
chronos_2_erratic_features_plus_external,erratic,2026-02-01,35651M76M00000,2.0,1.3333461284637451,0.6666538715362549
chronos_2_erratic_features_plus_external,erratic,2026-02-01,3567060K00000,1.0,3.321648359298706,2.321648359298706
chronos_2_erratic_features_plus_external,erratic,2026-02-01,3567061M10000,0.0,2.2812297344207764,2.2812297344207764
chronos_2_erratic_features_plus_external,erratic,2026-02-01,3567064J20000,2.0,1.506138801574707,0.49386119842529297
chronos_2_erratic_features_plus_external,erratic,2026-02-01,3567071L00000,2.0,2.5209264755249023,0.5209264755249023
chronos_2_erratic_features_plus_external,erratic,2026-02-01,3567079P00000,1.0,0.0,1.0
chronos_2_erratic_features_plus_external,erratic,2026-02-01,35670M74L00000,12.0,4.057981014251709,7.942018985748291
chronos_2_erratic_features_plus_external,erratic,2026-02-01,35671M68K00000,4.0,1.2947478294372559,2.705252170562744
chronos_2_erratic_features_plus_external,erratic,2026-02-01,35671M75L00000,2.0,3.0235421657562256,1.0235421657562256
chronos_2_erratic_features_plus_external,erratic,2026-02-01,35750M53M00000,1.0,2.2431108951568604,1.2431108951568604
chronos_2_erratic_features_plus_external,erratic,2026-02-01,35750M66L00000,1.0,0.04083150625228882,0.9591684937477112
chronos_2_erratic_features_plus_external,erratic,2026-02-01,35750M67P00000,3.0,4.482101917266846,1.4821019172668457
chronos_2_erratic_features_plus_external,erratic,2026-02-01,35750M75T00000,0.0,1.0032899379730225,1.0032899379730225
chronos_2_erratic_features_plus_external,erratic,2026-02-01,3591075F12000,1.0,1.7740410566329956,0.7740410566329956
chronos_2_erratic_features_plus_external,erratic,2026-02-01,36250M74T15000,15.0,1.9247089624404907,13.07529103755951
chronos_2_erratic_features_plus_external,erratic,2026-02-01,3625479P01000,1.0,0.49181002378463745,0.5081899762153625
chronos_2_erratic_features_plus_external,erratic,2026-02-01,3625486R20000,2.0,1.5668827295303345,0.4331172704696655
chronos_2_erratic_features_plus_external,erratic,2026-02-01,36410M67K00000,3.0,4.8176727294921875,1.8176727294921875
chronos_2_erratic_features_plus_external,erratic,2026-02-01,38450M68K00000,1.0,2.0040395259857178,1.0040395259857178
chronos_2_erratic_features_plus_external,erratic,2026-02-01,38450M74L10000,1.0,2.2123427391052246,1.2123427391052246
chronos_2_erratic_features_plus_external,erratic,2026-02-01,38450M76M00000,2.0,2.531881809234619,0.5318818092346191
chronos_2_erratic_features_plus_external,erratic,2026-02-01,38453M75000000,0.0,1.708316683769226,1.708316683769226
chronos_2_erratic_features_plus_external,erratic,2026-02-01,3925164J00000,1.0,0.7131786346435547,0.2868213653564453
chronos_2_erratic_features_plus_external,erratic,2026-02-01,3932152R00000,0.0,1.138614535331726,1.138614535331726
chronos_2_erratic_features_plus_external,erratic,2026-02-01,39321M62S10000,0.0,2.9171957969665527,2.9171957969665527
chronos_2_erratic_features_plus_external,erratic,2026-02-01,3932252R00000,0.0,1.138614535331726,1.138614535331726
chronos_2_erratic_features_plus_external,erratic,2026-02-01,41710M74L00000,2.0,0.0,2.0
chronos_2_erratic_features_plus_external,erratic,2026-02-01,4243163J10000,28.0,7.980133056640625,20.019866943359375
chronos_2_erratic_features_plus_external,erratic,2026-02-01,4321078R010BK,4.0,1.6331491470336914,2.3668508529663086
chronos_2_erratic_features_plus_external,erratic,2026-02-01,43210M55T5027N,10.0,2.9466819763183594,7.053318023681641
chronos_2_erratic_features_plus_external,erratic,2026-02-01,43210M55T60QC8,9.0,10.997730255126953,1.9977302551269531
chronos_2_erratic_features_plus_external,erratic,2026-02-01,43210M68P1009L,2.0,0.3481636047363281,1.6518363952636719
chronos_2_erratic_features_plus_external,erratic,2026-02-01,43210M68P60ZMQ,7.0,6.210665702819824,0.7893342971801758
chronos_2_erratic_features_plus_external,erratic,2026-02-01,43210M75T60QC8,2.0,1.905673623085022,0.09432637691497803
chronos_2_erratic_features_plus_external,erratic,2026-02-01,43210M79G5309L,5.0,4.844916820526123,0.15508317947387695
chronos_2_erratic_features_plus_external,erratic,2026-02-01,43250M62S0027N,13.0,12.250192642211914,0.7498073577880859
chronos_2_erratic_features_plus_external,erratic,2026-02-01,43250M67K0027N,1.0,8.938633918762207,7.938633918762207
chronos_2_erratic_features_plus_external,erratic,2026-02-01,43250M75T0027N,11.0,2.4137933254241943,8.586206674575806
chronos_2_erratic_features_plus_external,erratic,2026-02-01,43250M81R1027N,1.0,0.6224901676177979,0.37750983238220215
chronos_2_erratic_features_plus_external,erratic,2026-02-01,43250M83P0027N,3.0,0.8254129886627197,2.1745870113372803
chronos_2_erratic_features_plus_external,erratic,2026-02-01,4325283S000PG,7.0,3.777966260910034,3.222033739089966
chronos_2_erratic_features_plus_external,erratic,2026-02-01,43252M67L00AQY,9.0,1.7712494134902954,7.228750586509705
chronos_2_erratic_features_plus_external,erratic,2026-02-01,48150M68P10C48,0.0,0.7263931035995483,0.7263931035995483
chronos_2_erratic_features_plus_external,erratic,2026-02-01,5730065811000,0.0,2.896228313446045,2.896228313446045
chronos_2_erratic_features_plus_external,erratic,2026-02-01,57300M53M00000,1.0,1.0000001192092896,1.1920928955078125e-07
chronos_2_erratic_features_plus_external,erratic,2026-02-01,57300M67P00000,0.0,2.5080761909484863,2.5080761909484863
chronos_2_erratic_features_plus_external,erratic,2026-02-01,57300M74L00000,9.0,5.694708824157715,3.305291175842285
chronos_2_erratic_features_plus_external,erratic,2026-02-01,57300M76M00000,10.0,4.695015907287598,5.304984092712402
chronos_2_erratic_features_plus_external,erratic,2026-02-01,57410M62S00000,3.0,1.9469327926635742,1.0530672073364258
chronos_2_erratic_features_plus_external,erratic,2026-02-01,57410M74L00000,1.0,1.5913374423980713,0.5913374423980713
chronos_2_erratic_features_plus_external,erratic,2026-02-01,57410M76M00000,1.0,0.03118300437927246,0.9688169956207275
chronos_2_erratic_features_plus_external,erratic,2026-02-01,57410M79G00000,0.0,1.2620781660079956,1.2620781660079956
chronos_2_erratic_features_plus_external,erratic,2026-02-01,5742054P00000,0.0,1.0237534046173096,1.0237534046173096
chronos_2_erratic_features_plus_external,erratic,2026-02-01,57420M62S00000,2.0,1.6939427852630615,0.3060572147369385
chronos_2_erratic_features_plus_external,erratic,2026-02-01,57420M67P00000,0.0,0.9052907824516296,0.9052907824516296
chronos_2_erratic_features_plus_external,erratic,2026-02-01,57420M74L00000,0.0,1.8771506547927856,1.8771506547927856
chronos_2_erratic_features_plus_external,erratic,2026-02-01,57420M76M00000,1.0,0.00016367435455322266,0.9998363256454468
chronos_2_erratic_features_plus_external,erratic,2026-02-01,57420M79G00000,0.0,1.3056031465530396,1.3056031465530396
chronos_2_erratic_features_plus_external,erratic,2026-02-01,5761065J10000,0.0,3.6967196464538574,3.6967196464538574
chronos_2_erratic_features_plus_external,erratic,2026-02-01,5761154P00000,0.0,0.5920701026916504,0.5920701026916504
chronos_2_erratic_features_plus_external,erratic,2026-02-01,57611M53M00000,0.0,0.9782577753067017,0.9782577753067017
chronos_2_erratic_features_plus_external,erratic,2026-02-01,57611M55T00000,10.0,11.207759857177734,1.2077598571777344
chronos_2_erratic_features_plus_external,erratic,2026-02-01,57611M67P01000,0.0,1.2754387855529785,1.2754387855529785
chronos_2_erratic_features_plus_external,erratic,2026-02-01,57611M75T10000,3.0,1.9820160865783691,1.0179839134216309
chronos_2_erratic_features_plus_external,erratic,2026-02-01,5771065J10000,0.0,1.5460501909255981,1.5460501909255981
chronos_2_erratic_features_plus_external,erratic,2026-02-01,57711M53M00000,0.0,0.02018916606903076,0.02018916606903076
chronos_2_erratic_features_plus_external,erratic,2026-02-01,57711M67P01000,0.0,2.5048933029174805,2.5048933029174805
chronos_2_erratic_features_plus_external,erratic,2026-02-01,57711M68K10000,0.0,1.7454324960708618,1.7454324960708618
chronos_2_erratic_features_plus_external,erratic,2026-02-01,57711M71P00000,2.0,2.5844645500183105,0.5844645500183105
chronos_2_erratic_features_plus_external,erratic,2026-02-01,57711M75T10000,3.0,2.465928077697754,0.5340719223022461
chronos_2_erratic_features_plus_external,erratic,2026-02-01,57711M76M00000,7.0,3.331698417663574,3.668301582336426
chronos_2_erratic_features_plus_external,erratic,2026-02-01,58121M53M00000,1.0,0.5583938956260681,0.4416061043739319
chronos_2_erratic_features_plus_external,erratic,2026-02-01,58200M80T00000,0.0,1.6513586044311523,1.6513586044311523
chronos_2_erratic_features_plus_external,erratic,2026-02-01,5823052R00000,1.0,1.4057668447494507,0.4057668447494507
chronos_2_erratic_features_plus_external,erratic,2026-02-01,58230M53M00000,1.0,0.5017580986022949,0.4982419013977051
chronos_2_erratic_features_plus_external,erratic,2026-02-01,58230M62S00000,2.0,1.0731228590011597,0.9268771409988403
chronos_2_erratic_features_plus_external,erratic,2026-02-01,58230M68K01000,0.0,1.3275344371795654,1.3275344371795654
chronos_2_erratic_features_plus_external,erratic,2026-02-01,5826077K00000,0.0,4.174522399902344,4.174522399902344
chronos_2_erratic_features_plus_external,erratic,2026-02-01,58270M68K00000,1.0,0.877206563949585,0.12279343605041504
chronos_2_erratic_features_plus_external,erratic,2026-02-01,58270M75T00000,1.0,0.9598228931427002,0.040177106857299805
chronos_2_erratic_features_plus_external,erratic,2026-02-01,58270M76M01000,0.0,2.2235751152038574,2.2235751152038574
chronos_2_erratic_features_plus_external,erratic,2026-02-01,58280M68K00000,1.0,1.2472387552261353,0.24723875522613525
chronos_2_erratic_features_plus_external,erratic,2026-02-01,58811M78R00000,5.0,1.3940036296844482,3.6059963703155518
chronos_2_erratic_features_plus_external,erratic,2026-02-01,65500M55T10000,3.0,2.5428578853607178,0.4571421146392822
chronos_2_erratic_features_plus_external,erratic,2026-02-01,65561M74L00000,1.0,2.3021230697631836,1.3021230697631836
chronos_2_erratic_features_plus_external,erratic,2026-02-01,68001M55T20000,4.0,2.932997465133667,1.067002534866333
chronos_2_erratic_features_plus_external,erratic,2026-02-01,68001M62S12000,0.0,1.4286165237426758,1.4286165237426758
chronos_2_erratic_features_plus_external,erratic,2026-02-01,68002M55T20000,5.0,3.6173582077026367,1.3826417922973633
chronos_2_erratic_features_plus_external,erratic,2026-02-01,69100M53M00000,0.0,1.6668668985366821,1.6668668985366821
chronos_2_erratic_features_plus_external,erratic,2026-02-01,69100M67P10000,0.0,1.1275665760040283,1.1275665760040283
chronos_2_erratic_features_plus_external,erratic,2026-02-01,71079M74T00000,1.0,1.247042179107666,0.24704217910766602
chronos_2_erratic_features_plus_external,erratic,2026-02-01,7171064R00ZQ4,4.0,2.1488404273986816,1.8511595726013184
chronos_2_erratic_features_plus_external,erratic,2026-02-01,7171154L10799,1.0,0.24481207132339478,0.7551879286766052
chronos_2_erratic_features_plus_external,erratic,2026-02-01,7171161P00799,1.0,3.1185243129730225,2.1185243129730225
chronos_2_erratic_features_plus_external,erratic,2026-02-01,7171178R015PK,7.0,3.6109704971313477,3.3890295028686523
chronos_2_erratic_features_plus_external,erratic,2026-02-01,7171179P00799,2.0,0.6169096231460571,1.3830903768539429
chronos_2_erratic_features_plus_external,erratic,2026-02-01,71711M53MA05PK,1.0,0.25298798084259033,0.7470120191574097
chronos_2_erratic_features_plus_external,erratic,2026-02-01,71711M53MA0799,0.0,0.49471545219421387,0.49471545219421387
chronos_2_erratic_features_plus_external,erratic,2026-02-01,71711M53MB05PK,0.0,1.1057080030441284,1.1057080030441284
chronos_2_erratic_features_plus_external,erratic,2026-02-01,71711M56R00799,2.0,3.721585750579834,1.721585750579834
chronos_2_erratic_features_plus_external,erratic,2026-02-01,71711M62S005PK,12.0,9.775696754455566,2.2243032455444336
chronos_2_erratic_features_plus_external,erratic,2026-02-01,71711M66L005PK,2.0,0.1536484956741333,1.8463515043258667
chronos_2_erratic_features_plus_external,erratic,2026-02-01,71711M67P00799,0.0,1.9000253677368164,1.9000253677368164
chronos_2_erratic_features_plus_external,erratic,2026-02-01,71711M68K00799,6.0,1.7548766136169434,4.245123386383057
chronos_2_erratic_features_plus_external,erratic,2026-02-01,71711M73T115PK,10.0,5.980468273162842,4.019531726837158
chronos_2_erratic_features_plus_external,erratic,2026-02-01,71711M74L00799,2.0,2.8618321418762207,0.8618321418762207
chronos_2_erratic_features_plus_external,erratic,2026-02-01,71711M75L00799,1.0,1.7390391826629639,0.7390391826629639
chronos_2_erratic_features_plus_external,erratic,2026-02-01,71711M76M10799,0.0,2.6347217559814453,2.6347217559814453
chronos_2_erratic_features_plus_external,erratic,2026-02-01,71711M76T00N49,12.0,8.144942283630371,3.855057716369629
chronos_2_erratic_features_plus_external,erratic,2026-02-01,71711M79M00799,0.0,1.070733666419983,1.070733666419983
chronos_2_erratic_features_plus_external,erratic,2026-02-01,71712M54T00000,11.0,2.6815576553344727,8.318442344665527
chronos_2_erratic_features_plus_external,erratic,2026-02-01,71712M55T00000,6.0,2.6813716888427734,3.3186283111572266
chronos_2_erratic_features_plus_external,erratic,2026-02-01,71712M56R00000,2.0,2.308973550796509,0.3089735507965088
chronos_2_erratic_features_plus_external,erratic,2026-02-01,71712M79M00000,3.0,2.1786441802978516,0.8213558197021484
chronos_2_erratic_features_plus_external,erratic,2026-02-01,71720M76M005PK,0.0,2.2927498817443848,2.2927498817443848
chronos_2_erratic_features_plus_external,erratic,2026-02-01,7172160K005PK,3.0,1.088514804840088,1.911485195159912
chronos_2_erratic_features_plus_external,erratic,2026-02-01,7172161P005PK,3.0,3.599977970123291,0.599977970123291
chronos_2_erratic_features_plus_external,erratic,2026-02-01,7172177MJ05PK,2.0,0.719640851020813,1.280359148979187
chronos_2_erratic_features_plus_external,erratic,2026-02-01,7172179P005PK,1.0,2.3184261322021484,1.3184261322021484
chronos_2_erratic_features_plus_external,erratic,2026-02-01,7172186R105PK,4.0,1.8126566410064697,2.1873433589935303
chronos_2_erratic_features_plus_external,erratic,2026-02-01,71721M56R005PK,0.0,3.583221912384033,3.583221912384033
chronos_2_erratic_features_plus_external,erratic,2026-02-01,71721M60MA05PK,2.0,1.8412247896194458,0.1587752103805542
chronos_2_erratic_features_plus_external,erratic,2026-02-01,71721M74T005PK,8.0,11.208212852478027,3.2082128524780273
chronos_2_erratic_features_plus_external,erratic,2026-02-01,71721M75L005PK,0.0,1.070375680923462,1.070375680923462
chronos_2_erratic_features_plus_external,erratic,2026-02-01,71721M75T005PK,2.0,4.090371131896973,2.0903711318969727
chronos_2_erratic_features_plus_external,erratic,2026-02-01,71721M78R005PK,3.0,2.4077699184417725,0.5922300815582275
chronos_2_erratic_features_plus_external,erratic,2026-02-01,71721M84P005PK,2.0,0.377347469329834,1.622652530670166
chronos_2_erratic_features_plus_external,erratic,2026-02-01,7173154GA0000,0.0,0.07485342025756836,0.07485342025756836
chronos_2_erratic_features_plus_external,erratic,2026-02-01,7173163J20000,1.0,0.12623679637908936,0.8737632036209106
chronos_2_erratic_features_plus_external,erratic,2026-02-01,7173171L00000,2.0,2.034043788909912,0.03404378890991211
chronos_2_erratic_features_plus_external,erratic,2026-02-01,71731M53M00000,3.0,0.8889198303222656,2.1110801696777344
chronos_2_erratic_features_plus_external,erratic,2026-02-01,71731M53MB0000,5.0,4.01519775390625,0.98480224609375
chronos_2_erratic_features_plus_external,erratic,2026-02-01,71731M66L005PK,2.0,1.5337700843811035,0.4662299156188965
chronos_2_erratic_features_plus_external,erratic,2026-02-01,71731M67P00000,1.0,2.778980255126953,1.7789802551269531
chronos_2_erratic_features_plus_external,erratic,2026-02-01,71731M68K00000,3.0,3.983391523361206,0.983391523361206
chronos_2_erratic_features_plus_external,erratic,2026-02-01,7173262R00000,1.0,3.2034225463867188,2.2034225463867188
chronos_2_erratic_features_plus_external,erratic,2026-02-01,7173263J20000,1.0,0.31249403953552246,0.6875059604644775
chronos_2_erratic_features_plus_external,erratic,2026-02-01,7173271L00000,5.0,2.0636680126190186,2.9363319873809814
chronos_2_erratic_features_plus_external,erratic,2026-02-01,71732M53M00000,2.0,1.097797155380249,0.902202844619751
chronos_2_erratic_features_plus_external,erratic,2026-02-01,71732M66L005PK,2.0,1.3120338916778564,0.6879661083221436
chronos_2_erratic_features_plus_external,erratic,2026-02-01,71732M67P00000,0.0,3.674248218536377,3.674248218536377
chronos_2_erratic_features_plus_external,erratic,2026-02-01,71732M68K00000,1.0,5.325369358062744,4.325369358062744
chronos_2_erratic_features_plus_external,erratic,2026-02-01,71732M74T00000,3.0,4.497918605804443,1.4979186058044434
chronos_2_erratic_features_plus_external,erratic,2026-02-01,71733M55T00000,9.0,9.877425193786621,0.8774251937866211
chronos_2_erratic_features_plus_external,erratic,2026-02-01,71733M74L00000,0.0,1.7004022598266602,1.7004022598266602
chronos_2_erratic_features_plus_external,erratic,2026-02-01,71734M55T00000,13.0,11.604214668273926,1.3957853317260742
chronos_2_erratic_features_plus_external,erratic,2026-02-01,71734M68L00000,1.0,1.1664762496948242,0.16647624969482422
chronos_2_erratic_features_plus_external,erratic,2026-02-01,71734M74T00000,1.0,1.5444806814193726,0.5444806814193726
chronos_2_erratic_features_plus_external,erratic,2026-02-01,7174054L10D2W,0.0,1.9338732957839966,1.9338732957839966
chronos_2_erratic_features_plus_external,erratic,2026-02-01,7174073R10CUG,0.0,1.1608531475067139,1.1608531475067139
chronos_2_erratic_features_plus_external,erratic,2026-02-01,7174079P00C48,1.0,0.448596715927124,0.551403284072876
chronos_2_erratic_features_plus_external,erratic,2026-02-01,7174079S00C48,2.0,6.913608551025391,4.913608551025391
chronos_2_erratic_features_plus_external,erratic,2026-02-01,71740M55T10C48,13.0,19.24213981628418,6.24213981628418
chronos_2_erratic_features_plus_external,erratic,2026-02-01,71740M56R00C48,2.0,5.082945346832275,3.0829453468322754
chronos_2_erratic_features_plus_external,erratic,2026-02-01,71740M68T00C48,29.0,30.392934799194336,1.392934799194336
chronos_2_erratic_features_plus_external,erratic,2026-02-01,71740M76MA0C48,13.0,10.151666641235352,2.8483333587646484
chronos_2_erratic_features_plus_external,erratic,2026-02-01,71740M76T10KDJ,7.0,2.7690436840057373,4.230956315994263
chronos_2_erratic_features_plus_external,erratic,2026-02-01,71740M81R00C48,3.0,2.4616994857788086,0.5383005142211914
chronos_2_erratic_features_plus_external,erratic,2026-02-01,7174160P005PK,4.0,2.4953205585479736,1.5046794414520264
chronos_2_erratic_features_plus_external,erratic,2026-02-01,71741M53M005PK,2.0,1.4045281410217285,0.5954718589782715
chronos_2_erratic_features_plus_external,erratic,2026-02-01,71741M53MA05PK,2.0,2.767646551132202,0.7676465511322021
chronos_2_erratic_features_plus_external,erratic,2026-02-01,71741M74L005PK,0.0,1.0264378786087036,1.0264378786087036
chronos_2_erratic_features_plus_external,erratic,2026-02-01,71741M75L005PK,0.0,1.0121439695358276,1.0121439695358276
chronos_2_erratic_features_plus_external,erratic,2026-02-01,71741M75T00W9K,0.0,4.867865562438965,4.867865562438965
chronos_2_erratic_features_plus_external,erratic,2026-02-01,71741M76M105PK,3.0,2.144639015197754,0.8553609848022461
chronos_2_erratic_features_plus_external,erratic,2026-02-01,71741M83P005PK,9.0,4.746426105499268,4.253573894500732
chronos_2_erratic_features_plus_external,erratic,2026-02-01,71743M76M100PG,1.0,0.8045107126235962,0.1954892873764038
chronos_2_erratic_features_plus_external,erratic,2026-02-01,71744M76M100PG,1.0,0.9164653420448303,0.08353465795516968
chronos_2_erratic_features_plus_external,erratic,2026-02-01,71745M75T10000,2.0,1.40408194065094,0.5959180593490601
chronos_2_erratic_features_plus_external,erratic,2026-02-01,7175172S205PK,1.0,1.8677847385406494,0.8677847385406494
chronos_2_erratic_features_plus_external,erratic,2026-02-01,7175186R000PG,3.0,3.430920124053955,0.4309201240539551
chronos_2_erratic_features_plus_external,erratic,2026-02-01,71751M67P105PK,0.0,2.009641647338867,2.009641647338867
chronos_2_erratic_features_plus_external,erratic,2026-02-01,71751M83P105PK,6.0,2.218154191970825,3.781845808029175
chronos_2_erratic_features_plus_external,erratic,2026-02-01,71752M54T100PG,3.0,4.394672870635986,1.3946728706359863
chronos_2_erratic_features_plus_external,erratic,2026-02-01,71752M83P00PWJ,2.0,1.1170244216918945,0.8829755783081055
chronos_2_erratic_features_plus_external,erratic,2026-02-01,7176179P105PK,1.0,0.9044276475906372,0.09557235240936279
chronos_2_erratic_features_plus_external,erratic,2026-02-01,71761M52R105PK,6.0,2.515183925628662,3.484816074371338
chronos_2_erratic_features_plus_external,erratic,2026-02-01,71761M67P105PK,1.0,2.3151631355285645,1.3151631355285645
chronos_2_erratic_features_plus_external,erratic,2026-02-01,71761M68K105PK,0.0,1.1233123540878296,1.1233123540878296
chronos_2_erratic_features_plus_external,erratic,2026-02-01,71761M74T20ZAM,8.0,5.398082256317139,2.6019177436828613
chronos_2_erratic_features_plus_external,erratic,2026-02-01,71761M76MB0Z2S,1.0,1.814150333404541,0.814150333404541
chronos_2_erratic_features_plus_external,erratic,2026-02-01,71761M76MB0ZHJ,1.0,1.150573968887329,0.1505739688873291
chronos_2_erratic_features_plus_external,erratic,2026-02-01,71762M54T100PG,2.0,4.111360549926758,2.111360549926758
chronos_2_erratic_features_plus_external,erratic,2026-02-01,7177164R005PK,3.0,1.3316394090652466,1.6683605909347534
chronos_2_erratic_features_plus_external,erratic,2026-02-01,7177171L00000,1.0,0.0,1.0
chronos_2_erratic_features_plus_external,erratic,2026-02-01,7177186R000PG,4.0,2.541795253753662,1.458204746246338
chronos_2_erratic_features_plus_external,erratic,2026-02-01,71771M55T00000,26.0,16.368234634399414,9.631765365600586
chronos_2_erratic_features_plus_external,erratic,2026-02-01,71771M56R100PG,6.0,6.689177513122559,0.6891775131225586
chronos_2_erratic_features_plus_external,erratic,2026-02-01,71771M76T00PER,7.0,3.9013402462005615,3.0986597537994385
chronos_2_erratic_features_plus_external,erratic,2026-02-01,71772M55T00000,9.0,2.946890354156494,6.053109645843506
chronos_2_erratic_features_plus_external,erratic,2026-02-01,71782M56R100PG,1.0,1.546929121017456,0.546929121017456
chronos_2_erratic_features_plus_external,erratic,2026-02-01,71782M66L00000,0.0,2.0684163570404053,2.0684163570404053
chronos_2_erratic_features_plus_external,erratic,2026-02-01,71782M75T00000,1.0,0.9612078070640564,0.038792192935943604
chronos_2_erratic_features_plus_external,erratic,2026-02-01,7181179P00799,1.0,2.0610456466674805,1.0610456466674805
chronos_2_erratic_features_plus_external,erratic,2026-02-01,71811M53M00799,1.0,3.2675108909606934,2.2675108909606934
chronos_2_erratic_features_plus_external,erratic,2026-02-01,71811M56R00799,1.0,1.2582426071166992,0.2582426071166992
chronos_2_erratic_features_plus_external,erratic,2026-02-01,71811M56R10799,0.0,1.01955246925354,1.01955246925354
chronos_2_erratic_features_plus_external,erratic,2026-02-01,71811M66L005PK,0.0,0.5501070618629456,0.5501070618629456
chronos_2_erratic_features_plus_external,erratic,2026-02-01,71811M67P01799,0.0,1.109732985496521,1.109732985496521
chronos_2_erratic_features_plus_external,erratic,2026-02-01,71811M68K00799,2.0,3.1560020446777344,1.1560020446777344
chronos_2_erratic_features_plus_external,erratic,2026-02-01,71811M68P00799,2.0,2.237201690673828,0.23720169067382812
chronos_2_erratic_features_plus_external,erratic,2026-02-01,71811M74T00799,7.0,4.844545364379883,2.155454635620117
chronos_2_erratic_features_plus_external,erratic,2026-02-01,71811M75L00799,0.0,0.7885206937789917,0.7885206937789917
chronos_2_erratic_features_plus_external,erratic,2026-02-01,71811M75T00799,6.0,3.4171128273010254,2.5828871726989746
chronos_2_erratic_features_plus_external,erratic,2026-02-01,71811M76M00799,0.0,4.998015403747559,4.998015403747559
chronos_2_erratic_features_plus_external,erratic,2026-02-01,71811M80T105PK,0.0,6.579990386962891,6.579990386962891
chronos_2_erratic_features_plus_external,erratic,2026-02-01,7181365L00000,2.0,3.138472080230713,1.138472080230713
chronos_2_erratic_features_plus_external,erratic,2026-02-01,7182173K10000,1.0,2.2132086753845215,1.2132086753845215
chronos_2_erratic_features_plus_external,erratic,2026-02-01,7182179P00000,2.0,1.7273058891296387,0.27269411087036133
chronos_2_erratic_features_plus_external,erratic,2026-02-01,71821M68K00000,3.0,0.9967687129974365,2.0032312870025635
chronos_2_erratic_features_plus_external,erratic,2026-02-01,71821M75T00000,3.0,3.1415634155273438,0.14156341552734375
chronos_2_erratic_features_plus_external,erratic,2026-02-01,71821M79M00000,0.0,3.665032148361206,3.665032148361206
chronos_2_erratic_features_plus_external,erratic,2026-02-01,7182273K10000,2.0,2.0498716831207275,0.04987168312072754
chronos_2_erratic_features_plus_external,erratic,2026-02-01,7182279P00000,1.0,1.4458208084106445,0.44582080841064453
chronos_2_erratic_features_plus_external,erratic,2026-02-01,7182280J00000,3.0,1.2764756679534912,1.7235243320465088
chronos_2_erratic_features_plus_external,erratic,2026-02-01,71822M55T00000,11.0,13.417947769165039,2.417947769165039
chronos_2_erratic_features_plus_external,erratic,2026-02-01,71822M68K00000,4.0,0.0,4.0
chronos_2_erratic_features_plus_external,erratic,2026-02-01,71822M75T00000,4.0,2.3702549934387207,1.6297450065612793
chronos_2_erratic_features_plus_external,erratic,2026-02-01,71822M79M00000,5.0,3.274120330810547,1.7258796691894531
chronos_2_erratic_features_plus_external,erratic,2026-02-01,71823M68L00000,3.0,2.218799352645874,0.781200647354126
chronos_2_erratic_features_plus_external,erratic,2026-02-01,7187186R000BK,2.0,5.297120571136475,3.2971205711364746
chronos_2_erratic_features_plus_external,erratic,2026-02-01,72310M68K00000,0.0,3.498420476913452,3.498420476913452
chronos_2_erratic_features_plus_external,erratic,2026-02-01,72312M55R00000,2.0,6.315723419189453,4.315723419189453
chronos_2_erratic_features_plus_external,erratic,2026-02-01,72312M68K00000,6.0,2.9965171813964844,3.0034828186035156
chronos_2_erratic_features_plus_external,erratic,2026-02-01,7232154P00000,2.0,1.8011754751205444,0.19882452487945557
chronos_2_erratic_features_plus_external,erratic,2026-02-01,7232171L00000,4.0,0.31747984886169434,3.6825201511383057
chronos_2_erratic_features_plus_external,erratic,2026-02-01,72321M53M00000,2.0,3.989976167678833,1.989976167678833
chronos_2_erratic_features_plus_external,erratic,2026-02-01,72321M68K00000,3.0,2.693101167678833,0.306898832321167
chronos_2_erratic_features_plus_external,erratic,2026-02-01,72321M74L00000,13.0,9.242425918579102,3.7575740814208984
chronos_2_erratic_features_plus_external,erratic,2026-02-01,72321M76M01000,1.0,1.1535314321517944,0.15353143215179443
chronos_2_erratic_features_plus_external,erratic,2026-02-01,7232271L00000,2.0,2.573906183242798,0.5739061832427979
chronos_2_erratic_features_plus_external,erratic,2026-02-01,72322M53M00000,1.0,0.740821361541748,0.25917863845825195
chronos_2_erratic_features_plus_external,erratic,2026-02-01,72322M68K00000,2.0,3.2875852584838867,1.2875852584838867
chronos_2_erratic_features_plus_external,erratic,2026-02-01,72322M74L00000,13.0,9.55852222442627,3.4414777755737305
chronos_2_erratic_features_plus_external,erratic,2026-02-01,72322M76M01000,7.0,1.3067272901535034,5.693272709846497
chronos_2_erratic_features_plus_external,erratic,2026-02-01,72371M74L105PK,0.0,0.44330495595932007,0.44330495595932007
chronos_2_erratic_features_plus_external,erratic,2026-02-01,72380M62S01000,4.0,1.355031967163086,2.644968032836914
chronos_2_erratic_features_plus_external,erratic,2026-02-01,72398M68K00000,5.0,0.04866194725036621,4.951338052749634
chronos_2_erratic_features_plus_external,erratic,2026-02-01,72411M74L10000,1.0,0.15404468774795532,0.8459553122520447
chronos_2_erratic_features_plus_external,erratic,2026-02-01,72420M80T00000,1.0,1.5523391962051392,0.5523391962051392
chronos_2_erratic_features_plus_external,erratic,2026-02-01,7242252R00000,1.0,1.0528500080108643,0.05285000801086426
chronos_2_erratic_features_plus_external,erratic,2026-02-01,72431M68L00000,1.0,2.243469715118408,1.2434697151184082
chronos_2_erratic_features_plus_external,erratic,2026-02-01,72433M56R00000,1.0,1.696514368057251,0.696514368057251
chronos_2_erratic_features_plus_external,erratic,2026-02-01,72437M68L00000,1.0,0.427870512008667,0.572129487991333
chronos_2_erratic_features_plus_external,erratic,2026-02-01,7248265J00000,4.0,3.1516659259796143,0.8483340740203857
chronos_2_erratic_features_plus_external,erratic,2026-02-01,7282165J00Z2S,1.0,3.392547369003296,2.392547369003296
chronos_2_erratic_features_plus_external,erratic,2026-02-01,73110M68P50ZCA,0.0,0.8337897062301636,0.8337897062301636
chronos_2_erratic_features_plus_external,erratic,2026-02-01,7343061J00P4Z,4.0,1.6648008823394775,2.3351991176605225
chronos_2_erratic_features_plus_external,erratic,2026-02-01,73430M75J00P4Z,2.0,0.9848511219024658,1.0151488780975342
chronos_2_erratic_features_plus_external,erratic,2026-02-01,73821M62S205PK,0.0,1.6732044219970703,1.6732044219970703
chronos_2_erratic_features_plus_external,erratic,2026-02-01,73821M67P305PK,2.0,0.6143447756767273,1.3856552243232727
chronos_2_erratic_features_plus_external,erratic,2026-02-01,73831M68P005PK,0.0,0.5924184918403625,0.5924184918403625
chronos_2_erratic_features_plus_external,erratic,2026-02-01,74120M66L10000,1.0,0.3588392734527588,0.6411607265472412
chronos_2_erratic_features_plus_external,erratic,2026-02-01,74461M79M005PK,1.0,5.0734405517578125,4.0734405517578125
chronos_2_erratic_features_plus_external,erratic,2026-02-01,7619171L005PK,0.0,0.9310430288314819,0.9310430288314819
chronos_2_erratic_features_plus_external,erratic,2026-02-01,7619254P005PK,2.0,2.9590229988098145,0.9590229988098145
chronos_2_erratic_features_plus_external,erratic,2026-02-01,76520M68P10000,2.0,0.962772011756897,1.037227988243103
chronos_2_erratic_features_plus_external,erratic,2026-02-01,76520M74K01000,0.0,2.233590602874756,2.233590602874756
chronos_2_erratic_features_plus_external,erratic,2026-02-01,77161M68P00000,3.0,0.01644688844680786,2.983553111553192
chronos_2_erratic_features_plus_external,erratic,2026-02-01,77210M74T005PK,9.0,6.4164347648620605,2.5835652351379395
chronos_2_erratic_features_plus_external,erratic,2026-02-01,7726054P005PK,0.0,2.1292881965637207,2.1292881965637207
chronos_2_erratic_features_plus_external,erratic,2026-02-01,7733061M01000,2.0,6.299200057983398,4.299200057983398
chronos_2_erratic_features_plus_external,erratic,2026-02-01,77330M81R00000,3.0,7.1595611572265625,4.1595611572265625
chronos_2_erratic_features_plus_external,erratic,2026-02-01,7781158J000PG,0.0,2.281407356262207,2.281407356262207
chronos_2_erratic_features_plus_external,erratic,2026-02-01,77811M58J000PG,1.0,3.6995389461517334,2.6995389461517334
chronos_2_erratic_features_plus_external,erratic,2026-02-01,77811M63T000PG,1.0,2.7257378101348877,1.7257378101348877
chronos_2_erratic_features_plus_external,erratic,2026-02-01,7783154GB00PG,1.0,1.8027580976486206,0.8027580976486206
chronos_2_erratic_features_plus_external,erratic,2026-02-01,77831M68L000PG,4.0,2.7737483978271484,1.2262516021728516
chronos_2_erratic_features_plus_external,erratic,2026-02-01,77851M54G000PG,0.0,0.5500601530075073,0.5500601530075073
chronos_2_erratic_features_plus_external,erratic,2026-02-01,8185061J01000,1.0,1.257275938987732,0.25727593898773193
chronos_2_erratic_features_plus_external,erratic,2026-02-01,81850M68K00000,2.0,2.2208797931671143,0.22087979316711426
chronos_2_erratic_features_plus_external,erratic,2026-02-01,81850M68P10000,5.0,2.3650877475738525,2.6349122524261475
chronos_2_erratic_features_plus_external,erratic,2026-02-01,8186061J01000,1.0,1.12590754032135,0.1259075403213501
chronos_2_erratic_features_plus_external,erratic,2026-02-01,81860M68K00000,1.0,1.7977066040039062,0.7977066040039062
chronos_2_erratic_features_plus_external,erratic,2026-02-01,81860M79G20000,2.0,1.0699687004089355,0.9300312995910645
chronos_2_erratic_features_plus_external,erratic,2026-02-01,8212177K00000,1.0,0.6830762624740601,0.31692373752593994
chronos_2_erratic_features_plus_external,erratic,2026-02-01,82801M66L015PK,0.0,5.15108060836792,5.15108060836792
chronos_2_erratic_features_plus_external,erratic,2026-02-01,82801M68K005PK,2.0,1.5599819421768188,0.44001805782318115
chronos_2_erratic_features_plus_external,erratic,2026-02-01,82802M66L015PK,25.0,13.583636283874512,11.416363716125488
chronos_2_erratic_features_plus_external,erratic,2026-02-01,82802M68K5026U,11.0,7.758891582489014,3.2411084175109863
chronos_2_erratic_features_plus_external,erratic,2026-02-01,82802M81A605PK,14.0,4.504668235778809,9.495331764221191
chronos_2_erratic_features_plus_external,erratic,2026-02-01,82850M76M005PK,2.0,8.25466537475586,6.254665374755859
chronos_2_erratic_features_plus_external,erratic,2026-02-01,8392152R010CE,1.0,1.7707648277282715,0.7707648277282715
chronos_2_erratic_features_plus_external,erratic,2026-02-01,83921M68P000CB,2.0,1.4534562826156616,0.5465437173843384
chronos_2_erratic_features_plus_external,erratic,2026-02-01,83922M55T000CB,3.0,4.026176452636719,1.0261764526367188
chronos_2_erratic_features_plus_external,erratic,2026-02-01,8392352R020CE,2.0,1.5172361135482788,0.4827638864517212
chronos_2_erratic_features_plus_external,erratic,2026-02-01,83923M68P000CB,2.0,1.2889981269836426,0.7110018730163574
chronos_2_erratic_features_plus_external,erratic,2026-02-01,83924M55T000CB,3.0,4.25331449508667,1.25331449508667
chronos_2_erratic_features_plus_external,erratic,2026-02-01,83924M62S000CB,1.0,3.6789302825927734,2.6789302825927734
chronos_2_erratic_features_plus_external,erratic,2026-02-01,83924M68P100CB,2.0,2.2406232357025146,0.24062323570251465
chronos_2_erratic_features_plus_external,erratic,2026-02-01,83926M68P000CB,1.0,0.6029542684555054,0.39704573154449463
chronos_2_erratic_features_plus_external,erratic,2026-02-01,8393061J005PK,0.0,3.9683997631073,3.9683997631073
chronos_2_erratic_features_plus_external,erratic,2026-02-01,83932M68P000CB,1.0,0.37247800827026367,0.6275219917297363
chronos_2_erratic_features_plus_external,erratic,2026-02-01,83940M68P100PG,1.0,0.9774465560913086,0.022553443908691406
chronos_2_erratic_features_plus_external,erratic,2026-02-01,83940M74L10000,2.0,0.9739827513694763,1.0260172486305237
chronos_2_erratic_features_plus_external,erratic,2026-02-01,83970M68P00000,1.0,2.357499599456787,1.357499599456787
chronos_2_erratic_features_plus_external,erratic,2026-02-01,84051M55T01000,4.0,7.826094150543213,3.826094150543213
chronos_2_erratic_features_plus_external,erratic,2026-02-01,84051M55T11000,8.0,3.779508113861084,4.220491886138916
chronos_2_erratic_features_plus_external,erratic,2026-02-01,8450152R02000,3.0,0.42611777782440186,2.573882222175598
chronos_2_erratic_features_plus_external,erratic,2026-02-01,84501M55T00000,0.0,1.0580742359161377,1.0580742359161377
chronos_2_erratic_features_plus_external,erratic,2026-02-01,84501M68P00000,2.0,1.1951642036437988,0.8048357963562012
chronos_2_erratic_features_plus_external,erratic,2026-02-01,84502M68P00000,0.0,1.9999208450317383,1.9999208450317383
chronos_2_erratic_features_plus_external,erratic,2026-02-01,84510M74L01000,1.0,1.9036134481430054,0.9036134481430054
chronos_2_erratic_features_plus_external,erratic,2026-02-01,84511M75T10000,4.0,3.493067741394043,0.506932258605957
chronos_2_erratic_features_plus_external,erratic,2026-02-01,84511M76M10000,1.0,0.3766322135925293,0.6233677864074707
chronos_2_erratic_features_plus_external,erratic,2026-02-01,8470171LVAZMT,6.0,0.1969231367111206,5.803076863288879
chronos_2_erratic_features_plus_external,erratic,2026-02-01,84701M53M205PK,4.0,1.6126173734664917,2.3873826265335083
chronos_2_erratic_features_plus_external,erratic,2026-02-01,84701M55TB0ZHJ,5.0,4.519920825958252,0.48007917404174805
chronos_2_erratic_features_plus_external,erratic,2026-02-01,84701M68P31ZHJ,0.0,0.9156781435012817,0.9156781435012817
chronos_2_erratic_features_plus_external,erratic,2026-02-01,84701M68P515PK,0.0,1.9464802742004395,1.9464802742004395
chronos_2_erratic_features_plus_external,erratic,2026-02-01,84701M74LC15PK,0.0,1.6379272937774658,1.6379272937774658
chronos_2_erratic_features_plus_external,erratic,2026-02-01,8470261J025PK,2.0,0.8766882419586182,1.1233117580413818
chronos_2_erratic_features_plus_external,erratic,2026-02-01,84702M53M205PK,2.0,4.420623779296875,2.420623779296875
chronos_2_erratic_features_plus_external,erratic,2026-02-01,84702M55TB0ZHJ,2.0,2.723361015319824,0.7233610153198242
chronos_2_erratic_features_plus_external,erratic,2026-02-01,84702M56R92ZHJ,1.0,0.7426315546035767,0.25736844539642334
chronos_2_erratic_features_plus_external,erratic,2026-02-01,84702M62S20Z4Q,3.0,5.602861404418945,2.6028614044189453
chronos_2_erratic_features_plus_external,erratic,2026-02-01,84702M68P31ZHJ,0.0,1.0110207796096802,1.0110207796096802
chronos_2_erratic_features_plus_external,erratic,2026-02-01,84702M68P515PK,0.0,2.50053071975708,2.50053071975708
chronos_2_erratic_features_plus_external,erratic,2026-02-01,84702M74LC15PK,0.0,0.03399193286895752,0.03399193286895752
chronos_2_erratic_features_plus_external,erratic,2026-02-01,84702M79G30000,0.0,0.005173861980438232,0.005173861980438232
chronos_2_erratic_features_plus_external,erratic,2026-02-01,84703M79M02000,9.0,10.815317153930664,1.815317153930664
chronos_2_erratic_features_plus_external,erratic,2026-02-01,8471852R20ZVR,1.0,1.0189294815063477,0.018929481506347656
chronos_2_erratic_features_plus_external,erratic,2026-02-01,8472852R20ZVR,1.0,0.2617359757423401,0.7382640242576599
chronos_2_erratic_features_plus_external,erratic,2026-02-01,8472865J00Z2S,1.0,1.0780121088027954,0.07801210880279541
chronos_2_erratic_features_plus_external,erratic,2026-02-01,8472880J00Z2S,2.0,1.061545729637146,0.938454270362854
chronos_2_erratic_features_plus_external,erratic,2026-02-01,84730M67P10000,0.0,2.0583207607269287,2.0583207607269287
chronos_2_erratic_features_plus_external,erratic,2026-02-01,84730M74LC0000,2.0,1.9486491680145264,0.05135083198547363
chronos_2_erratic_features_plus_external,erratic,2026-02-01,84730M79M00000,6.0,1.4369187355041504,4.56308126449585
chronos_2_erratic_features_plus_external,erratic,2026-02-01,8474061M00000,0.0,1.083384394645691,1.083384394645691
chronos_2_erratic_features_plus_external,erratic,2026-02-01,8474065J00000,0.0,2.049276351928711,2.049276351928711
chronos_2_erratic_features_plus_external,erratic,2026-02-01,84740M67P10000,0.0,0.05321258306503296,0.05321258306503296
chronos_2_erratic_features_plus_external,erratic,2026-02-01,84740M74LC0000,2.0,1.3790569305419922,0.6209430694580078
chronos_2_erratic_features_plus_external,erratic,2026-02-01,84740M74LE0000,0.0,0.022668123245239258,0.022668123245239258
chronos_2_erratic_features_plus_external,erratic,2026-02-01,84740M76M00000,0.0,0.7398989200592041,0.7398989200592041
chronos_2_erratic_features_plus_external,erratic,2026-02-01,84740M79M00000,1.0,0.5635986328125,0.4364013671875
chronos_2_erratic_features_plus_external,erratic,2026-02-01,84920M68PB1BHE,0.0,2.6291542053222656,2.6291542053222656
chronos_2_erratic_features_plus_external,erratic,2026-02-01,84940M68PC1BHE,0.0,2.007326602935791,2.007326602935791
chronos_2_erratic_features_plus_external,erratic,2026-02-01,95130M68K00000,1.0,0.1482100486755371,0.8517899513244629
chronos_2_erratic_features_plus_external,erratic,2026-02-01,95310M53T00000,5.0,6.116909027099609,1.1169090270996094
chronos_2_erratic_features_plus_external,erratic,2026-02-01,95310M55T00000,2.0,6.114526748657227,4.114526748657227
chronos_2_erratic_features_plus_external,erratic,2026-02-01,95310M76M00000,4.0,1.6667981147766113,2.3332018852233887
chronos_2_erratic_features_plus_external,erratic,2026-03-01,0911912012000,61.0,54.211639404296875,6.788360595703125
chronos_2_erratic_features_plus_external,erratic,2026-03-01,09140M12040000,5.0,17.29727554321289,12.29727554321289
chronos_2_erratic_features_plus_external,erratic,2026-03-01,0915912057000,0.0,2.092132568359375,2.092132568359375
chronos_2_erratic_features_plus_external,erratic,2026-03-01,09209M09L02000,7.0,4.404251575469971,2.5957484245300293
chronos_2_erratic_features_plus_external,erratic,2026-03-01,0924616021000,0.0,3.276733160018921,3.276733160018921
chronos_2_erratic_features_plus_external,erratic,2026-03-01,0928335052000,2.0,3.4756007194519043,1.4756007194519043
chronos_2_erratic_features_plus_external,erratic,2026-03-01,0928348007000,21.0,1.1582295894622803,19.84177041053772
chronos_2_erratic_features_plus_external,erratic,2026-03-01,0940907340000,20.0,21.40129852294922,1.4012985229492188
chronos_2_erratic_features_plus_external,erratic,2026-03-01,09409M07355000,0.0,81.70585632324219,81.70585632324219
chronos_2_erratic_features_plus_external,erratic,2026-03-01,09409M08006000,83.0,141.14830017089844,58.14830017089844
chronos_2_erratic_features_plus_external,erratic,2026-03-01,09409M10L04000,31.0,2.159646987915039,28.84035301208496
chronos_2_erratic_features_plus_external,erratic,2026-03-01,11610M53M00000,8.0,5.435274124145508,2.564725875854492
chronos_2_erratic_features_plus_external,erratic,2026-03-01,11610M68K03000,8.0,2.701268434524536,5.298731565475464
chronos_2_erratic_features_plus_external,erratic,2026-03-01,11620M53M00000,13.0,1.6161727905273438,11.383827209472656
chronos_2_erratic_features_plus_external,erratic,2026-03-01,11710M53M00000,10.0,6.815946102142334,3.184053897857666
chronos_2_erratic_features_plus_external,erratic,2026-03-01,17100M62S00000,3.0,0.5536079406738281,2.446392059326172
chronos_2_erratic_features_plus_external,erratic,2026-03-01,17213M76M00000,0.0,1.7226572036743164,1.7226572036743164
chronos_2_erratic_features_plus_external,erratic,2026-03-01,17214M76M10000,0.0,1.0513386726379395,1.0513386726379395
chronos_2_erratic_features_plus_external,erratic,2026-03-01,17700M53M20000,2.0,1.9345917701721191,0.06540822982788086
chronos_2_erratic_features_plus_external,erratic,2026-03-01,17700M76M10000,0.0,1.47995126247406,1.47995126247406
chronos_2_erratic_features_plus_external,erratic,2026-03-01,17700M83P00000,1.0,2.877617835998535,1.8776178359985352
chronos_2_erratic_features_plus_external,erratic,2026-03-01,3512065J32000,3.0,2.2525076866149902,0.7474923133850098
chronos_2_erratic_features_plus_external,erratic,2026-03-01,3512071L20000,3.0,0.22455644607543945,2.7754435539245605
chronos_2_erratic_features_plus_external,erratic,2026-03-01,35120M68K20000,1.0,1.1345813274383545,0.1345813274383545
chronos_2_erratic_features_plus_external,erratic,2026-03-01,35121M53MB0000,7.0,4.313592910766602,2.6864070892333984
chronos_2_erratic_features_plus_external,erratic,2026-03-01,35121M60M10000,0.0,0.2635258138179779,0.2635258138179779
chronos_2_erratic_features_plus_external,erratic,2026-03-01,35121M62S30000,4.0,7.522397041320801,3.522397041320801
chronos_2_erratic_features_plus_external,erratic,2026-03-01,35121M67P10000,3.0,0.4884548783302307,2.5115451216697693
chronos_2_erratic_features_plus_external,erratic,2026-03-01,35121M74L01000,2.0,3.444856643676758,1.4448566436767578
chronos_2_erratic_features_plus_external,erratic,2026-03-01,35121M76M50000,3.0,1.8020555973052979,1.1979444026947021
chronos_2_erratic_features_plus_external,erratic,2026-03-01,35153M59K10000,0.0,0.2893120050430298,0.2893120050430298
chronos_2_erratic_features_plus_external,erratic,2026-03-01,35300M74TB1000,7.0,5.667532920837402,1.3324670791625977
chronos_2_erratic_features_plus_external,erratic,2026-03-01,3532064J31000,4.0,0.6670230627059937,3.3329769372940063
chronos_2_erratic_features_plus_external,erratic,2026-03-01,3532065J32000,1.0,1.2265821695327759,0.22658216953277588
chronos_2_erratic_features_plus_external,erratic,2026-03-01,3532071L20000,4.0,1.012380599975586,2.987619400024414
chronos_2_erratic_features_plus_external,erratic,2026-03-01,3532079P30000,1.0,0.5994887948036194,0.4005112051963806
chronos_2_erratic_features_plus_external,erratic,2026-03-01,35321M53MB0000,5.0,4.047901630401611,0.9520983695983887
chronos_2_erratic_features_plus_external,erratic,2026-03-01,35321M55T53000,3.0,10.31191349029541,7.31191349029541
chronos_2_erratic_features_plus_external,erratic,2026-03-01,35321M67P10000,1.0,1.6379156112670898,0.6379156112670898
chronos_2_erratic_features_plus_external,erratic,2026-03-01,35321M68K21000,0.0,2.515319347381592,2.515319347381592
chronos_2_erratic_features_plus_external,erratic,2026-03-01,35321M74L01000,4.0,3.778130531311035,0.22186946868896484
chronos_2_erratic_features_plus_external,erratic,2026-03-01,35321M76M50000,3.0,3.917128562927246,0.9171285629272461
chronos_2_erratic_features_plus_external,erratic,2026-03-01,3550054P01000,10.0,0.8319180011749268,9.168081998825073
chronos_2_erratic_features_plus_external,erratic,2026-03-01,35501M67P00000,2.0,0.3511047959327698,1.6488952040672302
chronos_2_erratic_features_plus_external,erratic,2026-03-01,3565064J21000,1.0,1.7267217636108398,0.7267217636108398
chronos_2_erratic_features_plus_external,erratic,2026-03-01,3565065J21000,1.0,2.5603930950164795,1.5603930950164795
chronos_2_erratic_features_plus_external,erratic,2026-03-01,3565077R00000,3.0,2.288869857788086,0.7111301422119141
chronos_2_erratic_features_plus_external,erratic,2026-03-01,3565079P00000,1.0,0.24784588813781738,0.7521541118621826
chronos_2_erratic_features_plus_external,erratic,2026-03-01,35650M53M00000,7.0,6.192013740539551,0.8079862594604492
chronos_2_erratic_features_plus_external,erratic,2026-03-01,35650M66L00000,1.0,0.0,1.0
chronos_2_erratic_features_plus_external,erratic,2026-03-01,35650M67P00000,0.0,0.47688961029052734,0.47688961029052734
chronos_2_erratic_features_plus_external,erratic,2026-03-01,35650M74L00000,6.0,5.768195629119873,0.23180437088012695
chronos_2_erratic_features_plus_external,erratic,2026-03-01,35650M75T00000,3.0,3.1468355655670166,0.1468355655670166
chronos_2_erratic_features_plus_external,erratic,2026-03-01,35651M68K00000,1.0,0.9656319618225098,0.034368038177490234
chronos_2_erratic_features_plus_external,erratic,2026-03-01,35651M75L00000,0.0,2.9079878330230713,2.9079878330230713
chronos_2_erratic_features_plus_external,erratic,2026-03-01,35651M76M00000,0.0,0.9595621824264526,0.9595621824264526
chronos_2_erratic_features_plus_external,erratic,2026-03-01,3567060K00000,0.0,3.7109997272491455,3.7109997272491455
chronos_2_erratic_features_plus_external,erratic,2026-03-01,3567061M10000,1.0,2.5839359760284424,1.5839359760284424
chronos_2_erratic_features_plus_external,erratic,2026-03-01,3567064J20000,0.0,1.0485634803771973,1.0485634803771973
chronos_2_erratic_features_plus_external,erratic,2026-03-01,3567071L00000,2.0,2.392571210861206,0.39257121086120605
chronos_2_erratic_features_plus_external,erratic,2026-03-01,3567079P00000,1.0,0.0,1.0
chronos_2_erratic_features_plus_external,erratic,2026-03-01,35670M74L00000,7.0,6.351938247680664,0.6480617523193359
chronos_2_erratic_features_plus_external,erratic,2026-03-01,35671M68K00000,3.0,1.0308189392089844,1.9691810607910156
chronos_2_erratic_features_plus_external,erratic,2026-03-01,35671M75L00000,1.0,1.671571969985962,0.6715719699859619
chronos_2_erratic_features_plus_external,erratic,2026-03-01,35750M53M00000,4.0,7.0772833824157715,3.0772833824157715
chronos_2_erratic_features_plus_external,erratic,2026-03-01,35750M66L00000,0.0,0.7612810134887695,0.7612810134887695
chronos_2_erratic_features_plus_external,erratic,2026-03-01,35750M67P00000,2.0,1.9888774156570435,0.011122584342956543
chronos_2_erratic_features_plus_external,erratic,2026-03-01,35750M75T00000,6.0,3.575151205062866,2.424848794937134
chronos_2_erratic_features_plus_external,erratic,2026-03-01,3591075F12000,1.0,1.172782301902771,0.172782301902771
chronos_2_erratic_features_plus_external,erratic,2026-03-01,36250M74T15000,10.0,4.800531387329102,5.199468612670898
chronos_2_erratic_features_plus_external,erratic,2026-03-01,3625479P01000,2.0,0.2781217098236084,1.7218782901763916
chronos_2_erratic_features_plus_external,erratic,2026-03-01,3625486R20000,0.0,1.193399429321289,1.193399429321289
chronos_2_erratic_features_plus_external,erratic,2026-03-01,36410M67K00000,4.0,2.510403633117676,1.4895963668823242
chronos_2_erratic_features_plus_external,erratic,2026-03-01,38450M68K00000,1.0,1.884875774383545,0.8848757743835449
chronos_2_erratic_features_plus_external,erratic,2026-03-01,38450M74L10000,3.0,1.0006892681121826,1.9993107318878174
chronos_2_erratic_features_plus_external,erratic,2026-03-01,38450M76M00000,1.0,2.5904316902160645,1.5904316902160645
chronos_2_erratic_features_plus_external,erratic,2026-03-01,38453M75000000,2.0,0.4646942615509033,1.5353057384490967
chronos_2_erratic_features_plus_external,erratic,2026-03-01,3925164J00000,3.0,3.5718348026275635,0.5718348026275635
chronos_2_erratic_features_plus_external,erratic,2026-03-01,3932152R00000,0.0,1.7455112934112549,1.7455112934112549
chronos_2_erratic_features_plus_external,erratic,2026-03-01,39321M62S10000,1.0,1.0341780185699463,0.03417801856994629
chronos_2_erratic_features_plus_external,erratic,2026-03-01,3932252R00000,0.0,1.7455112934112549,1.7455112934112549
chronos_2_erratic_features_plus_external,erratic,2026-03-01,41710M74L00000,0.0,0.6707394123077393,0.6707394123077393
chronos_2_erratic_features_plus_external,erratic,2026-03-01,4243163J10000,2.0,12.79045581817627,10.79045581817627
chronos_2_erratic_features_plus_external,erratic,2026-03-01,4321078R010BK,1.0,1.9593849182128906,0.9593849182128906
chronos_2_erratic_features_plus_external,erratic,2026-03-01,43210M55T5027N,7.0,2.3045034408569336,4.695496559143066
chronos_2_erratic_features_plus_external,erratic,2026-03-01,43210M55T60QC8,4.0,11.916330337524414,7.916330337524414
chronos_2_erratic_features_plus_external,erratic,2026-03-01,43210M68P1009L,3.0,1.2582534551620483,1.7417465448379517
chronos_2_erratic_features_plus_external,erratic,2026-03-01,43210M68P60ZMQ,11.0,5.228850364685059,5.771149635314941
chronos_2_erratic_features_plus_external,erratic,2026-03-01,43210M75T60QC8,4.0,1.7617541551589966,2.2382458448410034
chronos_2_erratic_features_plus_external,erratic,2026-03-01,43210M79G5309L,5.0,3.6978633403778076,1.3021366596221924
chronos_2_erratic_features_plus_external,erratic,2026-03-01,43250M62S0027N,18.0,7.7876996994018555,10.212300300598145
chronos_2_erratic_features_plus_external,erratic,2026-03-01,43250M67K0027N,9.0,7.2090535163879395,1.7909464836120605
chronos_2_erratic_features_plus_external,erratic,2026-03-01,43250M75T0027N,0.0,1.8380199670791626,1.8380199670791626
chronos_2_erratic_features_plus_external,erratic,2026-03-01,43250M81R1027N,2.0,1.5965039730072021,0.40349602699279785
chronos_2_erratic_features_plus_external,erratic,2026-03-01,43250M83P0027N,2.0,0.9357688426971436,1.0642311573028564
chronos_2_erratic_features_plus_external,erratic,2026-03-01,4325283S000PG,1.0,0.8570554256439209,0.1429445743560791
chronos_2_erratic_features_plus_external,erratic,2026-03-01,43252M67L00AQY,10.0,2.163078546524048,7.836921453475952
chronos_2_erratic_features_plus_external,erratic,2026-03-01,48150M68P10C48,1.0,1.0347201824188232,0.03472018241882324
chronos_2_erratic_features_plus_external,erratic,2026-03-01,5730065811000,0.0,1.2168056964874268,1.2168056964874268
chronos_2_erratic_features_plus_external,erratic,2026-03-01,57300M53M00000,3.0,1.032889723777771,1.967110276222229
chronos_2_erratic_features_plus_external,erratic,2026-03-01,57300M67P00000,3.0,1.6616073846817017,1.3383926153182983
chronos_2_erratic_features_plus_external,erratic,2026-03-01,57300M74L00000,5.0,7.2812910079956055,2.2812910079956055
chronos_2_erratic_features_plus_external,erratic,2026-03-01,57300M76M00000,3.0,1.105926513671875,1.894073486328125
chronos_2_erratic_features_plus_external,erratic,2026-03-01,57410M62S00000,3.0,2.675542116165161,0.32445788383483887
chronos_2_erratic_features_plus_external,erratic,2026-03-01,57410M74L00000,1.0,1.106482744216919,0.10648274421691895
chronos_2_erratic_features_plus_external,erratic,2026-03-01,57410M76M00000,1.0,0.7200825214385986,0.27991747856140137
chronos_2_erratic_features_plus_external,erratic,2026-03-01,57410M79G00000,3.0,0.9765702486038208,2.023429751396179
chronos_2_erratic_features_plus_external,erratic,2026-03-01,5742054P00000,0.0,0.9894113540649414,0.9894113540649414
chronos_2_erratic_features_plus_external,erratic,2026-03-01,57420M62S00000,1.0,2.001514196395874,1.001514196395874
chronos_2_erratic_features_plus_external,erratic,2026-03-01,57420M67P00000,2.0,0.656601071357727,1.343398928642273
chronos_2_erratic_features_plus_external,erratic,2026-03-01,57420M74L00000,1.0,1.5012950897216797,0.5012950897216797
chronos_2_erratic_features_plus_external,erratic,2026-03-01,57420M76M00000,1.0,0.006717979907989502,0.9932820200920105
chronos_2_erratic_features_plus_external,erratic,2026-03-01,57420M79G00000,2.0,0.2648577094078064,1.7351422905921936
chronos_2_erratic_features_plus_external,erratic,2026-03-01,5761065J10000,1.0,4.558102607727051,3.558102607727051
chronos_2_erratic_features_plus_external,erratic,2026-03-01,5761154P00000,1.0,0.569914698600769,0.43008530139923096
chronos_2_erratic_features_plus_external,erratic,2026-03-01,57611M53M00000,4.0,0.3475506901741028,3.652449309825897
chronos_2_erratic_features_plus_external,erratic,2026-03-01,57611M55T00000,20.0,16.653751373291016,3.3462486267089844
chronos_2_erratic_features_plus_external,erratic,2026-03-01,57611M67P01000,1.0,1.6207528114318848,0.6207528114318848
chronos_2_erratic_features_plus_external,erratic,2026-03-01,57611M75T10000,5.0,3.79681396484375,1.20318603515625
chronos_2_erratic_features_plus_external,erratic,2026-03-01,5771065J10000,1.0,1.8217066526412964,0.8217066526412964
chronos_2_erratic_features_plus_external,erratic,2026-03-01,57711M53M00000,0.0,0.08552086353302002,0.08552086353302002
chronos_2_erratic_features_plus_external,erratic,2026-03-01,57711M67P01000,2.0,2.0039939880371094,0.003993988037109375
chronos_2_erratic_features_plus_external,erratic,2026-03-01,57711M68K10000,7.0,1.9812700748443604,5.01872992515564
chronos_2_erratic_features_plus_external,erratic,2026-03-01,57711M71P00000,2.0,1.0628094673156738,0.9371905326843262
chronos_2_erratic_features_plus_external,erratic,2026-03-01,57711M75T10000,4.0,3.896196126937866,0.10380387306213379
chronos_2_erratic_features_plus_external,erratic,2026-03-01,57711M76M00000,2.0,2.9129257202148438,0.9129257202148438
chronos_2_erratic_features_plus_external,erratic,2026-03-01,58121M53M00000,1.0,0.8350450396537781,0.16495496034622192
chronos_2_erratic_features_plus_external,erratic,2026-03-01,58200M80T00000,4.0,1.4346661567687988,2.565333843231201
chronos_2_erratic_features_plus_external,erratic,2026-03-01,5823052R00000,0.0,1.9691243171691895,1.9691243171691895
chronos_2_erratic_features_plus_external,erratic,2026-03-01,58230M53M00000,1.0,0.8569556474685669,0.1430443525314331
chronos_2_erratic_features_plus_external,erratic,2026-03-01,58230M62S00000,2.0,0.6632629036903381,1.3367370963096619
chronos_2_erratic_features_plus_external,erratic,2026-03-01,58230M68K01000,2.0,1.6588778495788574,0.3411221504211426
chronos_2_erratic_features_plus_external,erratic,2026-03-01,5826077K00000,3.0,3.2896339893341064,0.28963398933410645
chronos_2_erratic_features_plus_external,erratic,2026-03-01,58270M68K00000,0.0,0.25026607513427734,0.25026607513427734
chronos_2_erratic_features_plus_external,erratic,2026-03-01,58270M75T00000,1.0,1.154215693473816,0.15421569347381592
chronos_2_erratic_features_plus_external,erratic,2026-03-01,58270M76M01000,0.0,1.345524787902832,1.345524787902832
chronos_2_erratic_features_plus_external,erratic,2026-03-01,58280M68K00000,1.0,1.1026051044464111,0.10260510444641113
chronos_2_erratic_features_plus_external,erratic,2026-03-01,58811M78R00000,3.0,1.2612802982330322,1.7387197017669678
chronos_2_erratic_features_plus_external,erratic,2026-03-01,65500M55T10000,4.0,4.952933311462402,0.9529333114624023
chronos_2_erratic_features_plus_external,erratic,2026-03-01,65561M74L00000,1.0,1.4777032136917114,0.4777032136917114
chronos_2_erratic_features_plus_external,erratic,2026-03-01,68001M55T20000,5.0,3.827040672302246,1.172959327697754
chronos_2_erratic_features_plus_external,erratic,2026-03-01,68001M62S12000,0.0,0.6938942670822144,0.6938942670822144
chronos_2_erratic_features_plus_external,erratic,2026-03-01,68002M55T20000,3.0,5.368938446044922,2.368938446044922
chronos_2_erratic_features_plus_external,erratic,2026-03-01,69100M53M00000,3.0,1.6387526988983154,1.3612473011016846
chronos_2_erratic_features_plus_external,erratic,2026-03-01,69100M67P10000,0.0,1.4951735734939575,1.4951735734939575
chronos_2_erratic_features_plus_external,erratic,2026-03-01,71079M74T00000,3.0,0.7583450675010681,2.241654932498932
chronos_2_erratic_features_plus_external,erratic,2026-03-01,7171064R00ZQ4,1.0,3.380084991455078,2.380084991455078
chronos_2_erratic_features_plus_external,erratic,2026-03-01,7171154L10799,0.0,0.046069204807281494,0.046069204807281494
chronos_2_erratic_features_plus_external,erratic,2026-03-01,7171161P00799,1.0,1.123267650604248,0.12326765060424805
chronos_2_erratic_features_plus_external,erratic,2026-03-01,7171178R015PK,2.0,3.1215474605560303,1.1215474605560303
chronos_2_erratic_features_plus_external,erratic,2026-03-01,7171179P00799,5.0,2.4139957427978516,2.5860042572021484
chronos_2_erratic_features_plus_external,erratic,2026-03-01,71711M53MA05PK,7.0,2.2103822231292725,4.7896177768707275
chronos_2_erratic_features_plus_external,erratic,2026-03-01,71711M53MA0799,0.0,0.634368896484375,0.634368896484375
chronos_2_erratic_features_plus_external,erratic,2026-03-01,71711M53MB05PK,1.0,0.41119384765625,0.58880615234375
chronos_2_erratic_features_plus_external,erratic,2026-03-01,71711M56R00799,3.0,4.064714431762695,1.0647144317626953
chronos_2_erratic_features_plus_external,erratic,2026-03-01,71711M62S005PK,8.0,4.783751010894775,3.2162489891052246
chronos_2_erratic_features_plus_external,erratic,2026-03-01,71711M66L005PK,3.0,0.041409969329833984,2.958590030670166
chronos_2_erratic_features_plus_external,erratic,2026-03-01,71711M67P00799,3.0,0.7377909421920776,2.2622090578079224
chronos_2_erratic_features_plus_external,erratic,2026-03-01,71711M68K00799,2.0,1.7507573366165161,0.2492426633834839
chronos_2_erratic_features_plus_external,erratic,2026-03-01,71711M73T115PK,12.0,8.120790481567383,3.879209518432617
chronos_2_erratic_features_plus_external,erratic,2026-03-01,71711M74L00799,0.0,1.003671646118164,1.003671646118164
chronos_2_erratic_features_plus_external,erratic,2026-03-01,71711M75L00799,0.0,2.1615207195281982,2.1615207195281982
chronos_2_erratic_features_plus_external,erratic,2026-03-01,71711M76M10799,3.0,2.523571491241455,0.4764285087585449
chronos_2_erratic_features_plus_external,erratic,2026-03-01,71711M76T00N49,6.0,7.346064567565918,1.346064567565918
chronos_2_erratic_features_plus_external,erratic,2026-03-01,71711M79M00799,0.0,1.0282037258148193,1.0282037258148193
chronos_2_erratic_features_plus_external,erratic,2026-03-01,71712M54T00000,1.0,2.6744141578674316,1.6744141578674316
chronos_2_erratic_features_plus_external,erratic,2026-03-01,71712M55T00000,19.0,1.7010130882263184,17.29898691177368
chronos_2_erratic_features_plus_external,erratic,2026-03-01,71712M56R00000,0.0,0.9883959293365479,0.9883959293365479
chronos_2_erratic_features_plus_external,erratic,2026-03-01,71712M79M00000,2.0,3.340345859527588,1.340345859527588
chronos_2_erratic_features_plus_external,erratic,2026-03-01,71720M76M005PK,0.0,1.3917138576507568,1.3917138576507568
chronos_2_erratic_features_plus_external,erratic,2026-03-01,7172160K005PK,1.0,3.218846559524536,2.218846559524536
chronos_2_erratic_features_plus_external,erratic,2026-03-01,7172161P005PK,4.0,1.930006980895996,2.069993019104004
chronos_2_erratic_features_plus_external,erratic,2026-03-01,7172177MJ05PK,0.0,0.20263338088989258,0.20263338088989258
chronos_2_erratic_features_plus_external,erratic,2026-03-01,7172179P005PK,2.0,1.1903996467590332,0.8096003532409668
chronos_2_erratic_features_plus_external,erratic,2026-03-01,7172186R105PK,3.0,0.9522297978401184,2.0477702021598816
chronos_2_erratic_features_plus_external,erratic,2026-03-01,71721M56R005PK,1.0,3.4702022075653076,2.4702022075653076
chronos_2_erratic_features_plus_external,erratic,2026-03-01,71721M60MA05PK,1.0,1.9668262004852295,0.9668262004852295
chronos_2_erratic_features_plus_external,erratic,2026-03-01,71721M74T005PK,12.0,13.865331649780273,1.8653316497802734
chronos_2_erratic_features_plus_external,erratic,2026-03-01,71721M75L005PK,1.0,0.5507527589797974,0.44924724102020264
chronos_2_erratic_features_plus_external,erratic,2026-03-01,71721M75T005PK,6.0,2.372853994369507,3.627146005630493
chronos_2_erratic_features_plus_external,erratic,2026-03-01,71721M78R005PK,5.0,5.701571941375732,0.7015719413757324
chronos_2_erratic_features_plus_external,erratic,2026-03-01,71721M84P005PK,1.0,0.0848764181137085,0.9151235818862915
chronos_2_erratic_features_plus_external,erratic,2026-03-01,7173154GA0000,0.0,1.5862455368041992,1.5862455368041992
chronos_2_erratic_features_plus_external,erratic,2026-03-01,7173163J20000,0.0,0.0,0.0
chronos_2_erratic_features_plus_external,erratic,2026-03-01,7173171L00000,2.0,4.69587516784668,2.6958751678466797
chronos_2_erratic_features_plus_external,erratic,2026-03-01,71731M53M00000,11.0,0.8186666965484619,10.181333303451538
chronos_2_erratic_features_plus_external,erratic,2026-03-01,71731M53MB0000,2.0,2.782554864883423,0.7825548648834229
chronos_2_erratic_features_plus_external,erratic,2026-03-01,71731M66L005PK,4.0,1.1432948112487793,2.8567051887512207
chronos_2_erratic_features_plus_external,erratic,2026-03-01,71731M67P00000,3.0,0.8969273567199707,2.1030726432800293
chronos_2_erratic_features_plus_external,erratic,2026-03-01,71731M68K00000,1.0,3.4810104370117188,2.4810104370117188
chronos_2_erratic_features_plus_external,erratic,2026-03-01,7173262R00000,4.0,2.4313197135925293,1.5686802864074707
chronos_2_erratic_features_plus_external,erratic,2026-03-01,7173263J20000,0.0,0.6333996057510376,0.6333996057510376
chronos_2_erratic_features_plus_external,erratic,2026-03-01,7173271L00000,6.0,4.891695976257324,1.1083040237426758
chronos_2_erratic_features_plus_external,erratic,2026-03-01,71732M53M00000,10.0,0.039958953857421875,9.960041046142578
chronos_2_erratic_features_plus_external,erratic,2026-03-01,71732M66L005PK,4.0,1.1446560621261597,2.8553439378738403
chronos_2_erratic_features_plus_external,erratic,2026-03-01,71732M67P00000,2.0,1.716519832611084,0.283480167388916
chronos_2_erratic_features_plus_external,erratic,2026-03-01,71732M68K00000,1.0,5.642465591430664,4.642465591430664
chronos_2_erratic_features_plus_external,erratic,2026-03-01,71732M74T00000,5.0,5.95681619644165,0.9568161964416504
chronos_2_erratic_features_plus_external,erratic,2026-03-01,71733M55T00000,11.0,14.562052726745605,3.5620527267456055
chronos_2_erratic_features_plus_external,erratic,2026-03-01,71733M74L00000,0.0,1.773392915725708,1.773392915725708
chronos_2_erratic_features_plus_external,erratic,2026-03-01,71734M55T00000,11.0,8.196402549743652,2.8035974502563477
chronos_2_erratic_features_plus_external,erratic,2026-03-01,71734M68L00000,0.0,1.6548067331314087,1.6548067331314087
chronos_2_erratic_features_plus_external,erratic,2026-03-01,71734M74T00000,6.0,2.2911641597747803,3.7088358402252197
chronos_2_erratic_features_plus_external,erratic,2026-03-01,7174054L10D2W,0.0,0.8750659823417664,0.8750659823417664
chronos_2_erratic_features_plus_external,erratic,2026-03-01,7174073R10CUG,2.0,0.6982904672622681,1.301709532737732
chronos_2_erratic_features_plus_external,erratic,2026-03-01,7174079P00C48,1.0,0.5950645804405212,0.40493541955947876
chronos_2_erratic_features_plus_external,erratic,2026-03-01,7174079S00C48,3.0,7.609155178070068,4.609155178070068
chronos_2_erratic_features_plus_external,erratic,2026-03-01,71740M55T10C48,16.0,22.350778579711914,6.350778579711914
chronos_2_erratic_features_plus_external,erratic,2026-03-01,71740M56R00C48,1.0,4.041739463806152,3.0417394638061523
chronos_2_erratic_features_plus_external,erratic,2026-03-01,71740M68T00C48,33.0,21.936927795410156,11.063072204589844
chronos_2_erratic_features_plus_external,erratic,2026-03-01,71740M76MA0C48,5.0,10.82944107055664,5.829441070556641
chronos_2_erratic_features_plus_external,erratic,2026-03-01,71740M76T10KDJ,2.0,3.772005081176758,1.7720050811767578
chronos_2_erratic_features_plus_external,erratic,2026-03-01,71740M81R00C48,5.0,3.2706875801086426,1.7293124198913574
chronos_2_erratic_features_plus_external,erratic,2026-03-01,7174160P005PK,2.0,0.211783766746521,1.788216233253479
chronos_2_erratic_features_plus_external,erratic,2026-03-01,71741M53M005PK,1.0,0.48328226804733276,0.5167177319526672
chronos_2_erratic_features_plus_external,erratic,2026-03-01,71741M53MA05PK,4.0,2.210240364074707,1.789759635925293
chronos_2_erratic_features_plus_external,erratic,2026-03-01,71741M74L005PK,0.0,0.2629462480545044,0.2629462480545044
chronos_2_erratic_features_plus_external,erratic,2026-03-01,71741M75L005PK,1.0,0.360348105430603,0.639651894569397
chronos_2_erratic_features_plus_external,erratic,2026-03-01,71741M75T00W9K,6.0,3.3467249870300293,2.6532750129699707
chronos_2_erratic_features_plus_external,erratic,2026-03-01,71741M76M105PK,0.0,0.6432422399520874,0.6432422399520874
chronos_2_erratic_features_plus_external,erratic,2026-03-01,71741M83P005PK,4.0,7.1835503578186035,3.1835503578186035
chronos_2_erratic_features_plus_external,erratic,2026-03-01,71743M76M100PG,1.0,0.36925655603408813,0.6307434439659119
chronos_2_erratic_features_plus_external,erratic,2026-03-01,71744M76M100PG,2.0,0.19087111949920654,1.8091288805007935
chronos_2_erratic_features_plus_external,erratic,2026-03-01,71745M75T10000,3.0,2.026906967163086,0.9730930328369141
chronos_2_erratic_features_plus_external,erratic,2026-03-01,7175172S205PK,2.0,1.8765347003936768,0.12346529960632324
chronos_2_erratic_features_plus_external,erratic,2026-03-01,7175186R000PG,5.0,5.82009220123291,0.8200922012329102
chronos_2_erratic_features_plus_external,erratic,2026-03-01,71751M67P105PK,0.0,2.1515421867370605,2.1515421867370605
chronos_2_erratic_features_plus_external,erratic,2026-03-01,71751M83P105PK,2.0,2.375044822692871,0.3750448226928711
chronos_2_erratic_features_plus_external,erratic,2026-03-01,71752M54T100PG,2.0,4.413733959197998,2.413733959197998
chronos_2_erratic_features_plus_external,erratic,2026-03-01,71752M83P00PWJ,1.0,0.8969482779502869,0.10305172204971313
chronos_2_erratic_features_plus_external,erratic,2026-03-01,7176179P105PK,2.0,1.1052958965301514,0.8947041034698486
chronos_2_erratic_features_plus_external,erratic,2026-03-01,71761M52R105PK,5.0,1.949970006942749,3.050029993057251
chronos_2_erratic_features_plus_external,erratic,2026-03-01,71761M67P105PK,0.0,2.1411983966827393,2.1411983966827393
chronos_2_erratic_features_plus_external,erratic,2026-03-01,71761M68K105PK,2.0,0.6830422878265381,1.316957712173462
chronos_2_erratic_features_plus_external,erratic,2026-03-01,71761M74T20ZAM,2.0,5.22898006439209,3.22898006439209
chronos_2_erratic_features_plus_external,erratic,2026-03-01,71761M76MB0Z2S,1.0,1.7381021976470947,0.7381021976470947
chronos_2_erratic_features_plus_external,erratic,2026-03-01,71761M76MB0ZHJ,0.0,0.7385332584381104,0.7385332584381104
chronos_2_erratic_features_plus_external,erratic,2026-03-01,71762M54T100PG,5.0,3.171215534210205,1.828784465789795
chronos_2_erratic_features_plus_external,erratic,2026-03-01,7177164R005PK,1.0,2.3982653617858887,1.3982653617858887
chronos_2_erratic_features_plus_external,erratic,2026-03-01,7177171L00000,0.0,0.4127540588378906,0.4127540588378906
chronos_2_erratic_features_plus_external,erratic,2026-03-01,7177186R000PG,3.0,2.0261106491088867,0.9738893508911133
chronos_2_erratic_features_plus_external,erratic,2026-03-01,71771M55T00000,12.0,1.0916786193847656,10.908321380615234
chronos_2_erratic_features_plus_external,erratic,2026-03-01,71771M56R100PG,1.0,3.5869386196136475,2.5869386196136475
chronos_2_erratic_features_plus_external,erratic,2026-03-01,71771M76T00PER,6.0,4.767858028411865,1.2321419715881348
chronos_2_erratic_features_plus_external,erratic,2026-03-01,71772M55T00000,6.0,6.017953872680664,0.017953872680664062
chronos_2_erratic_features_plus_external,erratic,2026-03-01,71782M56R100PG,0.0,1.9932416677474976,1.9932416677474976
chronos_2_erratic_features_plus_external,erratic,2026-03-01,71782M66L00000,5.0,2.18548583984375,2.81451416015625
chronos_2_erratic_features_plus_external,erratic,2026-03-01,71782M75T00000,1.0,1.044911503791809,0.04491150379180908
chronos_2_erratic_features_plus_external,erratic,2026-03-01,7181179P00799,4.0,2.0047359466552734,1.9952640533447266
chronos_2_erratic_features_plus_external,erratic,2026-03-01,71811M53M00799,1.0,2.288985013961792,1.288985013961792
chronos_2_erratic_features_plus_external,erratic,2026-03-01,71811M56R00799,4.0,2.9019076824188232,1.0980923175811768
chronos_2_erratic_features_plus_external,erratic,2026-03-01,71811M56R10799,2.0,1.3882814645767212,0.6117185354232788
chronos_2_erratic_features_plus_external,erratic,2026-03-01,71811M66L005PK,0.0,0.5226180553436279,0.5226180553436279
chronos_2_erratic_features_plus_external,erratic,2026-03-01,71811M67P01799,0.0,1.450724720954895,1.450724720954895
chronos_2_erratic_features_plus_external,erratic,2026-03-01,71811M68K00799,2.0,0.16300618648529053,1.8369938135147095
chronos_2_erratic_features_plus_external,erratic,2026-03-01,71811M68P00799,6.0,3.11409068107605,2.88590931892395
chronos_2_erratic_features_plus_external,erratic,2026-03-01,71811M74T00799,3.0,4.489906311035156,1.4899063110351562
chronos_2_erratic_features_plus_external,erratic,2026-03-01,71811M75L00799,1.0,0.49107497930526733,0.5089250206947327
chronos_2_erratic_features_plus_external,erratic,2026-03-01,71811M75T00799,6.0,6.760869026184082,0.760869026184082
chronos_2_erratic_features_plus_external,erratic,2026-03-01,71811M76M00799,3.0,3.74422550201416,0.7442255020141602
chronos_2_erratic_features_plus_external,erratic,2026-03-01,71811M80T105PK,8.0,6.661477565765381,1.3385224342346191
chronos_2_erratic_features_plus_external,erratic,2026-03-01,7181365L00000,2.0,4.859381198883057,2.8593811988830566
chronos_2_erratic_features_plus_external,erratic,2026-03-01,7182173K10000,3.0,2.7450649738311768,0.25493502616882324
chronos_2_erratic_features_plus_external,erratic,2026-03-01,7182179P00000,1.0,2.4121878147125244,1.4121878147125244
chronos_2_erratic_features_plus_external,erratic,2026-03-01,71821M68K00000,1.0,0.9409666061401367,0.05903339385986328
chronos_2_erratic_features_plus_external,erratic,2026-03-01,71821M75T00000,2.0,3.033252716064453,1.0332527160644531
chronos_2_erratic_features_plus_external,erratic,2026-03-01,71821M79M00000,1.0,1.5629589557647705,0.5629589557647705
chronos_2_erratic_features_plus_external,erratic,2026-03-01,7182273K10000,3.0,2.5823769569396973,0.41762304306030273
chronos_2_erratic_features_plus_external,erratic,2026-03-01,7182279P00000,2.0,1.0524413585662842,0.9475586414337158
chronos_2_erratic_features_plus_external,erratic,2026-03-01,7182280J00000,3.0,0.5465540885925293,2.4534459114074707
chronos_2_erratic_features_plus_external,erratic,2026-03-01,71822M55T00000,13.0,15.885417938232422,2.885417938232422
chronos_2_erratic_features_plus_external,erratic,2026-03-01,71822M68K00000,1.0,1.9621533155441284,0.9621533155441284
chronos_2_erratic_features_plus_external,erratic,2026-03-01,71822M75T00000,4.0,3.7008392810821533,0.2991607189178467
chronos_2_erratic_features_plus_external,erratic,2026-03-01,71822M79M00000,0.0,2.0661144256591797,2.0661144256591797
chronos_2_erratic_features_plus_external,erratic,2026-03-01,71823M68L00000,3.0,2.987726926803589,0.012273073196411133
chronos_2_erratic_features_plus_external,erratic,2026-03-01,7187186R000BK,1.0,3.4623794555664062,2.4623794555664062
chronos_2_erratic_features_plus_external,erratic,2026-03-01,72310M68K00000,0.0,3.356785774230957,3.356785774230957
chronos_2_erratic_features_plus_external,erratic,2026-03-01,72312M55R00000,4.0,10.40086555480957,6.40086555480957
chronos_2_erratic_features_plus_external,erratic,2026-03-01,72312M68K00000,12.0,3.2856178283691406,8.71438217163086
chronos_2_erratic_features_plus_external,erratic,2026-03-01,7232154P00000,3.0,2.0530648231506348,0.9469351768493652
chronos_2_erratic_features_plus_external,erratic,2026-03-01,7232171L00000,0.0,0.05911147594451904,0.05911147594451904
chronos_2_erratic_features_plus_external,erratic,2026-03-01,72321M53M00000,6.0,3.5316553115844727,2.4683446884155273
chronos_2_erratic_features_plus_external,erratic,2026-03-01,72321M68K00000,1.0,5.019023895263672,4.019023895263672
chronos_2_erratic_features_plus_external,erratic,2026-03-01,72321M74L00000,0.0,5.49428653717041,5.49428653717041
chronos_2_erratic_features_plus_external,erratic,2026-03-01,72321M76M01000,2.0,1.4421156644821167,0.5578843355178833
chronos_2_erratic_features_plus_external,erratic,2026-03-01,7232271L00000,1.0,1.2205811738967896,0.22058117389678955
chronos_2_erratic_features_plus_external,erratic,2026-03-01,72322M53M00000,4.0,1.9735416173934937,2.0264583826065063
chronos_2_erratic_features_plus_external,erratic,2026-03-01,72322M68K00000,2.0,3.8460628986358643,1.8460628986358643
chronos_2_erratic_features_plus_external,erratic,2026-03-01,72322M74L00000,3.0,3.596587896347046,0.5965878963470459
chronos_2_erratic_features_plus_external,erratic,2026-03-01,72322M76M01000,1.0,2.150404453277588,1.150404453277588
chronos_2_erratic_features_plus_external,erratic,2026-03-01,72371M74L105PK,0.0,0.9718076586723328,0.9718076586723328
chronos_2_erratic_features_plus_external,erratic,2026-03-01,72380M62S01000,3.0,0.9683616161346436,2.0316383838653564
chronos_2_erratic_features_plus_external,erratic,2026-03-01,72398M68K00000,1.0,0.44248372316360474,0.5575162768363953
chronos_2_erratic_features_plus_external,erratic,2026-03-01,72411M74L10000,1.0,0.01811528205871582,0.9818847179412842
chronos_2_erratic_features_plus_external,erratic,2026-03-01,72420M80T00000,7.0,1.2643134593963623,5.735686540603638
chronos_2_erratic_features_plus_external,erratic,2026-03-01,7242252R00000,2.0,1.0567774772644043,0.9432225227355957
chronos_2_erratic_features_plus_external,erratic,2026-03-01,72431M68L00000,0.0,2.414806365966797,2.414806365966797
chronos_2_erratic_features_plus_external,erratic,2026-03-01,72433M56R00000,2.0,1.126152753829956,0.873847246170044
chronos_2_erratic_features_plus_external,erratic,2026-03-01,72437M68L00000,1.0,1.1684796810150146,0.16847968101501465
chronos_2_erratic_features_plus_external,erratic,2026-03-01,7248265J00000,5.0,6.206723213195801,1.2067232131958008
chronos_2_erratic_features_plus_external,erratic,2026-03-01,7282165J00Z2S,1.0,2.449770927429199,1.4497709274291992
chronos_2_erratic_features_plus_external,erratic,2026-03-01,73110M68P50ZCA,1.0,1.5150893926620483,0.5150893926620483
chronos_2_erratic_features_plus_external,erratic,2026-03-01,7343061J00P4Z,1.0,3.2463932037353516,2.2463932037353516
chronos_2_erratic_features_plus_external,erratic,2026-03-01,73430M75J00P4Z,3.0,2.807814121246338,0.1921858787536621
chronos_2_erratic_features_plus_external,erratic,2026-03-01,73821M62S205PK,2.0,0.6801518201828003,1.3198481798171997
chronos_2_erratic_features_plus_external,erratic,2026-03-01,73821M67P305PK,1.0,0.17048150300979614,0.8295184969902039
chronos_2_erratic_features_plus_external,erratic,2026-03-01,73831M68P005PK,0.0,0.9926233887672424,0.9926233887672424
chronos_2_erratic_features_plus_external,erratic,2026-03-01,74120M66L10000,0.0,0.5242931842803955,0.5242931842803955
chronos_2_erratic_features_plus_external,erratic,2026-03-01,74461M79M005PK,13.0,5.741485118865967,7.258514881134033
chronos_2_erratic_features_plus_external,erratic,2026-03-01,7619171L005PK,2.0,0.331882119178772,1.668117880821228
chronos_2_erratic_features_plus_external,erratic,2026-03-01,7619254P005PK,5.0,4.4755330085754395,0.5244669914245605
chronos_2_erratic_features_plus_external,erratic,2026-03-01,76520M68P10000,3.0,2.0901429653167725,0.9098570346832275
chronos_2_erratic_features_plus_external,erratic,2026-03-01,76520M74K01000,3.0,1.9508111476898193,1.0491888523101807
chronos_2_erratic_features_plus_external,erratic,2026-03-01,77161M68P00000,0.0,0.005243420600891113,0.005243420600891113
chronos_2_erratic_features_plus_external,erratic,2026-03-01,77210M74T005PK,14.0,4.653900623321533,9.346099376678467
chronos_2_erratic_features_plus_external,erratic,2026-03-01,7726054P005PK,2.0,1.9997971057891846,0.0002028942108154297
chronos_2_erratic_features_plus_external,erratic,2026-03-01,7733061M01000,6.0,5.428267478942871,0.5717325210571289
chronos_2_erratic_features_plus_external,erratic,2026-03-01,77330M81R00000,16.0,11.312142372131348,4.687857627868652
chronos_2_erratic_features_plus_external,erratic,2026-03-01,7781158J000PG,0.0,1.3779963254928589,1.3779963254928589
chronos_2_erratic_features_plus_external,erratic,2026-03-01,77811M58J000PG,1.0,2.491997718811035,1.4919977188110352
chronos_2_erratic_features_plus_external,erratic,2026-03-01,77811M63T000PG,2.0,3.3774919509887695,1.3774919509887695
chronos_2_erratic_features_plus_external,erratic,2026-03-01,7783154GB00PG,3.0,2.3750243186950684,0.6249756813049316
chronos_2_erratic_features_plus_external,erratic,2026-03-01,77831M68L000PG,1.0,2.903850555419922,1.9038505554199219
chronos_2_erratic_features_plus_external,erratic,2026-03-01,77851M54G000PG,2.0,0.5516037940979004,1.4483962059020996
chronos_2_erratic_features_plus_external,erratic,2026-03-01,8185061J01000,0.0,1.1063120365142822,1.1063120365142822
chronos_2_erratic_features_plus_external,erratic,2026-03-01,81850M68K00000,0.0,1.7495173215866089,1.7495173215866089
chronos_2_erratic_features_plus_external,erratic,2026-03-01,81850M68P10000,1.0,0.9988853931427002,0.0011146068572998047
chronos_2_erratic_features_plus_external,erratic,2026-03-01,8186061J01000,0.0,1.1063120365142822,1.1063120365142822
chronos_2_erratic_features_plus_external,erratic,2026-03-01,81860M68K00000,0.0,1.3593429327011108,1.3593429327011108
chronos_2_erratic_features_plus_external,erratic,2026-03-01,81860M79G20000,0.0,0.33541685342788696,0.33541685342788696
chronos_2_erratic_features_plus_external,erratic,2026-03-01,8212177K00000,2.0,0.2943946123123169,1.705605387687683
chronos_2_erratic_features_plus_external,erratic,2026-03-01,82801M66L015PK,10.0,3.5182244777679443,6.481775522232056
chronos_2_erratic_features_plus_external,erratic,2026-03-01,82801M68K005PK,1.0,1.0710664987564087,0.07106649875640869
chronos_2_erratic_features_plus_external,erratic,2026-03-01,82802M66L015PK,5.0,8.988924980163574,3.988924980163574
chronos_2_erratic_features_plus_external,erratic,2026-03-01,82802M68K5026U,16.0,7.273959159851074,8.726040840148926
chronos_2_erratic_features_plus_external,erratic,2026-03-01,82802M81A605PK,5.0,7.521671295166016,2.5216712951660156
chronos_2_erratic_features_plus_external,erratic,2026-03-01,82850M76M005PK,0.0,17.049734115600586,17.049734115600586
chronos_2_erratic_features_plus_external,erratic,2026-03-01,8392152R010CE,1.0,0.6993390917778015,0.3006609082221985
chronos_2_erratic_features_plus_external,erratic,2026-03-01,83921M68P000CB,1.0,1.2217864990234375,0.2217864990234375
chronos_2_erratic_features_plus_external,erratic,2026-03-01,83922M55T000CB,0.0,6.734216213226318,6.734216213226318
chronos_2_erratic_features_plus_external,erratic,2026-03-01,8392352R020CE,2.0,0.8538749814033508,1.1461250185966492
chronos_2_erratic_features_plus_external,erratic,2026-03-01,83923M68P000CB,1.0,1.0013054609298706,0.0013054609298706055
chronos_2_erratic_features_plus_external,erratic,2026-03-01,83924M55T000CB,2.0,5.798243522644043,3.798243522644043
chronos_2_erratic_features_plus_external,erratic,2026-03-01,83924M62S000CB,3.0,1.9846301078796387,1.0153698921203613
chronos_2_erratic_features_plus_external,erratic,2026-03-01,83924M68P100CB,3.0,3.10880446434021,0.10880446434020996
chronos_2_erratic_features_plus_external,erratic,2026-03-01,83926M68P000CB,2.0,0.09335362911224365,1.9066463708877563
chronos_2_erratic_features_plus_external,erratic,2026-03-01,8393061J005PK,3.0,2.670901298522949,0.3290987014770508
chronos_2_erratic_features_plus_external,erratic,2026-03-01,83932M68P000CB,2.0,0.12571585178375244,1.8742841482162476
chronos_2_erratic_features_plus_external,erratic,2026-03-01,83940M68P100PG,3.0,1.6997318267822266,1.3002681732177734
chronos_2_erratic_features_plus_external,erratic,2026-03-01,83940M74L10000,2.0,0.4857250452041626,1.5142749547958374
chronos_2_erratic_features_plus_external,erratic,2026-03-01,83970M68P00000,1.0,2.1389946937561035,1.1389946937561035
chronos_2_erratic_features_plus_external,erratic,2026-03-01,84051M55T01000,6.0,6.531102180480957,0.531102180480957
chronos_2_erratic_features_plus_external,erratic,2026-03-01,84051M55T11000,11.0,4.657630443572998,6.342369556427002
chronos_2_erratic_features_plus_external,erratic,2026-03-01,8450152R02000,0.0,1.493255615234375,1.493255615234375
chronos_2_erratic_features_plus_external,erratic,2026-03-01,84501M55T00000,0.0,1.75698983669281,1.75698983669281
chronos_2_erratic_features_plus_external,erratic,2026-03-01,84501M68P00000,5.0,1.1429269313812256,3.8570730686187744
chronos_2_erratic_features_plus_external,erratic,2026-03-01,84502M68P00000,1.0,1.6253166198730469,0.6253166198730469
chronos_2_erratic_features_plus_external,erratic,2026-03-01,84510M74L01000,0.0,1.5772016048431396,1.5772016048431396
chronos_2_erratic_features_plus_external,erratic,2026-03-01,84511M75T10000,9.0,1.9933536052703857,7.006646394729614
chronos_2_erratic_features_plus_external,erratic,2026-03-01,84511M76M10000,1.0,0.07335522770881653,0.9266447722911835
chronos_2_erratic_features_plus_external,erratic,2026-03-01,8470171LVAZMT,1.0,0.6185752153396606,0.38142478466033936
chronos_2_erratic_features_plus_external,erratic,2026-03-01,84701M53M205PK,3.0,0.3918076753616333,2.6081923246383667
chronos_2_erratic_features_plus_external,erratic,2026-03-01,84701M55TB0ZHJ,6.0,5.338108062744141,0.6618919372558594
chronos_2_erratic_features_plus_external,erratic,2026-03-01,84701M68P31ZHJ,5.0,0.6307950019836426,4.369204998016357
chronos_2_erratic_features_plus_external,erratic,2026-03-01,84701M68P515PK,0.0,2.4757983684539795,2.4757983684539795
chronos_2_erratic_features_plus_external,erratic,2026-03-01,84701M74LC15PK,1.0,1.3174939155578613,0.31749391555786133
chronos_2_erratic_features_plus_external,erratic,2026-03-01,8470261J025PK,4.0,1.8355746269226074,2.1644253730773926
chronos_2_erratic_features_plus_external,erratic,2026-03-01,84702M53M205PK,4.0,1.1278929710388184,2.8721070289611816
chronos_2_erratic_features_plus_external,erratic,2026-03-01,84702M55TB0ZHJ,3.0,3.3284964561462402,0.32849645614624023
chronos_2_erratic_features_plus_external,erratic,2026-03-01,84702M56R92ZHJ,0.0,0.8503981828689575,0.8503981828689575
chronos_2_erratic_features_plus_external,erratic,2026-03-01,84702M62S20Z4Q,5.0,5.531813621520996,0.5318136215209961
chronos_2_erratic_features_plus_external,erratic,2026-03-01,84702M68P31ZHJ,3.0,1.0055465698242188,1.9944534301757812
chronos_2_erratic_features_plus_external,erratic,2026-03-01,84702M68P515PK,1.0,1.9504432678222656,0.9504432678222656
chronos_2_erratic_features_plus_external,erratic,2026-03-01,84702M74LC15PK,2.0,0.030559778213500977,1.969440221786499
chronos_2_erratic_features_plus_external,erratic,2026-03-01,84702M79G30000,2.0,1.5685932636260986,0.43140673637390137
chronos_2_erratic_features_plus_external,erratic,2026-03-01,84703M79M02000,6.0,6.853611946105957,0.853611946105957
chronos_2_erratic_features_plus_external,erratic,2026-03-01,8471852R20ZVR,2.0,1.586018681526184,0.4139813184738159
chronos_2_erratic_features_plus_external,erratic,2026-03-01,8472852R20ZVR,2.0,1.280216932296753,0.7197830677032471
chronos_2_erratic_features_plus_external,erratic,2026-03-01,8472865J00Z2S,0.0,1.0041718482971191,1.0041718482971191
chronos_2_erratic_features_plus_external,erratic,2026-03-01,8472880J00Z2S,0.0,1.5401028394699097,1.5401028394699097
chronos_2_erratic_features_plus_external,erratic,2026-03-01,84730M67P10000,1.0,0.6614157557487488,0.3385842442512512
chronos_2_erratic_features_plus_external,erratic,2026-03-01,84730M74LC0000,1.0,1.4515316486358643,0.45153164863586426
chronos_2_erratic_features_plus_external,erratic,2026-03-01,84730M79M00000,4.0,1.418506145477295,2.581493854522705
chronos_2_erratic_features_plus_external,erratic,2026-03-01,8474061M00000,2.0,1.8233188390731812,0.17668116092681885
chronos_2_erratic_features_plus_external,erratic,2026-03-01,8474065J00000,1.0,1.1052803993225098,0.10528039932250977
chronos_2_erratic_features_plus_external,erratic,2026-03-01,84740M67P10000,0.0,0.03480607271194458,0.03480607271194458
chronos_2_erratic_features_plus_external,erratic,2026-03-01,84740M74LC0000,3.0,0.6230452060699463,2.3769547939300537
chronos_2_erratic_features_plus_external,erratic,2026-03-01,84740M74LE0000,0.0,0.6065230965614319,0.6065230965614319
chronos_2_erratic_features_plus_external,erratic,2026-03-01,84740M76M00000,1.0,1.7685844898223877,0.7685844898223877
chronos_2_erratic_features_plus_external,erratic,2026-03-01,84740M79M00000,0.0,2.8085832595825195,2.8085832595825195
chronos_2_erratic_features_plus_external,erratic,2026-03-01,84920M68PB1BHE,1.0,1.391797423362732,0.39179742336273193
chronos_2_erratic_features_plus_external,erratic,2026-03-01,84940M68PC1BHE,1.0,1.2962541580200195,0.29625415802001953
chronos_2_erratic_features_plus_external,erratic,2026-03-01,95130M68K00000,0.0,0.03225332498550415,0.03225332498550415
chronos_2_erratic_features_plus_external,erratic,2026-03-01,95310M53T00000,6.0,9.279571533203125,3.279571533203125
chronos_2_erratic_features_plus_external,erratic,2026-03-01,95310M55T00000,7.0,8.823902130126953,1.8239021301269531
chronos_2_erratic_features_plus_external,erratic,2026-03-01,95310M76M00000,1.0,1.2705014944076538,0.2705014944076538
chronos_2_erratic_features_plus_external,erratic,2026-04-01,0911912012000,39.0,31.53676986694336,7.463230133056641
chronos_2_erratic_features_plus_external,erratic,2026-04-01,09140M12040000,11.0,15.95436954498291,4.95436954498291
chronos_2_erratic_features_plus_external,erratic,2026-04-01,0915912057000,1.0,0.3719348907470703,0.6280651092529297
chronos_2_erratic_features_plus_external,erratic,2026-04-01,09209M09L02000,6.0,6.973969459533691,0.9739694595336914
chronos_2_erratic_features_plus_external,erratic,2026-04-01,0924616021000,0.0,5.460626125335693,5.460626125335693
chronos_2_erratic_features_plus_external,erratic,2026-04-01,0928335052000,13.0,2.764784812927246,10.235215187072754
chronos_2_erratic_features_plus_external,erratic,2026-04-01,0928348007000,1.0,1.732755422592163,0.7327554225921631
chronos_2_erratic_features_plus_external,erratic,2026-04-01,0940907340000,60.0,12.404613494873047,47.59538650512695
chronos_2_erratic_features_plus_external,erratic,2026-04-01,09409M07355000,110.0,163.677978515625,53.677978515625
chronos_2_erratic_features_plus_external,erratic,2026-04-01,09409M08006000,206.0,85.88623046875,120.11376953125
chronos_2_erratic_features_plus_external,erratic,2026-04-01,09409M10L04000,13.0,5.380855560302734,7.619144439697266
chronos_2_erratic_features_plus_external,erratic,2026-04-01,11610M53M00000,0.0,5.428577899932861,5.428577899932861
chronos_2_erratic_features_plus_external,erratic,2026-04-01,11610M68K03000,9.0,3.814760684967041,5.185239315032959
chronos_2_erratic_features_plus_external,erratic,2026-04-01,11620M53M00000,1.0,1.7045388221740723,0.7045388221740723
chronos_2_erratic_features_plus_external,erratic,2026-04-01,11710M53M00000,2.0,2.827481746673584,0.827481746673584
chronos_2_erratic_features_plus_external,erratic,2026-04-01,17100M62S00000,3.0,1.820272445678711,1.179727554321289
chronos_2_erratic_features_plus_external,erratic,2026-04-01,17213M76M00000,3.0,2.6635868549346924,0.3364131450653076
chronos_2_erratic_features_plus_external,erratic,2026-04-01,17214M76M10000,0.0,1.0113389492034912,1.0113389492034912
chronos_2_erratic_features_plus_external,erratic,2026-04-01,17700M53M20000,1.0,1.643879771232605,0.643879771232605
chronos_2_erratic_features_plus_external,erratic,2026-04-01,17700M76M10000,3.0,1.8179789781570435,1.1820210218429565
chronos_2_erratic_features_plus_external,erratic,2026-04-01,17700M83P00000,4.0,2.498976469039917,1.501023530960083
chronos_2_erratic_features_plus_external,erratic,2026-04-01,3512065J32000,7.0,1.6715216636657715,5.3284783363342285
chronos_2_erratic_features_plus_external,erratic,2026-04-01,3512071L20000,3.0,1.4418718814849854,1.5581281185150146
chronos_2_erratic_features_plus_external,erratic,2026-04-01,35120M68K20000,0.0,1.5712931156158447,1.5712931156158447
chronos_2_erratic_features_plus_external,erratic,2026-04-01,35121M53MB0000,1.0,3.232346534729004,2.232346534729004
chronos_2_erratic_features_plus_external,erratic,2026-04-01,35121M60M10000,1.0,0.04418092966079712,0.9558190703392029
chronos_2_erratic_features_plus_external,erratic,2026-04-01,35121M62S30000,4.0,8.068414688110352,4.068414688110352
chronos_2_erratic_features_plus_external,erratic,2026-04-01,35121M67P10000,1.0,0.3007920980453491,0.6992079019546509
chronos_2_erratic_features_plus_external,erratic,2026-04-01,35121M74L01000,10.0,5.391239643096924,4.608760356903076
chronos_2_erratic_features_plus_external,erratic,2026-04-01,35121M76M50000,2.0,1.0765178203582764,0.9234821796417236
chronos_2_erratic_features_plus_external,erratic,2026-04-01,35153M59K10000,2.0,0.8378928899765015,1.1621071100234985
chronos_2_erratic_features_plus_external,erratic,2026-04-01,35300M74TB1000,4.0,6.182814121246338,2.182814121246338
chronos_2_erratic_features_plus_external,erratic,2026-04-01,3532064J31000,1.0,1.0210040807724,0.021004080772399902
chronos_2_erratic_features_plus_external,erratic,2026-04-01,3532065J32000,2.0,2.110139846801758,0.11013984680175781
chronos_2_erratic_features_plus_external,erratic,2026-04-01,3532071L20000,1.0,1.583755373954773,0.583755373954773
chronos_2_erratic_features_plus_external,erratic,2026-04-01,3532079P30000,2.0,0.981715977191925,1.018284022808075
chronos_2_erratic_features_plus_external,erratic,2026-04-01,35321M53MB0000,2.0,2.73734974861145,0.7373497486114502
chronos_2_erratic_features_plus_external,erratic,2026-04-01,35321M55T53000,9.0,7.663649559020996,1.336350440979004
chronos_2_erratic_features_plus_external,erratic,2026-04-01,35321M67P10000,3.0,1.0513675212860107,1.9486324787139893
chronos_2_erratic_features_plus_external,erratic,2026-04-01,35321M68K21000,0.0,1.44771409034729,1.44771409034729
chronos_2_erratic_features_plus_external,erratic,2026-04-01,35321M74L01000,2.0,6.220150947570801,4.220150947570801
chronos_2_erratic_features_plus_external,erratic,2026-04-01,35321M76M50000,5.0,3.674645185470581,1.325354814529419
chronos_2_erratic_features_plus_external,erratic,2026-04-01,3550054P01000,1.0,0.33074188232421875,0.6692581176757812
chronos_2_erratic_features_plus_external,erratic,2026-04-01,35501M67P00000,0.0,0.003609776496887207,0.003609776496887207
chronos_2_erratic_features_plus_external,erratic,2026-04-01,3565064J21000,1.0,0.8475661277770996,0.1524338722229004
chronos_2_erratic_features_plus_external,erratic,2026-04-01,3565065J21000,1.0,1.403662919998169,0.40366291999816895
chronos_2_erratic_features_plus_external,erratic,2026-04-01,3565077R00000,1.0,1.8538024425506592,0.8538024425506592
chronos_2_erratic_features_plus_external,erratic,2026-04-01,3565079P00000,0.0,0.6024932265281677,0.6024932265281677
chronos_2_erratic_features_plus_external,erratic,2026-04-01,35650M53M00000,3.0,5.758060455322266,2.7580604553222656
chronos_2_erratic_features_plus_external,erratic,2026-04-01,35650M66L00000,0.0,0.4861123561859131,0.4861123561859131
chronos_2_erratic_features_plus_external,erratic,2026-04-01,35650M67P00000,3.0,0.4750683307647705,2.5249316692352295
chronos_2_erratic_features_plus_external,erratic,2026-04-01,35650M74L00000,5.0,10.29787826538086,5.297878265380859
chronos_2_erratic_features_plus_external,erratic,2026-04-01,35650M75T00000,3.0,4.888006687164307,1.8880066871643066
chronos_2_erratic_features_plus_external,erratic,2026-04-01,35651M68K00000,2.0,0.592930257320404,1.407069742679596
chronos_2_erratic_features_plus_external,erratic,2026-04-01,35651M75L00000,3.0,2.214874029159546,0.7851259708404541
chronos_2_erratic_features_plus_external,erratic,2026-04-01,35651M76M00000,0.0,1.4260975122451782,1.4260975122451782
chronos_2_erratic_features_plus_external,erratic,2026-04-01,3567060K00000,3.0,2.357097625732422,0.6429023742675781
chronos_2_erratic_features_plus_external,erratic,2026-04-01,3567061M10000,2.0,0.7242422103881836,1.2757577896118164
chronos_2_erratic_features_plus_external,erratic,2026-04-01,3567064J20000,1.0,1.2317354679107666,0.2317354679107666
chronos_2_erratic_features_plus_external,erratic,2026-04-01,3567071L00000,2.0,1.915481448173523,0.08451855182647705
chronos_2_erratic_features_plus_external,erratic,2026-04-01,3567079P00000,1.0,0.4070394039154053,0.5929605960845947
chronos_2_erratic_features_plus_external,erratic,2026-04-01,35670M74L00000,4.0,7.086297988891602,3.0862979888916016
chronos_2_erratic_features_plus_external,erratic,2026-04-01,35671M68K00000,2.0,2.7036099433898926,0.7036099433898926
chronos_2_erratic_features_plus_external,erratic,2026-04-01,35671M75L00000,3.0,1.943846344947815,1.056153655052185
chronos_2_erratic_features_plus_external,erratic,2026-04-01,35750M53M00000,6.0,2.910914897918701,3.089085102081299
chronos_2_erratic_features_plus_external,erratic,2026-04-01,35750M66L00000,2.0,0.8182315826416016,1.1817684173583984
chronos_2_erratic_features_plus_external,erratic,2026-04-01,35750M67P00000,2.0,2.527076244354248,0.527076244354248
chronos_2_erratic_features_plus_external,erratic,2026-04-01,35750M75T00000,9.0,1.674231767654419,7.325768232345581
chronos_2_erratic_features_plus_external,erratic,2026-04-01,3591075F12000,5.0,1.3658801317214966,3.6341198682785034
chronos_2_erratic_features_plus_external,erratic,2026-04-01,36250M74T15000,6.0,9.505815505981445,3.5058155059814453
chronos_2_erratic_features_plus_external,erratic,2026-04-01,3625479P01000,0.0,0.5431358218193054,0.5431358218193054
chronos_2_erratic_features_plus_external,erratic,2026-04-01,3625486R20000,0.0,1.5730894804000854,1.5730894804000854
chronos_2_erratic_features_plus_external,erratic,2026-04-01,36410M67K00000,6.0,3.016190767288208,2.983809232711792
chronos_2_erratic_features_plus_external,erratic,2026-04-01,38450M68K00000,1.0,0.9640966653823853,0.035903334617614746
chronos_2_erratic_features_plus_external,erratic,2026-04-01,38450M74L10000,4.0,0.8686896562576294,3.1313103437423706
chronos_2_erratic_features_plus_external,erratic,2026-04-01,38450M76M00000,2.0,1.585983395576477,0.41401660442352295
chronos_2_erratic_features_plus_external,erratic,2026-04-01,38453M75000000,8.0,0.24763178825378418,7.752368211746216
chronos_2_erratic_features_plus_external,erratic,2026-04-01,3925164J00000,0.0,1.4022425413131714,1.4022425413131714
chronos_2_erratic_features_plus_external,erratic,2026-04-01,3932152R00000,4.0,0.45289385318756104,3.547106146812439
chronos_2_erratic_features_plus_external,erratic,2026-04-01,39321M62S10000,1.0,0.10060691833496094,0.8993930816650391
chronos_2_erratic_features_plus_external,erratic,2026-04-01,3932252R00000,4.0,0.45289385318756104,3.547106146812439
chronos_2_erratic_features_plus_external,erratic,2026-04-01,41710M74L00000,5.0,1.1054258346557617,3.8945741653442383
chronos_2_erratic_features_plus_external,erratic,2026-04-01,4243163J10000,10.0,22.041831970214844,12.041831970214844
chronos_2_erratic_features_plus_external,erratic,2026-04-01,4321078R010BK,1.0,3.0677413940429688,2.0677413940429688
chronos_2_erratic_features_plus_external,erratic,2026-04-01,43210M55T5027N,4.0,5.908358097076416,1.908358097076416
chronos_2_erratic_features_plus_external,erratic,2026-04-01,43210M55T60QC8,6.0,9.876053810119629,3.876053810119629
chronos_2_erratic_features_plus_external,erratic,2026-04-01,43210M68P1009L,1.0,1.7884801626205444,0.7884801626205444
chronos_2_erratic_features_plus_external,erratic,2026-04-01,43210M68P60ZMQ,3.0,5.830611705780029,2.8306117057800293
chronos_2_erratic_features_plus_external,erratic,2026-04-01,43210M75T60QC8,10.0,1.8494824171066284,8.150517582893372
chronos_2_erratic_features_plus_external,erratic,2026-04-01,43210M79G5309L,7.0,4.65915060043335,2.3408493995666504
chronos_2_erratic_features_plus_external,erratic,2026-04-01,43250M62S0027N,7.0,11.633819580078125,4.633819580078125
chronos_2_erratic_features_plus_external,erratic,2026-04-01,43250M67K0027N,17.0,3.6522326469421387,13.347767353057861
chronos_2_erratic_features_plus_external,erratic,2026-04-01,43250M75T0027N,0.0,3.351425886154175,3.351425886154175
chronos_2_erratic_features_plus_external,erratic,2026-04-01,43250M81R1027N,7.0,1.123266577720642,5.876733422279358
chronos_2_erratic_features_plus_external,erratic,2026-04-01,43250M83P0027N,0.0,2.8659443855285645,2.8659443855285645
chronos_2_erratic_features_plus_external,erratic,2026-04-01,4325283S000PG,0.0,3.9050967693328857,3.9050967693328857
chronos_2_erratic_features_plus_external,erratic,2026-04-01,43252M67L00AQY,2.0,4.666520118713379,2.666520118713379
chronos_2_erratic_features_plus_external,erratic,2026-04-01,48150M68P10C48,0.0,0.664740264415741,0.664740264415741
chronos_2_erratic_features_plus_external,erratic,2026-04-01,5730065811000,4.0,0.17463397979736328,3.8253660202026367
chronos_2_erratic_features_plus_external,erratic,2026-04-01,57300M53M00000,3.0,1.0010262727737427,1.9989737272262573
chronos_2_erratic_features_plus_external,erratic,2026-04-01,57300M67P00000,4.0,0.8534412384033203,3.1465587615966797
chronos_2_erratic_features_plus_external,erratic,2026-04-01,57300M74L00000,0.0,8.14777946472168,8.14777946472168
chronos_2_erratic_features_plus_external,erratic,2026-04-01,57300M76M00000,0.0,4.748866558074951,4.748866558074951
chronos_2_erratic_features_plus_external,erratic,2026-04-01,57410M62S00000,1.0,2.567798614501953,1.5677986145019531
chronos_2_erratic_features_plus_external,erratic,2026-04-01,57410M74L00000,3.0,0.9436352252960205,2.0563647747039795
chronos_2_erratic_features_plus_external,erratic,2026-04-01,57410M76M00000,0.0,0.9721437096595764,0.9721437096595764
chronos_2_erratic_features_plus_external,erratic,2026-04-01,57410M79G00000,1.0,0.1575002670288086,0.8424997329711914
chronos_2_erratic_features_plus_external,erratic,2026-04-01,5742054P00000,1.0,0.46297699213027954,0.5370230078697205
chronos_2_erratic_features_plus_external,erratic,2026-04-01,57420M62S00000,3.0,1.9163304567337036,1.0836695432662964
chronos_2_erratic_features_plus_external,erratic,2026-04-01,57420M67P00000,1.0,0.26295846700668335,0.7370415329933167
chronos_2_erratic_features_plus_external,erratic,2026-04-01,57420M74L00000,3.0,0.5976148843765259,2.402385115623474
chronos_2_erratic_features_plus_external,erratic,2026-04-01,57420M76M00000,1.0,0.5693249106407166,0.43067508935928345
chronos_2_erratic_features_plus_external,erratic,2026-04-01,57420M79G00000,2.0,0.055921733379364014,1.944078266620636
chronos_2_erratic_features_plus_external,erratic,2026-04-01,5761065J10000,4.0,0.17259907722473145,3.8274009227752686
chronos_2_erratic_features_plus_external,erratic,2026-04-01,5761154P00000,1.0,0.683580756187439,0.31641924381256104
chronos_2_erratic_features_plus_external,erratic,2026-04-01,57611M53M00000,3.0,0.22258174419403076,2.7774182558059692
chronos_2_erratic_features_plus_external,erratic,2026-04-01,57611M55T00000,14.0,12.065427780151367,1.9345722198486328
chronos_2_erratic_features_plus_external,erratic,2026-04-01,57611M67P01000,3.0,0.562700629234314,2.437299370765686
chronos_2_erratic_features_plus_external,erratic,2026-04-01,57611M75T10000,3.0,3.3744635581970215,0.3744635581970215
chronos_2_erratic_features_plus_external,erratic,2026-04-01,5771065J10000,0.0,0.7111101150512695,0.7111101150512695
chronos_2_erratic_features_plus_external,erratic,2026-04-01,57711M53M00000,2.0,0.06732404232025146,1.9326759576797485
chronos_2_erratic_features_plus_external,erratic,2026-04-01,57711M67P01000,5.0,1.601422667503357,3.398577332496643
chronos_2_erratic_features_plus_external,erratic,2026-04-01,57711M68K10000,0.0,0.7813576459884644,0.7813576459884644
chronos_2_erratic_features_plus_external,erratic,2026-04-01,57711M71P00000,3.0,1.6526739597320557,1.3473260402679443
chronos_2_erratic_features_plus_external,erratic,2026-04-01,57711M75T10000,33.0,2.9834532737731934,30.016546726226807
chronos_2_erratic_features_plus_external,erratic,2026-04-01,57711M76M00000,6.0,4.5407023429870605,1.4592976570129395
chronos_2_erratic_features_plus_external,erratic,2026-04-01,58121M53M00000,2.0,0.897577166557312,1.102422833442688
chronos_2_erratic_features_plus_external,erratic,2026-04-01,58200M80T00000,3.0,0.4532768726348877,2.5467231273651123
chronos_2_erratic_features_plus_external,erratic,2026-04-01,5823052R00000,1.0,1.5773098468780518,0.5773098468780518
chronos_2_erratic_features_plus_external,erratic,2026-04-01,58230M53M00000,3.0,0.9537663459777832,2.046233654022217
chronos_2_erratic_features_plus_external,erratic,2026-04-01,58230M62S00000,2.0,1.0910851955413818,0.9089148044586182
chronos_2_erratic_features_plus_external,erratic,2026-04-01,58230M68K01000,2.0,0.9263508319854736,1.0736491680145264
chronos_2_erratic_features_plus_external,erratic,2026-04-01,5826077K00000,4.0,1.0629982948303223,2.9370017051696777
chronos_2_erratic_features_plus_external,erratic,2026-04-01,58270M68K00000,0.0,0.5978831052780151,0.5978831052780151
chronos_2_erratic_features_plus_external,erratic,2026-04-01,58270M75T00000,1.0,1.1023330688476562,0.10233306884765625
chronos_2_erratic_features_plus_external,erratic,2026-04-01,58270M76M01000,2.0,0.22765254974365234,1.7723474502563477
chronos_2_erratic_features_plus_external,erratic,2026-04-01,58280M68K00000,1.0,0.9539573192596436,0.046042680740356445
chronos_2_erratic_features_plus_external,erratic,2026-04-01,58811M78R00000,6.0,2.797316074371338,3.202683925628662
chronos_2_erratic_features_plus_external,erratic,2026-04-01,65500M55T10000,3.0,3.88057279586792,0.8805727958679199
chronos_2_erratic_features_plus_external,erratic,2026-04-01,65561M74L00000,3.0,1.084282398223877,1.915717601776123
chronos_2_erratic_features_plus_external,erratic,2026-04-01,68001M55T20000,4.0,3.9180359840393066,0.08196401596069336
chronos_2_erratic_features_plus_external,erratic,2026-04-01,68001M62S12000,1.0,0.2237762212753296,0.7762237787246704
chronos_2_erratic_features_plus_external,erratic,2026-04-01,68002M55T20000,5.0,5.01492977142334,0.014929771423339844
chronos_2_erratic_features_plus_external,erratic,2026-04-01,69100M53M00000,2.0,1.0700461864471436,0.9299538135528564
chronos_2_erratic_features_plus_external,erratic,2026-04-01,69100M67P10000,1.0,0.7359254360198975,0.26407456398010254
chronos_2_erratic_features_plus_external,erratic,2026-04-01,71079M74T00000,1.0,1.1120426654815674,0.11204266548156738
chronos_2_erratic_features_plus_external,erratic,2026-04-01,7171064R00ZQ4,6.0,3.6403679847717285,2.3596320152282715
chronos_2_erratic_features_plus_external,erratic,2026-04-01,7171154L10799,2.0,0.660297155380249,1.339702844619751
chronos_2_erratic_features_plus_external,erratic,2026-04-01,7171161P00799,1.0,0.9504088163375854,0.04959118366241455
chronos_2_erratic_features_plus_external,erratic,2026-04-01,7171178R015PK,3.0,4.742652416229248,1.742652416229248
chronos_2_erratic_features_plus_external,erratic,2026-04-01,7171179P00799,5.0,1.8851531744003296,3.1148468255996704
chronos_2_erratic_features_plus_external,erratic,2026-04-01,71711M53MA05PK,2.0,0.723893404006958,1.276106595993042
chronos_2_erratic_features_plus_external,erratic,2026-04-01,71711M53MA0799,3.0,0.13881009817123413,2.861189901828766
chronos_2_erratic_features_plus_external,erratic,2026-04-01,71711M53MB05PK,1.0,0.17470550537109375,0.8252944946289062
chronos_2_erratic_features_plus_external,erratic,2026-04-01,71711M56R00799,0.0,3.1800055503845215,3.1800055503845215
chronos_2_erratic_features_plus_external,erratic,2026-04-01,71711M62S005PK,11.0,9.036558151245117,1.9634418487548828
chronos_2_erratic_features_plus_external,erratic,2026-04-01,71711M66L005PK,1.0,0.5005838871002197,0.4994161128997803
chronos_2_erratic_features_plus_external,erratic,2026-04-01,71711M67P00799,2.0,0.1857062578201294,1.8142937421798706
chronos_2_erratic_features_plus_external,erratic,2026-04-01,71711M68K00799,0.0,4.001779079437256,4.001779079437256
chronos_2_erratic_features_plus_external,erratic,2026-04-01,71711M73T115PK,9.0,9.17924690246582,0.1792469024658203
chronos_2_erratic_features_plus_external,erratic,2026-04-01,71711M74L00799,2.0,1.6984959840774536,0.3015040159225464
chronos_2_erratic_features_plus_external,erratic,2026-04-01,71711M75L00799,0.0,1.7313979864120483,1.7313979864120483
chronos_2_erratic_features_plus_external,erratic,2026-04-01,71711M76M10799,4.0,0.518024206161499,3.481975793838501
chronos_2_erratic_features_plus_external,erratic,2026-04-01,71711M76T00N49,15.0,9.47775650024414,5.522243499755859
chronos_2_erratic_features_plus_external,erratic,2026-04-01,71711M79M00799,1.0,0.3619707226753235,0.6380292773246765
chronos_2_erratic_features_plus_external,erratic,2026-04-01,71712M54T00000,4.0,3.667141914367676,0.3328580856323242
chronos_2_erratic_features_plus_external,erratic,2026-04-01,71712M55T00000,4.0,4.275101661682129,0.2751016616821289
chronos_2_erratic_features_plus_external,erratic,2026-04-01,71712M56R00000,6.0,1.4647152423858643,4.535284757614136
chronos_2_erratic_features_plus_external,erratic,2026-04-01,71712M79M00000,1.0,3.368459701538086,2.368459701538086
chronos_2_erratic_features_plus_external,erratic,2026-04-01,71720M76M005PK,0.0,0.1742643117904663,0.1742643117904663
chronos_2_erratic_features_plus_external,erratic,2026-04-01,7172160K005PK,3.0,2.473334312438965,0.5266656875610352
chronos_2_erratic_features_plus_external,erratic,2026-04-01,7172161P005PK,3.0,2.651869773864746,0.3481302261352539
chronos_2_erratic_features_plus_external,erratic,2026-04-01,7172177MJ05PK,1.0,0.8478996753692627,0.1521003246307373
chronos_2_erratic_features_plus_external,erratic,2026-04-01,7172179P005PK,3.0,1.1051312685012817,1.8948687314987183
chronos_2_erratic_features_plus_external,erratic,2026-04-01,7172186R105PK,0.0,1.840193748474121,1.840193748474121
chronos_2_erratic_features_plus_external,erratic,2026-04-01,71721M56R005PK,3.0,1.9792128801345825,1.0207871198654175
chronos_2_erratic_features_plus_external,erratic,2026-04-01,71721M60MA05PK,1.0,1.8885993957519531,0.8885993957519531
chronos_2_erratic_features_plus_external,erratic,2026-04-01,71721M74T005PK,18.0,9.563175201416016,8.436824798583984
chronos_2_erratic_features_plus_external,erratic,2026-04-01,71721M75L005PK,1.0,0.13622748851776123,0.8637725114822388
chronos_2_erratic_features_plus_external,erratic,2026-04-01,71721M75T005PK,34.0,2.1825857162475586,31.81741428375244
chronos_2_erratic_features_plus_external,erratic,2026-04-01,71721M78R005PK,9.0,2.973806858062744,6.026193141937256
chronos_2_erratic_features_plus_external,erratic,2026-04-01,71721M84P005PK,0.0,1.0807278156280518,1.0807278156280518
chronos_2_erratic_features_plus_external,erratic,2026-04-01,7173154GA0000,0.0,0.44916439056396484,0.44916439056396484
chronos_2_erratic_features_plus_external,erratic,2026-04-01,7173163J20000,1.0,1.161709189414978,0.16170918941497803
chronos_2_erratic_features_plus_external,erratic,2026-04-01,7173171L00000,5.0,2.1381430625915527,2.8618569374084473
chronos_2_erratic_features_plus_external,erratic,2026-04-01,71731M53M00000,2.0,2.487351894378662,0.4873518943786621
chronos_2_erratic_features_plus_external,erratic,2026-04-01,71731M53MB0000,7.0,3.8856983184814453,3.1143016815185547
chronos_2_erratic_features_plus_external,erratic,2026-04-01,71731M66L005PK,0.0,1.6376256942749023,1.6376256942749023
chronos_2_erratic_features_plus_external,erratic,2026-04-01,71731M67P00000,2.0,0.7941551208496094,1.2058448791503906
chronos_2_erratic_features_plus_external,erratic,2026-04-01,71731M68K00000,0.0,3.6777920722961426,3.6777920722961426
chronos_2_erratic_features_plus_external,erratic,2026-04-01,7173262R00000,3.0,1.484008550643921,1.515991449356079
chronos_2_erratic_features_plus_external,erratic,2026-04-01,7173263J20000,1.0,0.8023091554641724,0.19769084453582764
chronos_2_erratic_features_plus_external,erratic,2026-04-01,7173271L00000,1.0,4.619103908538818,3.6191039085388184
chronos_2_erratic_features_plus_external,erratic,2026-04-01,71732M53M00000,2.0,1.4188367128372192,0.5811632871627808
chronos_2_erratic_features_plus_external,erratic,2026-04-01,71732M66L005PK,0.0,1.4410181045532227,1.4410181045532227
chronos_2_erratic_features_plus_external,erratic,2026-04-01,71732M67P00000,4.0,0.4673192501068115,3.5326807498931885
chronos_2_erratic_features_plus_external,erratic,2026-04-01,71732M68K00000,1.0,3.706202983856201,2.706202983856201
chronos_2_erratic_features_plus_external,erratic,2026-04-01,71732M74T00000,0.0,4.054778099060059,4.054778099060059
chronos_2_erratic_features_plus_external,erratic,2026-04-01,71733M55T00000,18.0,9.091890335083008,8.908109664916992
chronos_2_erratic_features_plus_external,erratic,2026-04-01,71733M74L00000,1.0,0.39805465936660767,0.6019453406333923
chronos_2_erratic_features_plus_external,erratic,2026-04-01,71734M55T00000,7.0,11.743317604064941,4.743317604064941
chronos_2_erratic_features_plus_external,erratic,2026-04-01,71734M68L00000,0.0,1.2381591796875,1.2381591796875
chronos_2_erratic_features_plus_external,erratic,2026-04-01,71734M74T00000,2.0,1.3265937566757202,0.6734062433242798
chronos_2_erratic_features_plus_external,erratic,2026-04-01,7174054L10D2W,1.0,0.5707692503929138,0.4292307496070862
chronos_2_erratic_features_plus_external,erratic,2026-04-01,7174073R10CUG,4.0,0.28485167026519775,3.7151483297348022
chronos_2_erratic_features_plus_external,erratic,2026-04-01,7174079P00C48,5.0,0.7977531552314758,4.202246844768524
chronos_2_erratic_features_plus_external,erratic,2026-04-01,7174079S00C48,8.0,4.222039222717285,3.777960777282715
chronos_2_erratic_features_plus_external,erratic,2026-04-01,71740M55T10C48,19.0,17.808067321777344,1.1919326782226562
chronos_2_erratic_features_plus_external,erratic,2026-04-01,71740M56R00C48,0.0,2.658616304397583,2.658616304397583
chronos_2_erratic_features_plus_external,erratic,2026-04-01,71740M68T00C48,28.0,26.82569694519043,1.1743030548095703
chronos_2_erratic_features_plus_external,erratic,2026-04-01,71740M76MA0C48,12.0,12.446871757507324,0.4468717575073242
chronos_2_erratic_features_plus_external,erratic,2026-04-01,71740M76T10KDJ,3.0,4.85866117477417,1.85866117477417
chronos_2_erratic_features_plus_external,erratic,2026-04-01,71740M81R00C48,2.0,3.1071019172668457,1.1071019172668457
chronos_2_erratic_features_plus_external,erratic,2026-04-01,7174160P005PK,1.0,2.1961216926574707,1.1961216926574707
chronos_2_erratic_features_plus_external,erratic,2026-04-01,71741M53M005PK,7.0,0.8918454647064209,6.108154535293579
chronos_2_erratic_features_plus_external,erratic,2026-04-01,71741M53MA05PK,2.0,2.117729902267456,0.11772990226745605
chronos_2_erratic_features_plus_external,erratic,2026-04-01,71741M74L005PK,1.0,0.12670469284057617,0.8732953071594238
chronos_2_erratic_features_plus_external,erratic,2026-04-01,71741M75L005PK,0.0,0.10481953620910645,0.10481953620910645
chronos_2_erratic_features_plus_external,erratic,2026-04-01,71741M75T00W9K,3.0,0.753387451171875,2.246612548828125
chronos_2_erratic_features_plus_external,erratic,2026-04-01,71741M76M105PK,2.0,1.9232885837554932,0.07671141624450684
chronos_2_erratic_features_plus_external,erratic,2026-04-01,71741M83P005PK,4.0,7.171302795410156,3.1713027954101562
chronos_2_erratic_features_plus_external,erratic,2026-04-01,71743M76M100PG,1.0,0.684015154838562,0.315984845161438
chronos_2_erratic_features_plus_external,erratic,2026-04-01,71744M76M100PG,1.0,0.7249387502670288,0.2750612497329712
chronos_2_erratic_features_plus_external,erratic,2026-04-01,71745M75T10000,3.0,2.045841693878174,0.9541583061218262
chronos_2_erratic_features_plus_external,erratic,2026-04-01,7175172S205PK,2.0,1.3077054023742676,0.6922945976257324
chronos_2_erratic_features_plus_external,erratic,2026-04-01,7175186R000PG,6.0,4.1933817863464355,1.8066182136535645
chronos_2_erratic_features_plus_external,erratic,2026-04-01,71751M67P105PK,1.0,1.4160895347595215,0.4160895347595215
chronos_2_erratic_features_plus_external,erratic,2026-04-01,71751M83P105PK,0.0,3.829641580581665,3.829641580581665
chronos_2_erratic_features_plus_external,erratic,2026-04-01,71752M54T100PG,4.0,3.1036250591278076,0.8963749408721924
chronos_2_erratic_features_plus_external,erratic,2026-04-01,71752M83P00PWJ,0.0,1.3242323398590088,1.3242323398590088
chronos_2_erratic_features_plus_external,erratic,2026-04-01,7176179P105PK,1.0,1.0578100681304932,0.057810068130493164
chronos_2_erratic_features_plus_external,erratic,2026-04-01,71761M52R105PK,3.0,5.217940330505371,2.217940330505371
chronos_2_erratic_features_plus_external,erratic,2026-04-01,71761M67P105PK,4.0,1.7436447143554688,2.2563552856445312
chronos_2_erratic_features_plus_external,erratic,2026-04-01,71761M68K105PK,1.0,0.9847692251205444,0.015230774879455566
chronos_2_erratic_features_plus_external,erratic,2026-04-01,71761M74T20ZAM,2.0,6.664178848266602,4.664178848266602
chronos_2_erratic_features_plus_external,erratic,2026-04-01,71761M76MB0Z2S,4.0,1.3768388032913208,2.623161196708679
chronos_2_erratic_features_plus_external,erratic,2026-04-01,71761M76MB0ZHJ,2.0,1.1240284442901611,0.8759715557098389
chronos_2_erratic_features_plus_external,erratic,2026-04-01,71762M54T100PG,2.0,2.2192912101745605,0.21929121017456055
chronos_2_erratic_features_plus_external,erratic,2026-04-01,7177164R005PK,0.0,2.779308795928955,2.779308795928955
chronos_2_erratic_features_plus_external,erratic,2026-04-01,7177171L00000,1.0,0.7697994112968445,0.23020058870315552
chronos_2_erratic_features_plus_external,erratic,2026-04-01,7177186R000PG,0.0,1.9486379623413086,1.9486379623413086
chronos_2_erratic_features_plus_external,erratic,2026-04-01,71771M55T00000,14.0,15.466852188110352,1.4668521881103516
chronos_2_erratic_features_plus_external,erratic,2026-04-01,71771M56R100PG,7.0,5.7163004875183105,1.2836995124816895
chronos_2_erratic_features_plus_external,erratic,2026-04-01,71771M76T00PER,4.0,5.4350972175598145,1.4350972175598145
chronos_2_erratic_features_plus_external,erratic,2026-04-01,71772M55T00000,4.0,7.406464099884033,3.406464099884033
chronos_2_erratic_features_plus_external,erratic,2026-04-01,71782M56R100PG,2.0,1.527714490890503,0.47228550910949707
chronos_2_erratic_features_plus_external,erratic,2026-04-01,71782M66L00000,0.0,0.9468339681625366,0.9468339681625366
chronos_2_erratic_features_plus_external,erratic,2026-04-01,71782M75T00000,4.0,1.04960298538208,2.95039701461792
chronos_2_erratic_features_plus_external,erratic,2026-04-01,7181179P00799,4.0,1.770045518875122,2.229954481124878
chronos_2_erratic_features_plus_external,erratic,2026-04-01,71811M53M00799,2.0,1.5331920385360718,0.4668079614639282
chronos_2_erratic_features_plus_external,erratic,2026-04-01,71811M56R00799,0.0,1.7321257591247559,1.7321257591247559
chronos_2_erratic_features_plus_external,erratic,2026-04-01,71811M56R10799,2.0,0.8039320707321167,1.1960679292678833
chronos_2_erratic_features_plus_external,erratic,2026-04-01,71811M66L005PK,2.0,0.07394015789031982,1.9260598421096802
chronos_2_erratic_features_plus_external,erratic,2026-04-01,71811M67P01799,0.0,0.24998068809509277,0.24998068809509277
chronos_2_erratic_features_plus_external,erratic,2026-04-01,71811M68K00799,1.0,1.6297508478164673,0.6297508478164673
chronos_2_erratic_features_plus_external,erratic,2026-04-01,71811M68P00799,3.0,2.361783742904663,0.6382162570953369
chronos_2_erratic_features_plus_external,erratic,2026-04-01,71811M74T00799,12.0,5.577701568603516,6.422298431396484
chronos_2_erratic_features_plus_external,erratic,2026-04-01,71811M75L00799,1.0,0.04279822111129761,0.9572017788887024
chronos_2_erratic_features_plus_external,erratic,2026-04-01,71811M75T00799,5.0,5.853385925292969,0.8533859252929688
chronos_2_erratic_features_plus_external,erratic,2026-04-01,71811M76M00799,1.0,0.5027143955230713,0.4972856044769287
chronos_2_erratic_features_plus_external,erratic,2026-04-01,71811M80T105PK,8.0,0.9712631702423096,7.02873682975769
chronos_2_erratic_features_plus_external,erratic,2026-04-01,7181365L00000,4.0,2.407224178314209,1.592775821685791
chronos_2_erratic_features_plus_external,erratic,2026-04-01,7182173K10000,3.0,1.9691054821014404,1.0308945178985596
chronos_2_erratic_features_plus_external,erratic,2026-04-01,7182179P00000,2.0,2.0999996662139893,0.09999966621398926
chronos_2_erratic_features_plus_external,erratic,2026-04-01,71821M68K00000,5.0,2.6440417766571045,2.3559582233428955
chronos_2_erratic_features_plus_external,erratic,2026-04-01,71821M75T00000,5.0,2.9958913326263428,2.0041086673736572
chronos_2_erratic_features_plus_external,erratic,2026-04-01,71821M79M00000,1.0,0.76578688621521,0.23421311378479004
chronos_2_erratic_features_plus_external,erratic,2026-04-01,7182273K10000,4.0,2.0123226642608643,1.9876773357391357
chronos_2_erratic_features_plus_external,erratic,2026-04-01,7182279P00000,1.0,0.6916601657867432,0.30833983421325684
chronos_2_erratic_features_plus_external,erratic,2026-04-01,7182280J00000,0.0,1.5593304634094238,1.5593304634094238
chronos_2_erratic_features_plus_external,erratic,2026-04-01,71822M55T00000,11.0,13.460366249084473,2.4603662490844727
chronos_2_erratic_features_plus_external,erratic,2026-04-01,71822M68K00000,5.0,3.579350709915161,1.4206492900848389
chronos_2_erratic_features_plus_external,erratic,2026-04-01,71822M75T00000,8.0,3.8708977699279785,4.1291022300720215
chronos_2_erratic_features_plus_external,erratic,2026-04-01,71822M79M00000,1.0,3.6277244091033936,2.6277244091033936
chronos_2_erratic_features_plus_external,erratic,2026-04-01,71823M68L00000,0.0,2.435854196548462,2.435854196548462
chronos_2_erratic_features_plus_external,erratic,2026-04-01,7187186R000BK,1.0,2.7029054164886475,1.7029054164886475
chronos_2_erratic_features_plus_external,erratic,2026-04-01,72310M68K00000,0.0,2.3856329917907715,2.3856329917907715
chronos_2_erratic_features_plus_external,erratic,2026-04-01,72312M55R00000,7.0,5.096639633178711,1.903360366821289
chronos_2_erratic_features_plus_external,erratic,2026-04-01,72312M68K00000,4.0,5.242547988891602,1.2425479888916016
chronos_2_erratic_features_plus_external,erratic,2026-04-01,7232154P00000,0.0,2.023432493209839,2.023432493209839
chronos_2_erratic_features_plus_external,erratic,2026-04-01,7232171L00000,3.0,1.9664639234542847,1.0335360765457153
chronos_2_erratic_features_plus_external,erratic,2026-04-01,72321M53M00000,2.0,2.909503936767578,0.9095039367675781
chronos_2_erratic_features_plus_external,erratic,2026-04-01,72321M68K00000,3.0,3.051790475845337,0.051790475845336914
chronos_2_erratic_features_plus_external,erratic,2026-04-01,72321M74L00000,5.0,9.248373985290527,4.248373985290527
chronos_2_erratic_features_plus_external,erratic,2026-04-01,72321M76M01000,2.0,1.0913841724395752,0.9086158275604248
chronos_2_erratic_features_plus_external,erratic,2026-04-01,7232271L00000,2.0,1.716308355331421,0.2836916446685791
chronos_2_erratic_features_plus_external,erratic,2026-04-01,72322M53M00000,5.0,1.4505465030670166,3.5494534969329834
chronos_2_erratic_features_plus_external,erratic,2026-04-01,72322M68K00000,0.0,2.2305996417999268,2.2305996417999268
chronos_2_erratic_features_plus_external,erratic,2026-04-01,72322M74L00000,5.0,7.892845630645752,2.892845630645752
chronos_2_erratic_features_plus_external,erratic,2026-04-01,72322M76M01000,1.0,3.9653565883636475,2.9653565883636475
chronos_2_erratic_features_plus_external,erratic,2026-04-01,72371M74L105PK,1.0,0.3411470055580139,0.6588529944419861
chronos_2_erratic_features_plus_external,erratic,2026-04-01,72380M62S01000,3.0,2.679044008255005,0.3209559917449951
chronos_2_erratic_features_plus_external,erratic,2026-04-01,72398M68K00000,0.0,2.115746021270752,2.115746021270752
chronos_2_erratic_features_plus_external,erratic,2026-04-01,72411M74L10000,3.0,0.565168559551239,2.434831440448761
chronos_2_erratic_features_plus_external,erratic,2026-04-01,72420M80T00000,4.0,1.0878770351409912,2.912122964859009
chronos_2_erratic_features_plus_external,erratic,2026-04-01,7242252R00000,1.0,1.0544778108596802,0.054477810859680176
chronos_2_erratic_features_plus_external,erratic,2026-04-01,72431M68L00000,0.0,1.4184874296188354,1.4184874296188354
chronos_2_erratic_features_plus_external,erratic,2026-04-01,72433M56R00000,0.0,1.1781116724014282,1.1781116724014282
chronos_2_erratic_features_plus_external,erratic,2026-04-01,72437M68L00000,1.0,1.161131739616394,0.16113173961639404
chronos_2_erratic_features_plus_external,erratic,2026-04-01,7248265J00000,1.0,3.855961561203003,2.855961561203003
chronos_2_erratic_features_plus_external,erratic,2026-04-01,7282165J00Z2S,1.0,2.3245744705200195,1.3245744705200195
chronos_2_erratic_features_plus_external,erratic,2026-04-01,73110M68P50ZCA,1.0,1.0631996393203735,0.06319963932037354
chronos_2_erratic_features_plus_external,erratic,2026-04-01,7343061J00P4Z,0.0,3.5157687664031982,3.5157687664031982
chronos_2_erratic_features_plus_external,erratic,2026-04-01,73430M75J00P4Z,1.0,1.7604609727859497,0.7604609727859497
chronos_2_erratic_features_plus_external,erratic,2026-04-01,73821M62S205PK,1.0,0.01369929313659668,0.9863007068634033
chronos_2_erratic_features_plus_external,erratic,2026-04-01,73821M67P305PK,0.0,0.9476509094238281,0.9476509094238281
chronos_2_erratic_features_plus_external,erratic,2026-04-01,73831M68P005PK,3.0,0.4318962097167969,2.568103790283203
chronos_2_erratic_features_plus_external,erratic,2026-04-01,74120M66L10000,0.0,0.8791438341140747,0.8791438341140747
chronos_2_erratic_features_plus_external,erratic,2026-04-01,74461M79M005PK,5.0,3.6076669692993164,1.3923330307006836
chronos_2_erratic_features_plus_external,erratic,2026-04-01,7619171L005PK,1.0,0.21746093034744263,0.7825390696525574
chronos_2_erratic_features_plus_external,erratic,2026-04-01,7619254P005PK,0.0,2.494518756866455,2.494518756866455
chronos_2_erratic_features_plus_external,erratic,2026-04-01,76520M68P10000,0.0,2.019061803817749,2.019061803817749
chronos_2_erratic_features_plus_external,erratic,2026-04-01,76520M74K01000,3.0,0.8383184671401978,2.1616815328598022
chronos_2_erratic_features_plus_external,erratic,2026-04-01,77161M68P00000,1.0,1.153483271598816,0.15348327159881592
chronos_2_erratic_features_plus_external,erratic,2026-04-01,77210M74T005PK,7.0,5.349190711975098,1.6508092880249023
chronos_2_erratic_features_plus_external,erratic,2026-04-01,7726054P005PK,1.0,0.7265490293502808,0.27345097064971924
chronos_2_erratic_features_plus_external,erratic,2026-04-01,7733061M01000,1.0,4.269455909729004,3.269455909729004
chronos_2_erratic_features_plus_external,erratic,2026-04-01,77330M81R00000,16.0,6.286459445953369,9.71354055404663
chronos_2_erratic_features_plus_external,erratic,2026-04-01,7781158J000PG,2.0,0.5970381498336792,1.4029618501663208
chronos_2_erratic_features_plus_external,erratic,2026-04-01,77811M58J000PG,3.0,2.185685157775879,0.8143148422241211
chronos_2_erratic_features_plus_external,erratic,2026-04-01,77811M63T000PG,0.0,1.8495323657989502,1.8495323657989502
chronos_2_erratic_features_plus_external,erratic,2026-04-01,7783154GB00PG,1.0,1.6463288068771362,0.6463288068771362
chronos_2_erratic_features_plus_external,erratic,2026-04-01,77831M68L000PG,3.0,3.8894495964050293,0.8894495964050293
chronos_2_erratic_features_plus_external,erratic,2026-04-01,77851M54G000PG,1.0,0.5502679347991943,0.44973206520080566
chronos_2_erratic_features_plus_external,erratic,2026-04-01,8185061J01000,0.0,0.9763213992118835,0.9763213992118835
chronos_2_erratic_features_plus_external,erratic,2026-04-01,81850M68K00000,3.0,1.6885818243026733,1.3114181756973267
chronos_2_erratic_features_plus_external,erratic,2026-04-01,81850M68P10000,2.0,2.168790817260742,0.1687908172607422
chronos_2_erratic_features_plus_external,erratic,2026-04-01,8186061J01000,0.0,0.9763213992118835,0.9763213992118835
chronos_2_erratic_features_plus_external,erratic,2026-04-01,81860M68K00000,3.0,1.0959489345550537,1.9040510654449463
chronos_2_erratic_features_plus_external,erratic,2026-04-01,81860M79G20000,1.0,1.1355632543563843,0.13556325435638428
chronos_2_erratic_features_plus_external,erratic,2026-04-01,8212177K00000,0.0,0.7003597021102905,0.7003597021102905
chronos_2_erratic_features_plus_external,erratic,2026-04-01,82801M66L015PK,13.0,1.538874864578247,11.461125135421753
chronos_2_erratic_features_plus_external,erratic,2026-04-01,82801M68K005PK,1.0,1.5024021863937378,0.5024021863937378
chronos_2_erratic_features_plus_external,erratic,2026-04-01,82802M66L015PK,21.0,14.39449405670166,6.60550594329834
chronos_2_erratic_features_plus_external,erratic,2026-04-01,82802M68K5026U,7.0,9.185274124145508,2.185274124145508
chronos_2_erratic_features_plus_external,erratic,2026-04-01,82802M81A605PK,8.0,13.273117065429688,5.2731170654296875
chronos_2_erratic_features_plus_external,erratic,2026-04-01,82850M76M005PK,9.0,3.393123149871826,5.606876850128174
chronos_2_erratic_features_plus_external,erratic,2026-04-01,8392152R010CE,1.0,0.8914127349853516,0.10858726501464844
chronos_2_erratic_features_plus_external,erratic,2026-04-01,83921M68P000CB,4.0,1.4389817714691162,2.561018228530884
chronos_2_erratic_features_plus_external,erratic,2026-04-01,83922M55T000CB,3.0,3.9485161304473877,0.9485161304473877
chronos_2_erratic_features_plus_external,erratic,2026-04-01,8392352R020CE,2.0,1.3384580612182617,0.6615419387817383
chronos_2_erratic_features_plus_external,erratic,2026-04-01,83923M68P000CB,4.0,1.3490318059921265,2.6509681940078735
chronos_2_erratic_features_plus_external,erratic,2026-04-01,83924M55T000CB,5.0,4.109034538269043,0.890965461730957
chronos_2_erratic_features_plus_external,erratic,2026-04-01,83924M62S000CB,0.0,1.4956121444702148,1.4956121444702148
chronos_2_erratic_features_plus_external,erratic,2026-04-01,83924M68P100CB,3.0,2.777772903442383,0.2222270965576172
chronos_2_erratic_features_plus_external,erratic,2026-04-01,83926M68P000CB,2.0,0.7236697673797607,1.2763302326202393
chronos_2_erratic_features_plus_external,erratic,2026-04-01,8393061J005PK,1.0,1.5694152116775513,0.5694152116775513
chronos_2_erratic_features_plus_external,erratic,2026-04-01,83932M68P000CB,3.0,0.7469984292984009,2.253001570701599
chronos_2_erratic_features_plus_external,erratic,2026-04-01,83940M68P100PG,1.0,1.0425965785980225,0.04259657859802246
chronos_2_erratic_features_plus_external,erratic,2026-04-01,83940M74L10000,1.0,1.189495325088501,0.18949532508850098
chronos_2_erratic_features_plus_external,erratic,2026-04-01,83970M68P00000,0.0,1.4141885042190552,1.4141885042190552
chronos_2_erratic_features_plus_external,erratic,2026-04-01,84051M55T01000,2.0,5.003593444824219,3.0035934448242188
chronos_2_erratic_features_plus_external,erratic,2026-04-01,84051M55T11000,2.0,6.047924041748047,4.047924041748047
chronos_2_erratic_features_plus_external,erratic,2026-04-01,8450152R02000,6.0,2.1237828731536865,3.8762171268463135
chronos_2_erratic_features_plus_external,erratic,2026-04-01,84501M55T00000,1.0,0.7525094151496887,0.24749058485031128
chronos_2_erratic_features_plus_external,erratic,2026-04-01,84501M68P00000,1.0,1.387366533279419,0.38736653327941895
chronos_2_erratic_features_plus_external,erratic,2026-04-01,84502M68P00000,2.0,1.0589599609375,0.9410400390625
chronos_2_erratic_features_plus_external,erratic,2026-04-01,84510M74L01000,1.0,1.114217758178711,0.11421775817871094
chronos_2_erratic_features_plus_external,erratic,2026-04-01,84511M75T10000,2.0,3.3714277744293213,1.3714277744293213
chronos_2_erratic_features_plus_external,erratic,2026-04-01,84511M76M10000,0.0,0.22613385319709778,0.22613385319709778
chronos_2_erratic_features_plus_external,erratic,2026-04-01,8470171LVAZMT,2.0,2.49643611907959,0.49643611907958984
chronos_2_erratic_features_plus_external,erratic,2026-04-01,84701M53M205PK,0.0,2.287393808364868,2.287393808364868
chronos_2_erratic_features_plus_external,erratic,2026-04-01,84701M55TB0ZHJ,3.0,4.816878795623779,1.8168787956237793
chronos_2_erratic_features_plus_external,erratic,2026-04-01,84701M68P31ZHJ,1.0,0.3682565689086914,0.6317434310913086
chronos_2_erratic_features_plus_external,erratic,2026-04-01,84701M68P515PK,2.0,2.3974244594573975,0.39742445945739746
chronos_2_erratic_features_plus_external,erratic,2026-04-01,84701M74LC15PK,1.0,0.5529559254646301,0.4470440745353699
chronos_2_erratic_features_plus_external,erratic,2026-04-01,8470261J025PK,2.0,2.1339075565338135,0.13390755653381348
chronos_2_erratic_features_plus_external,erratic,2026-04-01,84702M53M205PK,1.0,2.234431028366089,1.2344310283660889
chronos_2_erratic_features_plus_external,erratic,2026-04-01,84702M55TB0ZHJ,0.0,2.9773764610290527,2.9773764610290527
chronos_2_erratic_features_plus_external,erratic,2026-04-01,84702M56R92ZHJ,0.0,0.9200434684753418,0.9200434684753418
chronos_2_erratic_features_plus_external,erratic,2026-04-01,84702M62S20Z4Q,6.0,2.589043617248535,3.410956382751465
chronos_2_erratic_features_plus_external,erratic,2026-04-01,84702M68P31ZHJ,4.0,0.5550939440727234,3.4449060559272766
chronos_2_erratic_features_plus_external,erratic,2026-04-01,84702M68P515PK,3.0,0.6691954135894775,2.3308045864105225
chronos_2_erratic_features_plus_external,erratic,2026-04-01,84702M74LC15PK,0.0,0.009592533111572266,0.009592533111572266
chronos_2_erratic_features_plus_external,erratic,2026-04-01,84702M79G30000,3.0,0.0039092302322387695,2.9960907697677612
chronos_2_erratic_features_plus_external,erratic,2026-04-01,84703M79M02000,6.0,8.322290420532227,2.3222904205322266
chronos_2_erratic_features_plus_external,erratic,2026-04-01,8471852R20ZVR,3.0,1.4082391262054443,1.5917608737945557
chronos_2_erratic_features_plus_external,erratic,2026-04-01,8472852R20ZVR,2.0,0.8902033567428589,1.1097966432571411
chronos_2_erratic_features_plus_external,erratic,2026-04-01,8472865J00Z2S,1.0,1.0054373741149902,0.005437374114990234
chronos_2_erratic_features_plus_external,erratic,2026-04-01,8472880J00Z2S,0.0,1.790212869644165,1.790212869644165
chronos_2_erratic_features_plus_external,erratic,2026-04-01,84730M67P10000,1.0,0.0,1.0
chronos_2_erratic_features_plus_external,erratic,2026-04-01,84730M74LC0000,0.0,1.961284875869751,1.961284875869751
chronos_2_erratic_features_plus_external,erratic,2026-04-01,84730M79M00000,0.0,4.478362560272217,4.478362560272217
chronos_2_erratic_features_plus_external,erratic,2026-04-01,8474061M00000,0.0,0.49367761611938477,0.49367761611938477
chronos_2_erratic_features_plus_external,erratic,2026-04-01,8474065J00000,4.0,0.8670756220817566,3.1329243779182434
chronos_2_erratic_features_plus_external,erratic,2026-04-01,84740M67P10000,0.0,0.0,0.0
chronos_2_erratic_features_plus_external,erratic,2026-04-01,84740M74LC0000,0.0,1.7200355529785156,1.7200355529785156
chronos_2_erratic_features_plus_external,erratic,2026-04-01,84740M74LE0000,1.0,0.10689622163772583,0.8931037783622742
chronos_2_erratic_features_plus_external,erratic,2026-04-01,84740M76M00000,6.0,0.6084671020507812,5.391532897949219
chronos_2_erratic_features_plus_external,erratic,2026-04-01,84740M79M00000,3.0,1.232466220855713,1.767533779144287
chronos_2_erratic_features_plus_external,erratic,2026-04-01,84920M68PB1BHE,1.0,0.3411599397659302,0.6588400602340698
chronos_2_erratic_features_plus_external,erratic,2026-04-01,84940M68PC1BHE,1.0,0.3150237798690796,0.6849762201309204
chronos_2_erratic_features_plus_external,erratic,2026-04-01,95130M68K00000,1.0,0.37703970074653625,0.6229602992534637
chronos_2_erratic_features_plus_external,erratic,2026-04-01,95310M53T00000,6.0,6.484274387359619,0.48427438735961914
chronos_2_erratic_features_plus_external,erratic,2026-04-01,95310M55T00000,11.0,4.119787693023682,6.880212306976318
chronos_2_erratic_features_plus_external,erratic,2026-04-01,95310M76M00000,3.0,2.2340199947357178,0.7659800052642822
