model_key,model,valid_sku_count,median_sku_rolling_wmape,p75_sku_rolling_wmape,under_70_skus,under_100_skus,portfolio_horizon_wmape,actual_total,forecast_total,bias_pct,selection_objective
xgb_d3_sqrt_log,XGB depth3 sqrt-weight log-size,642,100.0,113.97723934534704,8,110,108.44122455098105,9111.0,5800.724979430437,-36.33272989320122,98.64793994816475
xgb_d2_sqrt_tweedie,XGB depth2 sqrt-weight Tweedie-size,642,100.0,122.04867639102869,10,98,114.80821617092394,9111.0,7287.92714419961,-20.009580241470644,98.73274348135479
xgb_d2_long_sqrt_log,XGB depth2 long sqrt-weight log-size,642,100.0,117.41241504433295,8,109,110.21146572404237,9111.0,6037.175589859486,-33.73750861750098,99.28738798520462
xgb_d2_none_log,XGB depth2 unweighted log-size,642,100.0,115.93447712307074,7,100,110.0806672350529,9111.0,5901.976588875055,-35.22141818817852,99.34725755482195
xgb_d2_full_log,XGB depth2 full-weight log-size,642,100.0,117.071711359886,7,103,110.54638045939221,9111.0,6037.946244776249,-33.729050106725396,99.368345161753
development_selected_per_sku,Development-selected model per SKU,642,100.0,118.24992186568603,7,112,109.8214655823457,9111.0,5972.600473999977,-34.44626853254333,99.41648493261343
xgb_d2_sqrt_log,XGB depth2 sqrt-weight log-size,642,100.0,116.96457488338153,8,101,110.52860551333927,9111.0,6007.026687592268,-34.06841523880729,99.42152186657458
xgb_d1_sqrt_log,XGB depth1 sqrt-weight log-size,642,100.0,122.30381377662222,7,121,115.40229318105564,9111.0,7037.998590886593,-22.75273196261011,99.62585403050288
all_zero,All-zero baseline,642,100.0,100.0,0,0,100.0,9111.0,0.0,-100.0,107.5
