policy,all_sku_count,valid_positive_sku_count,under_50_skus,under_70_skus,under_100_skus,under_50_share,under_70_share,median_sku_block_wmape,p75_sku_block_wmape,median_sku_block_mase,portfolio_block_wmape,actual_total,forecast_total,bias_pct
frequency_champion,650,602,53,164,348,0.08803986710963455,0.2724252491694352,88.17466534083874,160.52600268006282,0.48924731182795705,99.80484065115829,8336.0,6148.249287940098,-26.244610269432606
sku_global_blend_50,650,602,51,163,352,0.08471760797342193,0.2707641196013289,89.71350391006513,142.09601413458586,0.4161791748860303,95.30222038712799,8336.0,6070.689394607727,-27.17503125470577
strategy_tier_champion,650,602,51,161,350,0.08471760797342193,0.26744186046511625,89.10480918792578,155.65142863326602,0.4690796641203074,99.40949363443318,8336.0,6023.7517534524195,-27.738102765685944
sku_global_blend_75,650,602,51,155,345,0.08471760797342193,0.2574750830564784,91.99787675850578,146.0931190289557,0.42328178220325047,100.46030548474565,8336.0,6707.075453996038,-19.540841482773054
hierarchical_50,650,602,46,156,344,0.07641196013289037,0.2591362126245847,88.31127004728506,134.52846159537634,0.40309693628833404,92.268693052569,8336.0,5178.257637402472,-37.8807864994905
hierarchical_75,650,602,44,153,331,0.07308970099667775,0.2541528239202658,90.69119157170877,142.76832088828087,0.4173985508041106,97.29785284311437,8336.0,6144.963520384377,-26.2840268667901
sku_only,650,602,44,151,315,0.07308970099667775,0.25083056478405313,96.84772171356059,136.57325155533738,0.434731645619168,106.39241307979222,8336.0,7343.461513384351,-11.906651710840322
